Date,Current(mA),Power(mW),Is_Active2019-5-28T23:59:12:369,294.91,1504.58,0,
2019-5-28T23:59:13:375,299.68,1861.86,0,
2019-5-28T23:59:14:380,274.50,1406.02,0,
2019-5-28T23:59:15:386,270.42,1384.46,0,
2019-5-28T23:59:16:391,273.66,1407.56,0,
2019-5-28T23:59:17:397,272.81,1398.32,0,
2019-5-28T23:59:18:403,271.81,1390.62,0,
2019-5-28T23:59:19:408,270.96,1392.16,0,
2019-5-28T23:59:20:414,272.43,1395.24,0,
2019-5-28T23:59:21:420,272.89,1398.32,0,
2019-5-28T23:59:22:425,272.50,1395.24,0,
2019-5-28T23:59:23:431,269.96,1382.92,0,
2019-5-28T23:59:24:437,273.20,1379.84,0,
2019-5-28T23:59:25:442,294.14,1501.50,0,
2019-5-28T23:59:26:448,270.12,1379.84,0,
2019-5-28T23:59:27:454,281.90,1384.46,0,
2019-5-28T23:59:28:459,271.81,1395.24,0,
2019-5-28T23:59:29:465,295.45,1509.20,0,
2019-5-28T23:59:30:471,272.04,1392.16,0,
2019-5-28T23:59:31:477,273.81,1392.16,0,
2019-5-28T23:59:32:482,315.01,1652.42,0,
2019-5-28T23:59:33:488,294.14,1501.50,0,
2019-5-28T23:59:34:494,269.50,1382.92,0,
2019-5-28T23:59:35:500,268.50,1382.92,0,
2019-5-28T23:59:36:505,267.65,1364.44,0,
2019-5-28T23:59:37:511,269.73,1379.84,0,
2019-5-28T23:59:38:517,270.35,1379.84,0,
2019-5-28T23:59:39:523,271.35,1387.54,0,
2019-5-28T23:59:40:529,313.08,1632.40,0,
2019-5-28T23:59:41:535,290.60,1489.18,0,
2019-5-28T23:59:42:541,267.81,1367.52,0,
2019-5-28T23:59:43:546,266.65,1372.14,0,
2019-5-28T23:59:44:552,270.35,1413.72,0,
2019-5-28T23:59:45:558,291.21,1489.18,0,
2019-5-28T23:59:46:564,292.60,1478.40,0,
2019-5-28T23:59:47:569,269.96,1379.84,0,
2019-5-28T23:59:48:575,269.81,1379.84,0,
2019-5-28T23:59:49:581,291.60,1490.72,0,
2019-5-28T23:59:50:588,267.50,1370.60,0,
2019-5-28T23:59:51:594,272.35,1378.30,0,
2019-5-28T23:59:52:600,269.96,1384.46,0,
2019-5-28T23:59:53:605,271.50,1382.92,0,
2019-5-28T23:59:54:611,271.73,1463.00,0,
2019-5-28T23:59:55:617,269.96,1382.92,0,
2019-5-28T23:59:56:622,320.63,1637.02,0,
2019-5-28T23:59:57:628,269.11,1375.22,0,
2019-5-28T23:59:58:634,269.65,1379.84,0,
2019-5-28T23:59:59:639,270.04,1382.92,0,
2019-5-29T0:0:0:645,317.70,1623.16,0,
2019-5-29T0:0:1:651,357.97,1834.14,0,
2019-5-29T0:0:2:657,268.81,1379.84,0,
2019-5-29T0:0:3:662,266.50,1372.14,0,
2019-5-29T0:0:4:668,270.19,1384.46,0,
2019-5-29T0:0:5:674,268.73,1379.84,0,
2019-5-29T0:0:6:680,268.04,1379.84,0,
2019-5-29T0:0:7:685,269.35,1379.84,0,
2019-5-29T0:0:8:691,375.91,1861.86,0,
2019-5-29T0:0:9:697,269.50,1379.84,0,
2019-5-29T0:0:10:703,269.11,1378.30,0,
2019-5-29T0:0:11:709,269.35,1378.30,0,
2019-5-29T0:0:12:714,268.65,1375.22,0,
2019-5-29T0:0:13:720,268.19,1379.84,0,
2019-5-29T0:0:14:726,270.04,1430.66,0,
2019-5-29T0:0:15:731,269.42,1379.84,0,
2019-5-29T0:0:16:737,294.14,1504.58,0,
2019-5-29T0:0:17:743,268.04,1372.14,0,
2019-5-29T0:0:18:749,267.34,1370.60,0,
2019-5-29T0:0:19:754,268.42,1384.46,0,
2019-5-29T0:0:20:760,288.75,1475.32,0,
2019-5-29T0:0:21:766,269.96,1399.86,0,
2019-5-29T0:0:22:771,269.81,1384.46,0,
2019-5-29T0:0:23:777,267.19,1364.44,0,
2019-5-29T0:0:24:783,289.83,1481.48,0,
2019-5-29T0:0:25:789,276.89,1419.88,0,
2019-5-29T0:0:26:795,268.96,1384.46,0,
2019-5-29T0:0:27:801,266.65,1359.82,0,
2019-5-29T0:0:28:806,291.75,1496.88,0,
2019-5-29T0:0:29:812,270.73,1390.62,0,
2019-5-29T0:0:30:818,276.43,1399.86,0,
2019-5-29T0:0:31:824,280.59,1392.16,0,
2019-5-29T0:0:32:830,271.42,1392.16,0,
2019-5-29T0:0:33:835,289.29,1481.48,0,
2019-5-29T0:0:34:841,342.19,1761.76,1,
2019-5-29T0:0:35:147,381.92,1965.04,1,
2019-5-29T0:0:35:453,400.86,1935.78,1,
2019-5-29T0:0:35:758,388.46,1955.80,1,
2019-5-29T0:0:36:64,351.50,1797.18,1,
2019-5-29T0:0:36:370,289.29,1489.18,1,
2019-5-29T0:0:36:676,384.23,1943.48,1,
2019-5-29T0:0:36:981,384.08,1975.82,1,
2019-5-29T0:0:37:287,316.62,1612.38,1,
2019-5-29T0:0:37:593,385.38,1951.18,1,
2019-5-29T0:0:37:899,381.92,1963.50,1,
2019-5-29T0:0:38:204,406.79,1935.78,1,
2019-5-29T0:0:38:510,381.77,1935.78,1,
2019-5-29T0:0:38:816,402.86,1940.40,1,
2019-5-29T0:0:39:122,388.16,2038.96,1,
2019-5-29T0:0:39:427,377.22,1921.92,1,
2019-5-29T0:0:39:733,387.00,1968.12,1,
2019-5-29T0:0:40:39,383.23,1937.32,1,
2019-5-29T0:0:40:345,384.77,1932.70,1,
2019-5-29T0:0:40:650,514.36,2568.72,1,
2019-5-29T0:0:40:956,451.30,2097.48,1,
2019-5-29T0:0:41:262,408.25,2225.30,1,
2019-5-29T0:0:41:568,443.98,2125.20,1,
2019-5-29T0:0:41:873,400.32,2442.44,1,
2019-5-29T0:0:42:179,382.30,2062.06,1,
2019-5-29T0:0:42:485,398.55,2040.50,1,
2019-5-29T0:0:42:790,408.48,1932.70,1,
2019-5-29T0:0:43:96,388.70,1980.44,1,
2019-5-29T0:0:43:402,394.32,1992.76,1,
2019-5-29T0:0:43:708,339.88,1684.76,1,
2019-5-29T0:0:44:14,350.89,1783.32,1,
2019-5-29T0:0:44:320,295.30,1513.82,1,
2019-5-29T0:0:44:625,301.53,1538.46,1,
2019-5-29T0:0:44:931,310.23,1584.66,1,
2019-5-29T0:0:45:236,353.97,1838.76,1,
2019-5-29T0:0:45:542,327.17,1786.40,1,
2019-5-29T0:0:45:848,337.88,1600.06,1,
2019-5-29T0:0:46:154,319.40,1650.88,1,
2019-5-29T0:0:46:459,319.32,1657.04,1,
2019-5-29T0:0:46:765,311.39,1573.88,1,
2019-5-29T0:0:47:71,335.80,1587.74,1,
2019-5-29T0:0:47:376,308.69,1612.38,1,
2019-5-29T0:0:47:682,340.11,1866.48,1,
2019-5-29T0:0:47:988,317.93,1564.64,1,
2019-5-29T0:0:48:294,323.63,1718.64,1,
2019-5-29T0:0:48:599,307.54,1609.30,1,
2019-5-29T0:0:48:905,309.08,1566.18,1,
2019-5-29T0:0:49:211,332.18,1553.86,1,
2019-5-29T0:0:49:516,305.61,1652.42,1,
2019-5-29T0:0:49:822,352.12,1683.22,1,
2019-5-29T0:0:50:128,320.78,1635.48,1,
2019-5-29T0:0:50:434,317.78,1513.82,1,
2019-5-29T0:0:50:739,306.38,1587.74,1,
2019-5-29T0:0:51:45,324.40,1573.88,1,
2019-5-29T0:0:51:351,303.53,1564.64,1,
2019-5-29T0:0:51:656,304.00,1544.62,1,
2019-5-29T0:0:51:962,319.40,1623.16,1,
2019-5-29T0:0:52:268,307.54,1556.94,1,
2019-5-29T0:0:52:573,308.08,1572.34,1,
2019-5-29T0:0:52:879,331.79,1553.86,1,
2019-5-29T0:0:53:184,301.38,1692.46,1,
2019-5-29T0:0:53:490,363.98,1897.28,1,
2019-5-29T0:0:53:796,331.87,1675.52,1,
2019-5-29T0:0:54:102,333.87,1741.74,1,
2019-5-29T0:0:54:407,336.41,1580.04,1,
2019-5-29T0:0:54:713,341.80,1552.32,1,
2019-5-29T0:0:55:19,318.70,1556.94,1,
2019-5-29T0:0:55:324,310.39,1601.60,1,
2019-5-29T0:0:55:630,334.72,1561.56,1,
2019-5-29T0:0:55:936,308.85,1569.26,1,
2019-5-29T0:0:56:241,303.69,1727.88,1,
2019-5-29T0:0:56:547,296.53,1707.86,1,
2019-5-29T0:0:56:854,366.60,1675.52,1,
2019-5-29T0:0:57:160,332.87,1690.92,1,
2019-5-29T0:0:57:465,356.12,1687.84,1,
2019-5-29T0:0:57:771,330.18,1837.22,1,
2019-5-29T0:0:58:77,328.17,1846.46,1,
2019-5-29T0:0:58:383,331.18,1750.98,1,
2019-5-29T0:0:58:688,314.62,1592.36,1,
2019-5-29T0:0:58:994,289.29,1943.48,1,
2019-5-29T0:0:59:300,515.05,1957.34,1,
2019-5-29T0:0:59:606,380.46,1955.80,1,
2019-5-29T0:0:59:912,377.92,2034.34,1,
2019-5-29T0:1:0:217,385.92,1948.10,1,
2019-5-29T0:1:0:523,381.77,1935.78,1,
2019-5-29T0:1:0:829,351.97,1814.12,1,
2019-5-29T0:1:1:134,385.69,1929.62,1,
2019-5-29T0:1:1:440,518.36,2487.10,1,
2019-5-29T0:1:1:746,384.23,1960.42,1,
2019-5-29T0:1:2:52,390.77,1948.10,1,
2019-5-29T0:1:2:357,384.31,1960.42,1,
2019-5-29T0:1:2:663,394.09,1955.80,1,
2019-5-29T0:1:2:969,381.69,1917.30,1,
2019-5-29T0:1:3:275,389.31,1945.02,1,
2019-5-29T0:1:3:581,385.00,1975.82,1,
2019-5-29T0:1:3:886,390.01,1943.48,1,
2019-5-29T0:1:4:192,388.62,1988.14,1,
2019-5-29T0:1:4:497,496.19,2040.50,1,
2019-5-29T0:1:4:803,447.06,2285.36,1,
2019-5-29T0:1:5:109,425.81,2166.78,1,
2019-5-29T0:1:5:415,448.45,2139.06,1,
2019-5-29T0:1:5:720,389.08,1758.68,1,
2019-5-29T0:1:6:26,397.09,1844.92,1,
2019-5-29T0:1:6:332,369.68,1932.70,1,
2019-5-29T0:1:6:637,369.68,1881.88,1,
2019-5-29T0:1:6:945,394.70,1988.14,1,
2019-5-29T0:1:7:251,376.22,1935.78,1,
2019-5-29T0:1:7:556,396.16,2126.74,1,
2019-5-29T0:1:7:862,387.16,2152.92,1,
2019-5-29T0:1:8:167,403.02,1929.62,1,
2019-5-29T0:1:8:473,386.15,1763.30,1,
2019-5-29T0:1:8:780,362.59,1706.32,1,
2019-5-29T0:1:9:85,341.11,1838.76,1,
2019-5-29T0:1:9:391,308.69,1683.22,1,
2019-5-29T0:1:9:697,319.24,1637.02,1,
2019-5-29T0:1:10:2,300.84,1703.24,1,
2019-5-29T0:1:10:308,332.49,1632.40,1,
2019-5-29T0:1:10:614,324.25,1572.34,1,
2019-5-29T0:1:10:920,309.08,1632.40,1,
2019-5-29T0:1:11:225,303.69,1706.32,1,
2019-5-29T0:1:11:531,315.70,1549.24,1,
2019-5-29T0:1:11:837,340.19,1604.68,1,
2019-5-29T0:1:12:142,319.32,1581.58,1,
2019-5-29T0:1:12:448,336.64,1600.06,1,
2019-5-29T0:1:12:754,304.23,1566.18,1,
2019-5-29T0:1:13:60,302.61,1695.54,1,
2019-5-29T0:1:13:366,314.24,1581.58,1,
2019-5-29T0:1:13:671,318.78,1581.58,1,
2019-5-29T0:1:13:977,355.20,1695.54,1,
2019-5-29T0:1:14:283,329.64,1675.52,1,
2019-5-29T0:1:14:588,306.00,1596.98,1,
2019-5-29T0:1:14:894,293.52,1529.22,1,
2019-5-29T0:1:15:200,297.99,1521.52,1,
2019-5-29T0:1:15:506,306.84,1738.66,1,
2019-5-29T0:1:15:811,298.61,1524.60,1,
2019-5-29T0:1:16:117,326.40,1643.18,1,
2019-5-29T0:1:16:423,297.30,1513.82,1,
2019-5-29T0:1:16:728,331.10,1612.38,1,
2019-5-29T0:1:17:34,333.02,1569.26,1,
2019-5-29T0:1:17:340,303.38,1695.54,1,
2019-5-29T0:1:17:646,313.01,1580.04,1,
2019-5-29T0:1:17:951,333.33,1580.04,1,
2019-5-29T0:1:18:257,339.57,1573.88,1,
2019-5-29T0:1:18:563,362.59,1774.08,1,
2019-5-29T0:1:18:868,339.11,1566.18,1,
2019-5-29T0:1:19:175,302.92,1700.16,1,
2019-5-29T0:1:19:480,361.21,1811.04,1,
2019-5-29T0:1:19:786,298.68,1486.10,1,
2019-5-29T0:1:20:92,356.20,1766.38,1,
2019-5-29T0:1:20:397,293.52,1498.42,1,
2019-5-29T0:1:20:703,339.88,1553.86,1,
2019-5-29T0:1:21:9,309.62,1573.88,1,
2019-5-29T0:1:21:314,328.40,1561.56,1,
2019-5-29T0:1:21:620,334.64,1573.88,1,
2019-5-29T0:1:21:926,311.85,1560.02,1,
2019-5-29T0:1:22:232,349.27,2028.18,1,
2019-5-29T0:1:22:538,271.12,1398.32,0,
2019-5-29T0:1:23:543,291.83,1493.80,0,
2019-5-29T0:1:24:549,305.84,1516.90,0,
2019-5-29T0:1:25:555,325.17,1640.10,1,
2019-5-29T0:1:25:861,356.82,1615.46,1,
2019-5-29T0:1:26:167,317.32,1897.28,1,
2019-5-29T0:1:26:472,384.92,2154.46,1,
2019-5-29T0:1:26:778,406.48,2083.62,1,
2019-5-29T0:1:27:84,434.90,1831.06,1,
2019-5-29T0:1:27:389,306.31,1643.18,1,
2019-5-29T0:1:27:695,409.41,1860.32,1,
2019-5-29T0:1:28:1,319.78,1834.14,1,
2019-5-29T0:1:28:307,411.26,1978.90,1,
2019-5-29T0:1:28:613,351.74,1846.46,1,
2019-5-29T0:1:28:918,421.81,2273.04,1,
2019-5-29T0:1:29:224,427.35,1988.14,1,
2019-5-29T0:1:29:529,352.27,2142.14,1,
2019-5-29T0:1:29:835,369.98,1921.92,1,
2019-5-29T0:1:30:141,335.72,1617.00,1,
2019-5-29T0:1:30:447,296.60,1778.70,1,
2019-5-29T0:1:30:752,306.31,1700.16,1,
2019-5-29T0:1:31:58,378.76,1834.14,1,
2019-5-29T0:1:31:364,310.62,1643.18,1,
2019-5-29T0:1:31:670,363.13,1761.76,1,
2019-5-29T0:1:31:975,343.57,1560.02,1,
2019-5-29T0:1:32:281,295.60,1509.20,1,
2019-5-29T0:1:32:587,314.78,1572.34,1,
2019-5-29T0:1:32:893,312.85,1587.74,1,
2019-5-29T0:1:33:198,304.54,1518.44,1,
2019-5-29T0:1:33:504,328.02,1609.30,1,
2019-5-29T0:1:33:810,491.18,2459.38,1,
2019-5-29T0:1:34:115,343.27,1766.38,1,
2019-5-29T0:1:34:421,363.90,1817.20,1,
2019-5-29T0:1:34:727,353.20,1960.42,1,
2019-5-29T0:1:35:32,421.65,2079.00,1,
2019-5-29T0:1:35:338,387.00,1884.96,1,
2019-5-29T0:1:35:644,402.40,1824.90,1,
2019-5-29T0:1:35:950,398.40,1763.30,1,
2019-5-29T0:1:36:255,390.31,1803.34,1,
2019-5-29T0:1:36:561,422.19,1814.12,1,
2019-5-29T0:1:36:867,342.34,1965.04,1,
2019-5-29T0:1:37:172,366.52,1992.76,1,
2019-5-29T0:1:37:479,402.79,2109.80,1,
2019-5-29T0:1:37:785,392.16,1817.20,1,
2019-5-29T0:1:38:90,305.00,1569.26,1,
2019-5-29T0:1:38:396,339.57,1553.86,1,
2019-5-29T0:1:38:702,310.93,1601.60,1,
2019-5-29T0:1:39:8,310.85,1657.04,1,
2019-5-29T0:1:39:313,307.85,1593.90,1,
2019-5-29T0:1:39:619,302.38,1564.64,1,
2019-5-29T0:1:39:925,305.61,1549.24,1,
2019-5-29T0:1:40:231,307.61,1601.60,1,
2019-5-29T0:1:40:537,297.30,1513.82,1,
2019-5-29T0:1:40:842,305.00,1561.56,1,
2019-5-29T0:1:41:148,297.68,1496.88,1,
2019-5-29T0:1:41:456,341.80,1889.58,1,
2019-5-29T0:1:41:762,328.71,1678.60,1,
2019-5-29T0:1:42:67,376.76,1945.02,1,
2019-5-29T0:1:42:373,312.93,1569.26,1,
2019-5-29T0:1:42:679,327.48,1572.34,1,
2019-5-29T0:1:42:985,323.78,1576.96,1,
2019-5-29T0:1:43:290,308.54,1604.68,1,
2019-5-29T0:1:43:596,303.38,1655.50,1,
2019-5-29T0:1:43:902,305.61,1627.78,1,
2019-5-29T0:1:44:208,343.42,1572.34,1,
2019-5-29T0:1:44:513,319.93,1580.04,1,
2019-5-29T0:1:44:819,306.31,1678.60,1,
2019-5-29T0:1:45:125,366.98,1552.32,1,
2019-5-29T0:1:45:431,333.18,1580.04,1,
2019-5-29T0:1:45:736,319.01,1576.96,1,
2019-5-29T0:1:46:42,330.02,1821.82,1,
2019-5-29T0:1:46:348,326.09,1593.90,1,
2019-5-29T0:1:46:653,352.43,2012.78,1,
2019-5-29T0:1:46:959,303.69,1712.48,1,
2019-5-29T0:1:47:265,302.61,1723.26,1,
2019-5-29T0:1:47:571,289.44,1481.48,1,
2019-5-29T0:1:47:877,299.91,1532.30,1,
2019-5-29T0:1:48:182,311.31,1576.96,1,
2019-5-29T0:1:48:488,321.32,1741.74,1,
2019-5-29T0:1:48:794,293.29,1513.82,1,
2019-5-29T0:1:49:100,311.85,1664.74,1,
2019-5-29T0:1:49:405,314.24,1664.74,1,
2019-5-29T0:1:49:711,301.92,1533.84,1,
2019-5-29T0:1:50:17,301.38,1524.60,1,
2019-5-29T0:1:50:323,312.62,1572.34,1,
2019-5-29T0:1:50:628,298.61,1541.54,1,
2019-5-29T0:1:50:934,354.28,1798.72,1,
2019-5-29T0:1:51:240,320.32,1637.02,1,
2019-5-29T0:1:51:546,434.20,2180.64,1,
2019-5-29T0:1:51:852,313.54,1584.66,1,
2019-5-29T0:1:52:157,311.70,1556.94,1,
2019-5-29T0:1:52:463,302.61,1538.46,1,
2019-5-29T0:1:52:768,324.63,1747.90,1,
2019-5-29T0:1:53:74,309.85,1580.04,1,
2019-5-29T0:1:53:380,306.15,1663.20,1,
2019-5-29T0:1:53:686,309.54,1556.94,1,
2019-5-29T0:1:53:992,450.68,2137.52,1,
2019-5-29T0:1:54:297,492.65,2634.94,1,
2019-5-29T0:1:54:603,385.46,1766.38,1,
2019-5-29T0:1:54:909,388.46,1995.84,1,
2019-5-29T0:1:55:214,296.83,1510.74,1,
2019-5-29T0:1:55:520,341.34,1643.18,1,
2019-5-29T0:1:55:826,307.15,1592.36,1,
2019-5-29T0:1:56:131,344.42,1710.94,1,
2019-5-29T0:1:56:437,305.84,1672.44,1,
2019-5-29T0:1:56:743,298.68,1524.60,1,
2019-5-29T0:1:57:49,296.99,1501.50,1,
2019-5-29T0:1:57:354,310.23,1664.74,1,
2019-5-29T0:1:57:660,314.01,1592.36,1,
2019-5-29T0:1:57:966,290.98,1506.12,1,
2019-5-29T0:1:58:272,300.15,1566.18,1,
2019-5-29T0:1:58:578,301.69,1556.94,1,
2019-5-29T0:1:58:883,343.11,1881.88,1,
2019-5-29T0:1:59:189,355.20,1735.58,1,
2019-5-29T0:1:59:495,334.03,1698.62,1,
2019-5-29T0:1:59:800,308.69,1741.74,1,
2019-5-29T0:2:0:106,304.69,1546.16,1,
2019-5-29T0:2:0:412,344.27,1755.60,1,
2019-5-29T0:2:0:718,297.68,1526.14,1,
2019-5-29T0:2:1:24,307.61,1593.90,1,
2019-5-29T0:2:1:329,309.69,1592.36,1,
2019-5-29T0:2:1:635,327.02,1566.18,1,
2019-5-29T0:2:1:940,330.71,1581.58,1,
2019-5-29T0:2:2:246,301.99,1564.64,1,
2019-5-29T0:2:2:552,337.18,1589.28,1,
2019-5-29T0:2:2:858,300.84,1556.94,1,
2019-5-29T0:2:3:163,309.92,1683.22,1,
2019-5-29T0:2:3:469,315.93,1617.00,1,
2019-5-29T0:2:3:775,300.84,1544.62,1,
2019-5-29T0:2:4:81,300.84,1510.74,1,
2019-5-29T0:2:4:386,389.70,1975.82,1,
2019-5-29T0:2:4:692,324.63,1710.94,1,
2019-5-29T0:2:4:997,366.13,1663.20,1,
2019-5-29T0:2:5:303,332.02,1600.06,1,
2019-5-29T0:2:5:609,319.78,1635.48,1,
2019-5-29T0:2:5:914,330.48,1774.08,1,
2019-5-29T0:2:6:220,301.38,1533.84,1,
2019-5-29T0:2:6:525,309.62,1566.18,1,
2019-5-29T0:2:6:831,305.61,1556.94,1,
2019-5-29T0:2:7:137,324.09,1553.86,1,
2019-5-29T0:2:7:443,341.11,1564.64,1,
2019-5-29T0:2:7:748,336.88,1720.18,1,
2019-5-29T0:2:8:54,351.74,1791.02,1,
2019-5-29T0:2:8:360,323.01,1564.64,1,
2019-5-29T0:2:8:666,306.61,1544.62,1,
2019-5-29T0:2:8:972,313.93,1581.58,1,
2019-5-29T0:2:9:277,300.99,1529.22,1,
2019-5-29T0:2:9:584,312.31,1596.98,1,
2019-5-29T0:2:9:890,292.98,1509.20,1,
2019-5-29T0:2:10:195,305.30,1663.20,1,
2019-5-29T0:2:10:501,307.15,1580.04,1,
2019-5-29T0:2:10:807,339.80,1561.56,1,
2019-5-29T0:2:11:113,304.15,1564.64,1,
2019-5-29T0:2:11:418,317.78,1513.82,1,
2019-5-29T0:2:11:724,307.38,1584.66,1,
2019-5-29T0:2:12:30,297.68,1892.66,1,
2019-5-29T0:2:12:336,293.29,1561.56,1,
2019-5-29T0:2:12:641,330.95,1581.58,1,
2019-5-29T0:2:12:947,307.15,1580.04,1,
2019-5-29T0:2:13:253,325.71,1710.94,1,
2019-5-29T0:2:13:559,291.29,1490.72,0,
2019-5-29T0:2:14:564,292.52,1498.42,0,
2019-5-29T0:2:15:570,330.18,1667.82,0,
2019-5-29T0:2:16:578,311.85,1596.98,1,
2019-5-29T0:2:16:884,387.08,1572.34,1,
2019-5-29T0:2:17:190,297.60,2006.62,1,
2019-5-29T0:2:17:496,325.71,1660.12,1,
2019-5-29T0:2:17:801,325.02,1712.48,1,
2019-5-29T0:2:18:107,405.17,2109.80,1,
2019-5-29T0:2:18:413,291.83,1496.88,0,
2019-5-29T0:2:19:418,269.81,1384.46,0,
2019-5-29T0:2:20:424,327.48,2018.94,1,
2019-5-29T0:2:20:730,407.25,2063.60,1,
2019-5-29T0:2:21:35,417.49,2063.60,1,
2019-5-29T0:2:21:341,406.10,2051.28,1,
2019-5-29T0:2:21:647,405.71,2054.36,1,
2019-5-29T0:2:21:953,408.25,2062.06,1,
2019-5-29T0:2:22:258,406.17,2106.72,1,
2019-5-29T0:2:22:564,336.72,1620.08,1,
2019-5-29T0:2:22:870,314.62,1607.76,1,
2019-5-29T0:2:23:175,317.62,1698.62,1,
2019-5-29T0:2:23:481,314.93,1601.60,1,
2019-5-29T0:2:23:787,316.55,1620.08,1,
2019-5-29T0:2:24:93,314.70,1607.76,1,
2019-5-29T0:2:24:398,314.70,1607.76,1,
2019-5-29T0:2:24:704,315.93,1620.08,1,
2019-5-29T0:2:25:11,332.87,1683.22,1,
2019-5-29T0:2:25:317,314.24,1703.24,1,
2019-5-29T0:2:25:623,316.62,1620.08,1,
2019-5-29T0:2:25:928,414.49,2103.64,1,
2019-5-29T0:2:26:234,408.56,2074.38,1,
2019-5-29T0:2:26:540,444.44,2058.98,1,
2019-5-29T0:2:26:846,406.17,2063.60,1,
2019-5-29T0:2:27:151,409.18,2089.78,1,
2019-5-29T0:2:27:457,445.06,2071.30,1,
2019-5-29T0:2:27:763,407.10,2075.92,1,
2019-5-29T0:2:28:68,414.18,2071.30,1,
2019-5-29T0:2:28:374,416.57,2062.06,1,
2019-5-29T0:2:28:680,412.10,2082.08,1,
2019-5-29T0:2:28:985,410.56,2063.60,1,
2019-5-29T0:2:29:291,410.79,2074.38,1,
2019-5-29T0:2:29:597,407.25,2083.62,1,
2019-5-29T0:2:29:902,413.72,2075.92,1,
2019-5-29T0:2:30:208,406.87,2253.02,1,
2019-5-29T0:2:30:514,431.20,2074.38,1,
2019-5-29T0:2:30:820,408.79,2243.78,1,
2019-5-29T0:2:31:125,409.79,2075.92,1,
2019-5-29T0:2:31:431,406.56,2177.56,1,
2019-5-29T0:2:31:737,408.79,2117.50,1,
2019-5-29T0:2:32:43,416.80,2063.60,1,
2019-5-29T0:2:32:349,406.87,2062.06,1,
2019-5-29T0:2:32:654,409.79,2103.64,1,
2019-5-29T0:2:32:960,409.56,2279.20,1,
2019-5-29T0:2:33:266,407.79,2069.76,1,
2019-5-29T0:2:33:571,411.41,2079.00,1,
2019-5-29T0:2:33:877,315.24,1609.30,1,
2019-5-29T0:2:34:183,317.09,1615.46,1,
2019-5-29T0:2:34:488,317.24,1620.08,1,
2019-5-29T0:2:34:794,317.09,1627.78,1,
2019-5-29T0:2:35:100,314.54,1607.76,1,
2019-5-29T0:2:35:406,316.39,1698.62,1,
2019-5-29T0:2:35:711,314.78,1635.48,1,
2019-5-29T0:2:36:17,316.93,1647.80,1,
2019-5-29T0:2:36:323,316.93,1617.00,1,
2019-5-29T0:2:36:629,371.99,1872.64,1,
2019-5-29T0:2:36:934,318.55,1612.38,1,
2019-5-29T0:2:37:240,407.71,2111.34,1,
2019-5-29T0:2:37:546,406.48,2253.02,1,
2019-5-29T0:2:37:852,335.33,1601.60,1,
2019-5-29T0:2:38:158,315.55,1612.38,1,
2019-5-29T0:2:38:463,388.31,1803.34,1,
2019-5-29T0:2:38:769,294.14,1504.58,1,
2019-5-29T0:2:39:75,293.99,1504.58,1,
2019-5-29T0:2:39:381,311.08,1600.06,1,
2019-5-29T0:2:39:686,310.00,1592.36,1,
2019-5-29T0:2:39:992,350.73,1589.28,1,
2019-5-29T0:2:40:298,369.29,1791.02,1,
2019-5-29T0:2:40:604,319.47,1687.84,1,
2019-5-29T0:2:40:910,325.40,1660.12,1,
2019-5-29T0:2:41:215,327.79,1655.50,1,
2019-5-29T0:2:41:521,337.41,1755.60,1,
2019-5-29T0:2:41:827,337.57,1718.64,1,
2019-5-29T0:2:42:133,340.49,1576.96,1,
2019-5-29T0:2:42:439,311.23,1624.70,1,
2019-5-29T0:2:42:745,317.24,1580.04,1,
2019-5-29T0:2:43:51,304.30,1727.88,1,
2019-5-29T0:2:43:356,300.45,1533.84,1,
2019-5-29T0:2:43:662,301.53,1493.80,1,
2019-5-29T0:2:43:968,332.02,1637.02,1,
2019-5-29T0:2:44:274,317.70,1584.66,1,
2019-5-29T0:2:44:579,391.39,1869.56,1,
2019-5-29T0:2:44:885,330.10,1750.98,1,
2019-5-29T0:2:45:191,333.87,1872.64,1,
2019-5-29T0:2:45:496,337.11,1581.58,1,
2019-5-29T0:2:45:802,307.38,1692.46,1,
2019-5-29T0:2:46:108,307.69,1580.04,1,
2019-5-29T0:2:46:413,307.61,1806.42,1,
2019-5-29T0:2:46:719,294.83,1506.12,1,
2019-5-29T0:2:47:25,307.54,1584.66,1,
2019-5-29T0:2:47:331,312.00,1572.34,1,
2019-5-29T0:2:47:637,308.62,1710.94,1,
2019-5-29T0:2:47:943,315.24,1710.94,1,
2019-5-29T0:2:48:248,324.48,1549.24,1,
2019-5-29T0:2:48:554,309.00,1593.90,1,
2019-5-29T0:2:48:860,298.91,1521.52,1,
2019-5-29T0:2:49:166,306.54,1516.90,1,
2019-5-29T0:2:49:472,321.78,1475.32,1,
2019-5-29T0:2:49:777,294.91,1510.74,1,
2019-5-29T0:2:50:83,345.73,1743.28,1,
2019-5-29T0:2:50:388,317.01,1615.46,1,
2019-5-29T0:2:50:694,337.18,1617.00,1,
2019-5-29T0:2:50:999,314.39,1604.68,1,
2019-5-29T0:2:51:305,329.10,1620.08,1,
2019-5-29T0:2:51:611,314.70,1715.56,1,
2019-5-29T0:2:51:916,316.24,1652.42,1,
2019-5-29T0:2:52:222,324.32,1604.68,1,
2019-5-29T0:2:52:528,314.54,1607.76,1,
2019-5-29T0:2:52:834,324.71,1703.24,1,
2019-5-29T0:2:53:139,324.48,1617.00,1,
2019-5-29T0:2:53:445,412.87,2083.62,1,
2019-5-29T0:2:53:751,409.72,2071.30,1,
2019-5-29T0:2:54:57,408.10,2063.60,1,
2019-5-29T0:2:54:362,406.71,2063.60,1,
2019-5-29T0:2:54:668,412.49,2071.30,1,
2019-5-29T0:2:54:974,406.48,2058.98,1,
2019-5-29T0:2:55:279,411.26,2114.42,1,
2019-5-29T0:2:55:585,409.95,2071.30,1,
2019-5-29T0:2:55:891,420.96,2157.54,1,
2019-5-29T0:2:56:196,412.49,2089.78,1,
2019-5-29T0:2:56:502,412.87,2094.40,1,
2019-5-29T0:2:56:808,411.87,2249.94,1,
2019-5-29T0:2:57:114,441.06,2117.50,1,
2019-5-29T0:2:57:419,409.56,2075.92,1,
2019-5-29T0:2:57:725,411.87,2125.20,1,
2019-5-29T0:2:58:31,413.95,2086.70,1,
2019-5-29T0:2:58:337,411.80,2091.32,1,
2019-5-29T0:2:58:642,412.87,2066.68,1,
2019-5-29T0:2:58:948,410.26,2082.08,1,
2019-5-29T0:2:59:253,413.26,2185.26,1,
2019-5-29T0:2:59:559,410.18,2119.04,1,
2019-5-29T0:2:59:865,413.57,2091.32,1,
2019-5-29T0:3:0:171,410.56,2089.78,1,
2019-5-29T0:3:0:476,412.95,2086.70,1,
2019-5-29T0:3:0:782,412.95,2082.08,1,
2019-5-29T0:3:1:88,412.87,2091.32,1,
2019-5-29T0:3:1:394,431.82,2091.32,1,
2019-5-29T0:3:1:699,412.49,2091.32,1,
2019-5-29T0:3:2:5,338.57,1647.80,1,
2019-5-29T0:3:2:311,320.24,1650.88,1,
2019-5-29T0:3:2:617,440.67,1951.18,1,
2019-5-29T0:3:2:923,368.83,1877.26,1,
2019-5-29T0:3:3:228,319.78,1635.48,1,
2019-5-29T0:3:3:534,376.30,1854.16,1,
2019-5-29T0:3:3:840,375.76,1908.06,1,
2019-5-29T0:3:4:145,320.24,1643.18,1,
2019-5-29T0:3:4:451,420.11,2097.48,1,
2019-5-29T0:3:4:756,320.09,1670.90,1,
2019-5-29T0:3:5:62,323.01,1632.40,1,
2019-5-29T0:3:5:368,410.41,2122.12,1,
2019-5-29T0:3:5:674,407.18,2075.92,1,
2019-5-29T0:3:5:979,414.26,2071.30,1,
2019-5-29T0:3:6:285,384.08,1892.66,1,
2019-5-29T0:3:6:591,322.24,1663.20,1,
2019-5-29T0:3:6:897,377.38,1920.38,1,
2019-5-29T0:3:7:202,317.93,1655.50,1,
2019-5-29T0:3:7:508,424.27,2035.88,1,
2019-5-29T0:3:7:813,320.09,1635.48,1,
2019-5-29T0:3:8:119,318.24,1683.22,1,
2019-5-29T0:3:8:425,319.93,1743.28,1,
2019-5-29T0:3:8:731,319.24,1643.18,1,
2019-5-29T0:3:9:36,376.30,1912.68,1,
2019-5-29T0:3:9:342,318.39,1627.78,1,
2019-5-29T0:3:9:647,449.14,2082.08,1,
2019-5-29T0:3:9:953,408.10,2058.98,1,
2019-5-29T0:3:10:259,411.41,2086.70,1,
2019-5-29T0:3:10:565,421.81,1826.44,1,
2019-5-29T0:3:10:870,366.37,1861.86,1,
2019-5-29T0:3:11:176,319.93,1635.48,1,
2019-5-29T0:3:11:482,317.09,1640.10,1,
2019-5-29T0:3:11:787,317.39,1617.00,1,
2019-5-29T0:3:12:93,316.93,1623.16,1,
2019-5-29T0:3:12:399,354.82,1794.10,1,
2019-5-29T0:3:12:705,359.97,1811.04,1,
2019-5-29T0:3:13:11,319.01,1624.70,1,
2019-5-29T0:3:13:316,316.78,1615.46,1,
2019-5-29T0:3:13:622,315.55,1607.76,1,
2019-5-29T0:3:13:928,407.56,2069.76,1,
2019-5-29T0:3:14:234,477.86,2442.44,1,
2019-5-29T0:3:14:539,414.95,2083.62,1,
2019-5-29T0:3:14:845,411.56,2074.38,1,
2019-5-29T0:3:15:151,462.46,2253.02,1,
2019-5-29T0:3:15:457,407.18,1801.80,1,
2019-5-29T0:3:15:762,319.40,1627.78,1,
2019-5-29T0:3:16:68,318.09,1620.08,1,
2019-5-29T0:3:16:374,319.32,1620.08,1,
2019-5-29T0:3:16:679,417.96,1917.30,1,
2019-5-29T0:3:16:985,344.81,1754.06,1,
2019-5-29T0:3:17:291,343.03,1754.06,1,
2019-5-29T0:3:17:596,392.01,1888.04,1,
2019-5-29T0:3:17:902,380.61,1811.04,1,
2019-5-29T0:3:18:207,368.21,1834.14,1,
2019-5-29T0:3:18:513,405.71,2299.22,1,
2019-5-29T0:3:18:819,471.24,2276.12,1,
2019-5-29T0:3:19:125,449.14,2256.10,1,
2019-5-29T0:3:19:430,453.99,2273.04,1,
2019-5-29T0:3:19:736,444.37,2525.60,1,
2019-5-29T0:3:20:41,481.79,2273.04,1,
2019-5-29T0:3:20:347,482.10,2316.16,1,
2019-5-29T0:3:20:653,448.14,2366.98,1,
2019-5-29T0:3:20:959,438.90,2220.68,1,
2019-5-29T0:3:21:264,446.14,2402.40,1,
2019-5-29T0:3:21:570,394.78,1798.72,1,
2019-5-29T0:3:21:876,358.28,2008.16,1,
2019-5-29T0:3:22:182,356.20,1892.66,1,
2019-5-29T0:3:22:487,360.13,1789.48,1,
2019-5-29T0:3:22:793,353.89,1791.02,1,
2019-5-29T0:3:23:99,356.59,1809.50,1,
2019-5-29T0:3:23:404,354.82,1818.74,1,
2019-5-29T0:3:23:710,391.08,1791.02,1,
2019-5-29T0:3:24:16,380.92,1945.02,1,
2019-5-29T0:3:24:321,372.06,1897.28,1,
2019-5-29T0:3:24:627,377.99,1806.42,1,
2019-5-29T0:3:24:933,444.44,2212.98,1,
2019-5-29T0:3:25:239,433.59,2276.12,1,
2019-5-29T0:3:25:544,432.59,2368.52,1,
2019-5-29T0:3:25:850,443.21,2276.12,1,
2019-5-29T0:3:26:156,442.29,2243.78,1,
2019-5-29T0:3:26:461,444.37,2260.72,1,
2019-5-29T0:3:26:767,491.49,2303.84,1,
2019-5-29T0:3:27:73,469.55,2271.50,1,
2019-5-29T0:3:27:378,474.55,2273.04,1,
2019-5-29T0:3:27:684,443.98,2457.84,1,
2019-5-29T0:3:27:990,594.82,2822.82,1,
2019-5-29T0:3:28:295,363.82,1801.80,1,
2019-5-29T0:3:28:601,427.27,2055.90,1,
2019-5-29T0:3:28:907,320.09,1635.48,1,
2019-5-29T0:3:29:212,316.93,1620.08,1,
2019-5-29T0:3:29:518,329.33,1632.40,1,
2019-5-29T0:3:29:824,318.09,1620.08,1,
2019-5-29T0:3:30:129,332.33,1692.46,1,
2019-5-29T0:3:30:435,332.10,1644.72,1,
2019-5-29T0:3:30:741,333.87,1643.18,1,
2019-5-29T0:3:31:47,318.55,1655.50,1,
2019-5-29T0:3:31:353,364.29,2071.30,1,
2019-5-29T0:3:31:658,433.74,2089.78,1,
2019-5-29T0:3:31:964,411.10,2089.78,1,
2019-5-29T0:3:32:270,422.50,2083.62,1,
2019-5-29T0:3:32:576,412.95,2086.70,1,
2019-5-29T0:3:32:882,412.49,2106.72,1,
2019-5-29T0:3:33:187,543.23,2702.70,1,
2019-5-29T0:3:33:493,414.49,2102.10,1,
2019-5-29T0:3:33:799,572.42,2750.44,1,
2019-5-29T0:3:34:105,413.87,2114.42,1,
2019-5-29T0:3:34:411,434.74,2106.72,1,
2019-5-29T0:3:34:716,426.58,2099.02,1,
2019-5-29T0:3:35:22,416.88,2216.06,1,
2019-5-29T0:3:35:328,411.41,2094.40,1,
2019-5-29T0:3:35:633,335.33,1829.52,1,
2019-5-29T0:3:35:939,367.67,1683.22,1,
2019-5-29T0:3:36:245,295.30,1516.90,1,
2019-5-29T0:3:36:551,297.30,1607.76,1,
2019-5-29T0:3:36:856,309.00,1572.34,1,
2019-5-29T0:3:37:162,374.99,1952.72,1,
2019-5-29T0:3:37:468,359.13,1692.46,1,
2019-5-29T0:3:37:773,368.83,1667.82,1,
2019-5-29T0:3:38:79,299.14,1664.74,1,
2019-5-29T0:3:38:385,312.70,1604.68,1,
2019-5-29T0:3:38:690,333.72,1580.04,1,
2019-5-29T0:3:38:996,309.39,1593.90,1,
2019-5-29T0:3:39:302,306.00,1707.86,1,
2019-5-29T0:3:39:608,338.03,1601.60,1,
2019-5-29T0:3:39:913,314.01,1596.98,1,
2019-5-29T0:3:40:219,299.99,1504.58,1,
2019-5-29T0:3:40:525,293.91,1504.58,1,
2019-5-29T0:3:40:831,338.42,1604.68,1,
2019-5-29T0:3:41:137,298.68,1526.14,1,
2019-5-29T0:3:41:442,321.48,2836.68,1,
2019-5-29T0:3:41:748,326.79,1678.60,1,
2019-5-29T0:3:42:54,308.00,1620.08,1,
2019-5-29T0:3:42:360,303.84,1549.24,1,
2019-5-29T0:3:42:665,303.15,1715.56,1,
2019-5-29T0:3:42:971,308.92,1637.02,1,
2019-5-29T0:3:43:277,313.24,1700.16,1,
2019-5-29T0:3:43:583,315.93,1683.22,1,
2019-5-29T0:3:43:888,307.31,1556.94,1,
2019-5-29T0:3:44:194,298.30,1604.68,1,
2019-5-29T0:3:44:500,298.45,1529.22,1,
2019-5-29T0:3:44:806,296.53,1510.74,1,
2019-5-29T0:3:45:111,308.31,1573.88,1,
2019-5-29T0:3:45:417,309.39,1730.96,1,
2019-5-29T0:3:45:723,297.60,1518.44,1,
2019-5-29T0:3:46:29,296.14,1518.44,1,
2019-5-29T0:3:46:334,308.85,1569.26,1,
2019-5-29T0:3:46:641,339.88,1556.94,1,
2019-5-29T0:3:46:946,361.13,1663.20,1,
2019-5-29T0:3:47:252,318.39,1695.54,1,
2019-5-29T0:3:47:557,300.84,1518.44,1,
2019-5-29T0:3:47:863,308.54,1580.04,1,
2019-5-29T0:3:48:169,310.23,1573.88,1,
2019-5-29T0:3:48:474,270.19,1384.46,0,
2019-5-29T0:3:49:480,272.66,1398.32,0,
2019-5-29T0:3:50:486,348.19,1718.64,1,
2019-5-29T0:3:50:791,315.31,1629.32,0,
2019-5-29T0:3:51:797,272.43,1390.62,0,
2019-5-29T0:3:52:803,274.43,1399.86,0,
2019-5-29T0:3:53:809,334.87,1644.72,0,
2019-5-29T0:3:54:814,292.60,1498.42,0,
2019-5-29T0:3:55:820,273.43,1399.86,0,
2019-5-29T0:3:56:825,294.99,1510.74,0,
2019-5-29T0:3:57:831,271.42,1390.62,0,
2019-5-29T0:3:58:837,293.45,1501.50,0,
2019-5-29T0:3:59:843,272.73,1395.24,0,
2019-5-29T0:4:0:848,282.20,1410.64,0,
2019-5-29T0:4:1:854,267.04,1372.14,0,
2019-5-29T0:4:2:860,424.12,2137.52,0,
2019-5-29T0:4:3:866,267.19,1375.22,0,
2019-5-29T0:4:4:871,267.96,1372.14,0,
2019-5-29T0:4:5:877,270.35,1387.54,0,
2019-5-29T0:4:6:883,273.81,1395.24,0,
2019-5-29T0:4:7:889,271.19,1387.54,0,
2019-5-29T0:4:8:895,269.73,1390.62,0,
2019-5-29T0:4:9:900,269.65,1382.92,0,
2019-5-29T0:4:10:906,272.50,1398.32,0,
2019-5-29T0:4:11:912,272.50,1398.32,0,
2019-5-29T0:4:12:918,269.50,1379.84,0,
2019-5-29T0:4:13:923,285.59,1395.24,0,
2019-5-29T0:4:14:929,271.12,1395.24,0,
2019-5-29T0:4:15:935,294.91,1506.12,0,
2019-5-29T0:4:16:941,272.12,1395.24,0,
2019-5-29T0:4:17:946,294.91,1509.20,0,
2019-5-29T0:4:18:952,293.14,1501.50,0,
2019-5-29T0:4:19:958,273.04,1398.32,0,
2019-5-29T0:4:20:964,312.54,1549.24,0,
2019-5-29T0:4:21:969,269.65,1387.54,0,
2019-5-29T0:4:22:975,268.65,1382.92,0,
2019-5-29T0:4:23:981,290.91,1489.18,0,
2019-5-29T0:4:24:987,268.04,1375.22,0,
2019-5-29T0:4:25:992,268.42,1379.84,0,
2019-5-29T0:4:26:998,268.04,1370.60,0,
2019-5-29T0:4:28:4,269.73,1384.46,0,
2019-5-29T0:4:29:12,269.96,1379.84,0,
2019-5-29T0:4:30:17,275.81,1372.14,0,
2019-5-29T0:4:31:23,267.81,1418.34,0,
2019-5-29T0:4:32:29,270.50,1384.46,0,
2019-5-29T0:4:33:35,266.50,1370.60,0,
2019-5-29T0:4:34:41,267.34,1382.92,0,
2019-5-29T0:4:35:47,267.50,1364.44,0,
2019-5-29T0:4:36:52,292.75,1498.42,0,
2019-5-29T0:4:37:58,267.11,1375.22,0,
2019-5-29T0:4:38:64,267.73,1375.22,0,
2019-5-29T0:4:39:70,265.80,1370.60,0,
2019-5-29T0:4:40:75,269.65,1379.84,0,
2019-5-29T0:4:41:81,291.60,1561.56,0,
2019-5-29T0:4:42:87,267.73,1375.22,0,
2019-5-29T0:4:43:93,269.50,1392.16,0,
2019-5-29T0:4:44:99,268.50,1372.14,0,
2019-5-29T0:4:45:104,270.19,1384.46,0,
2019-5-29T0:4:46:110,268.11,1379.84,0,
2019-5-29T0:4:47:116,290.91,1489.18,0,
2019-5-29T0:4:48:122,291.60,1498.42,0,
2019-5-29T0:4:49:128,269.42,1382.92,0,
2019-5-29T0:4:50:133,268.65,1378.30,0,
2019-5-29T0:4:51:139,270.35,1387.54,0,
2019-5-29T0:4:52:144,291.44,1504.58,0,
2019-5-29T0:4:53:150,269.73,1384.46,0,
2019-5-29T0:4:54:156,269.19,1382.92,0,
2019-5-29T0:4:55:161,269.73,1382.92,0,
2019-5-29T0:4:56:167,271.81,1390.62,0,
2019-5-29T0:4:57:173,271.12,1379.84,0,
2019-5-29T0:4:58:179,267.73,1370.60,0,
2019-5-29T0:4:59:185,289.44,1481.48,0,
2019-5-29T0:5:0:190,274.35,1382.92,0,
2019-5-29T0:5:1:196,269.81,1378.30,0,
2019-5-29T0:5:2:202,290.14,1490.72,0,
2019-5-29T0:5:3:208,308.54,1573.88,0,
2019-5-29T0:5:4:213,436.20,2117.50,0,
2019-5-29T0:5:5:219,269.73,1382.92,0,
2019-5-29T0:5:6:224,297.14,1379.84,0,
2019-5-29T0:5:7:230,427.89,2083.62,0,
2019-5-29T0:5:8:236,269.73,1382.92,0,
2019-5-29T0:5:9:242,290.98,1489.18,0,
2019-5-29T0:5:10:247,270.04,1447.60,0,
2019-5-29T0:5:11:253,291.44,1493.80,0,
2019-5-29T0:5:12:259,267.65,1370.60,0,
2019-5-29T0:5:13:265,291.83,1504.58,0,
2019-5-29T0:5:14:270,290.75,1486.10,0,
2019-5-29T0:5:15:276,269.73,1382.92,0,
2019-5-29T0:5:16:282,267.19,1372.14,0,
2019-5-29T0:5:17:288,267.96,1378.30,0,
2019-5-29T0:5:18:294,269.73,1384.46,0,
2019-5-29T0:5:19:300,289.06,1478.40,0,
2019-5-29T0:5:20:305,270.12,1387.54,0,
2019-5-29T0:5:21:311,268.35,1379.84,0,
2019-5-29T0:5:22:316,288.60,1475.32,0,
2019-5-29T0:5:23:322,269.50,1379.84,0,
2019-5-29T0:5:24:328,278.82,1378.30,0,
2019-5-29T0:5:25:334,270.04,1384.46,0,
2019-5-29T0:5:26:339,267.42,1372.14,0,
2019-5-29T0:5:27:345,276.89,1378.30,0,
2019-5-29T0:5:28:351,269.96,1384.46,0,
2019-5-29T0:5:29:356,271.12,1387.54,0,
2019-5-29T0:5:30:362,292.45,1569.26,0,
2019-5-29T0:5:31:368,266.50,1370.60,0,
2019-5-29T0:5:32:374,277.58,1370.60,0,
2019-5-29T0:5:33:379,317.62,1647.80,0,
2019-5-29T0:5:34:385,269.81,1379.84,0,
2019-5-29T0:5:35:391,289.60,1483.02,0,
2019-5-29T0:5:36:397,290.83,1489.18,0,
2019-5-29T0:5:37:402,270.42,1375.22,0,
2019-5-29T0:5:38:408,288.44,1475.32,0,
2019-5-29T0:5:39:414,276.04,1395.24,0,
2019-5-29T0:5:40:420,272.66,1395.24,0,
2019-5-29T0:5:41:425,437.59,1826.44,0,
2019-5-29T0:5:42:431,271.81,1390.62,0,
2019-5-29T0:5:43:437,270.04,1382.92,0,
2019-5-29T0:5:44:443,270.04,1387.54,0,
2019-5-29T0:5:45:449,269.35,1387.54,0,
2019-5-29T0:5:46:454,267.04,1367.52,0,
2019-5-29T0:5:47:460,291.75,1490.72,0,
2019-5-29T0:5:48:466,267.19,1370.60,0,
2019-5-29T0:5:49:472,267.11,1379.84,0,
2019-5-29T0:5:50:478,269.11,1372.14,0,
2019-5-29T0:5:51:484,387.62,1940.40,1,
2019-5-29T0:5:51:789,385.23,1978.90,1,
2019-5-29T0:5:52:95,388.31,1952.72,1,
2019-5-29T0:5:52:400,385.62,1968.12,1,
2019-5-29T0:5:52:706,384.61,1917.30,1,
2019-5-29T0:5:53:12,290.44,2079.00,1,
2019-5-29T0:5:53:318,385.46,1945.02,1,
2019-5-29T0:5:53:623,390.01,1957.34,1,
2019-5-29T0:5:53:929,386.39,1951.18,1,
2019-5-29T0:5:54:235,391.85,1968.12,1,
2019-5-29T0:5:54:541,377.76,1928.08,1,
2019-5-29T0:5:54:846,389.00,1965.04,1,
2019-5-29T0:5:55:152,388.08,1978.90,1,
2019-5-29T0:5:55:458,383.61,1957.34,1,
2019-5-29T0:5:55:763,391.47,1955.80,1,
2019-5-29T0:5:56:69,389.47,1975.82,1,
2019-5-29T0:5:56:375,383.08,1952.72,1,
2019-5-29T0:5:56:680,508.28,2556.40,1,
2019-5-29T0:5:56:986,365.60,1809.50,1,
2019-5-29T0:5:57:292,387.69,1952.72,1,
2019-5-29T0:5:57:598,360.13,1826.44,1,
2019-5-29T0:5:57:903,376.76,2103.64,1,
2019-5-29T0:5:58:209,364.98,1766.38,1,
2019-5-29T0:5:58:515,367.60,1852.62,1,
2019-5-29T0:5:58:820,363.82,1821.82,1,
2019-5-29T0:5:59:126,362.82,2174.48,1,
2019-5-29T0:5:59:432,371.37,1955.80,1,
2019-5-29T0:5:59:738,346.27,1774.08,1,
2019-5-29T0:6:0:44,383.46,1889.58,1,
2019-5-29T0:6:0:349,364.98,2003.54,1,
2019-5-29T0:6:0:655,383.23,2000.46,1,
2019-5-29T0:6:0:960,412.87,2129.82,1,
2019-5-29T0:6:1:266,513.67,2439.36,1,
2019-5-29T0:6:1:572,365.13,1743.28,1,
2019-5-29T0:6:1:878,307.00,1560.02,1,
2019-5-29T0:6:2:183,311.54,1695.54,1,
2019-5-29T0:6:2:489,306.69,1664.74,1,
2019-5-29T0:6:2:795,311.31,1573.88,1,
2019-5-29T0:6:3:101,331.41,1580.04,1,
2019-5-29T0:6:3:406,306.31,1553.86,1,
2019-5-29T0:6:3:712,312.39,1483.02,1,
2019-5-29T0:6:4:18,325.71,1589.28,1,
2019-5-29T0:6:4:324,346.81,1584.66,1,
2019-5-29T0:6:4:630,310.23,1561.56,1,
2019-5-29T0:6:4:935,306.31,1592.36,1,
2019-5-29T0:6:5:241,302.53,1675.52,1,
2019-5-29T0:6:5:546,332.72,1680.14,1,
2019-5-29T0:6:5:852,307.92,1623.16,1,
2019-5-29T0:6:6:158,326.17,1561.56,1,
2019-5-29T0:6:6:464,313.24,1637.02,1,
2019-5-29T0:6:6:769,302.99,1615.46,1,
2019-5-29T0:6:7:75,309.62,1706.32,1,
2019-5-29T0:6:7:381,309.00,1746.36,1,
2019-5-29T0:6:7:687,334.72,1589.28,1,
2019-5-29T0:6:7:992,306.69,1569.26,1,
2019-5-29T0:6:8:298,303.53,1703.24,1,
2019-5-29T0:6:8:604,345.42,1675.52,1,
2019-5-29T0:6:8:909,304.54,1493.80,1,
2019-5-29T0:6:9:215,303.30,1675.52,1,
2019-5-29T0:6:9:521,304.54,1703.24,1,
2019-5-29T0:6:9:826,313.24,1546.16,1,
2019-5-29T0:6:10:132,295.68,1478.40,1,
2019-5-29T0:6:10:438,371.29,1829.52,1,
2019-5-29T0:6:10:743,419.19,1951.18,1,
2019-5-29T0:6:11:49,410.79,2256.10,1,
2019-5-29T0:6:11:355,417.42,1968.12,1,
2019-5-29T0:6:11:661,344.04,1754.06,1,
2019-5-29T0:6:11:966,348.58,1817.20,1,
2019-5-29T0:6:12:272,346.42,1771.00,1,
2019-5-29T0:6:12:577,407.48,1786.40,1,
2019-5-29T0:6:12:883,378.22,1854.16,1,
2019-5-29T0:6:13:189,383.31,1975.82,1,
2019-5-29T0:6:13:495,401.79,1937.32,1,
2019-5-29T0:6:13:800,426.96,2403.94,1,
2019-5-29T0:6:14:106,386.46,1811.04,1,
2019-5-29T0:6:14:412,389.16,1874.18,1,
2019-5-29T0:6:14:717,356.43,1803.34,1,
2019-5-29T0:6:15:23,344.88,1755.60,1,
2019-5-29T0:6:15:329,348.50,1769.46,1,
2019-5-29T0:6:15:635,353.43,1811.04,1,
2019-5-29T0:6:15:940,344.88,1774.08,1,
2019-5-29T0:6:16:246,347.89,1814.12,1,
2019-5-29T0:6:16:552,389.93,1866.48,1,
2019-5-29T0:6:16:858,359.67,2003.54,1,
2019-5-29T0:6:17:164,374.99,1940.40,1,
2019-5-29T0:6:17:469,418.80,2331.56,1,
2019-5-29T0:6:17:775,365.21,1937.32,1,
2019-5-29T0:6:18:81,363.13,1908.06,1,
2019-5-29T0:6:18:387,360.51,1829.52,1,
2019-5-29T0:6:18:692,303.38,1695.54,1,
2019-5-29T0:6:18:998,305.00,1743.28,1,
2019-5-29T0:6:19:304,311.70,1623.16,1,
2019-5-29T0:6:19:610,331.41,1584.66,1,
2019-5-29T0:6:19:916,382.38,1888.04,1,
2019-5-29T0:6:20:222,354.58,1983.52,1,
2019-5-29T0:6:20:527,396.86,1829.52,1,
2019-5-29T0:6:20:833,334.49,1617.00,1,
2019-5-29T0:6:21:139,497.03,2410.10,1,
2019-5-29T0:6:21:444,297.53,1524.60,1,
2019-5-29T0:6:21:750,342.73,1581.58,1,
2019-5-29T0:6:22:56,308.85,1640.10,1,
2019-5-29T0:6:22:362,387.93,1857.24,1,
2019-5-29T0:6:22:667,302.69,1549.24,1,
2019-5-29T0:6:22:973,310.70,1703.24,1,
2019-5-29T0:6:23:279,308.85,1573.88,1,
2019-5-29T0:6:23:585,330.18,1672.44,1,
2019-5-29T0:6:23:890,322.01,1750.98,1,
2019-5-29T0:6:24:196,303.92,1629.32,1,
2019-5-29T0:6:24:502,294.76,1683.22,1,
2019-5-29T0:6:24:807,325.94,1576.96,1,
2019-5-29T0:6:25:113,328.40,1580.04,1,
2019-5-29T0:6:25:419,315.93,1569.26,1,
2019-5-29T0:6:25:726,305.69,1755.60,1,
2019-5-29T0:6:26:31,300.84,1553.86,1,
2019-5-29T0:6:26:337,312.00,1604.68,1,
2019-5-29T0:6:26:643,314.54,1573.88,1,
2019-5-29T0:6:26:949,330.41,1569.26,1,
2019-5-29T0:6:27:254,320.47,1672.44,1,
2019-5-29T0:6:27:560,305.23,1707.86,1,
2019-5-29T0:6:27:866,306.31,1710.94,1,
2019-5-29T0:6:28:172,305.92,1692.46,1,
2019-5-29T0:6:28:477,313.77,1690.92,1,
2019-5-29T0:6:28:783,293.29,1506.12,1,
2019-5-29T0:6:29:89,373.30,1650.88,1,
2019-5-29T0:6:29:395,320.24,1627.78,1,
2019-5-29T0:6:29:700,304.30,1723.26,1,
2019-5-29T0:6:30:6,330.95,1589.28,1,
2019-5-29T0:6:30:312,292.98,1564.64,1,
2019-5-29T0:6:30:618,334.41,1569.26,1,
2019-5-29T0:6:30:924,304.69,1560.02,1,
2019-5-29T0:6:31:230,341.42,1552.32,1,
2019-5-29T0:6:31:535,309.62,1687.84,1,
2019-5-29T0:6:31:841,271.66,1379.84,0,
2019-5-29T0:6:32:847,271.66,1390.62,0,
2019-5-29T0:6:33:853,333.10,1710.94,0,
2019-5-29T0:6:34:858,317.55,1620.08,1,
2019-5-29T0:6:35:164,365.29,1849.54,1,
2019-5-29T0:6:35:470,325.48,1771.00,1,
2019-5-29T0:6:35:776,394.32,1872.64,1,
2019-5-29T0:6:36:82,315.62,1629.32,1,
2019-5-29T0:6:36:387,378.38,1943.48,1,
2019-5-29T0:6:36:693,352.81,1730.96,1,
2019-5-29T0:6:36:999,320.70,1643.18,1,
2019-5-29T0:6:37:305,358.82,1667.82,1,
2019-5-29T0:6:37:611,328.10,1647.80,1,
2019-5-29T0:6:37:916,325.94,1663.20,1,
2019-5-29T0:6:38:222,397.32,1771.00,1,
2019-5-29T0:6:38:528,435.20,2137.52,1,
2019-5-29T0:6:38:834,372.53,1920.38,1,
2019-5-29T0:6:39:139,393.78,2125.20,1,
2019-5-29T0:6:39:445,310.70,1769.46,1,
2019-5-29T0:6:39:751,295.60,1513.82,1,
2019-5-29T0:6:40:56,295.99,1513.82,1,
2019-5-29T0:6:40:362,293.83,1592.36,1,
2019-5-29T0:6:40:668,322.78,1513.82,1,
2019-5-29T0:6:40:974,304.38,1501.50,1,
2019-5-29T0:6:41:280,325.40,1580.04,1,
2019-5-29T0:6:41:585,333.41,1734.04,1,
2019-5-29T0:6:41:891,370.83,1866.48,1,
2019-5-29T0:6:42:197,296.83,1493.80,1,
2019-5-29T0:6:42:503,305.92,1675.52,1,
2019-5-29T0:6:42:808,392.39,1818.74,1,
2019-5-29T0:6:43:114,316.39,1566.18,1,
2019-5-29T0:6:43:420,374.91,1755.60,1,
2019-5-29T0:6:43:726,337.11,1566.18,1,
2019-5-29T0:6:44:31,314.62,1589.28,1,
2019-5-29T0:6:44:337,308.08,1572.34,1,
2019-5-29T0:6:44:643,308.23,1566.18,1,
2019-5-29T0:6:44:949,344.50,1549.24,1,
2019-5-29T0:6:45:254,319.47,1587.74,1,
2019-5-29T0:6:45:560,308.31,1647.80,1,
2019-5-29T0:6:45:866,314.08,1549.24,1,
2019-5-29T0:6:46:171,342.73,1564.64,1,
2019-5-29T0:6:46:477,325.48,1952.72,1,
2019-5-29T0:6:46:783,305.54,1690.92,1,
2019-5-29T0:6:47:89,303.38,1536.92,1,
2019-5-29T0:6:47:394,313.77,1632.40,1,
2019-5-29T0:6:47:700,349.89,1672.44,1,
2019-5-29T0:6:48:6,350.73,1690.92,1,
2019-5-29T0:6:48:311,303.23,1640.10,1,
2019-5-29T0:6:48:617,305.84,1552.32,1,
2019-5-29T0:6:48:923,296.53,1513.82,1,
2019-5-29T0:6:49:228,333.79,1644.72,1,
2019-5-29T0:6:49:534,305.38,1556.94,1,
2019-5-29T0:6:49:840,298.22,1529.22,1,
2019-5-29T0:6:50:145,317.01,1561.56,1,
2019-5-29T0:6:50:451,308.08,1703.24,1,
2019-5-29T0:6:50:757,305.30,1564.64,1,
2019-5-29T0:6:51:62,342.11,1589.28,1,
2019-5-29T0:6:51:368,455.76,2240.70,1,
2019-5-29T0:6:51:673,401.17,1988.14,1,
2019-5-29T0:6:51:979,353.97,1985.06,1,
2019-5-29T0:6:52:285,361.36,1844.92,1,
2019-5-29T0:6:52:590,339.03,1758.68,1,
2019-5-29T0:6:52:896,353.82,1763.30,1,
2019-5-29T0:6:53:202,318.55,1960.42,1,
2019-5-29T0:6:53:508,328.33,1643.18,1,
2019-5-29T0:6:53:814,347.04,1657.04,1,
2019-5-29T0:6:54:120,341.49,1690.92,1,
2019-5-29T0:6:54:425,324.79,1818.74,1,
2019-5-29T0:6:54:731,435.90,2280.74,1,
2019-5-29T0:6:55:37,315.24,1580.04,1,
2019-5-29T0:6:55:343,388.39,1869.56,1,
2019-5-29T0:6:55:649,385.46,1778.70,1,
2019-5-29T0:6:55:954,376.53,1775.62,1,
2019-5-29T0:6:56:260,417.80,1809.50,1,
2019-5-29T0:6:56:566,308.23,1755.60,1,
2019-5-29T0:6:56:871,309.54,1664.74,1,
2019-5-29T0:6:57:177,310.00,1829.52,1,
2019-5-29T0:6:57:483,333.49,1556.94,1,
2019-5-29T0:6:57:789,292.29,1501.50,1,
2019-5-29T0:6:58:94,311.39,1703.24,1,
2019-5-29T0:6:58:400,320.09,1596.98,1,
2019-5-29T0:6:58:706,297.91,1526.14,1,
2019-5-29T0:6:59:12,297.14,1538.46,1,
2019-5-29T0:6:59:318,304.38,1747.90,1,
2019-5-29T0:6:59:623,379.69,1897.28,1,
2019-5-29T0:6:59:929,353.74,1664.74,1,
2019-5-29T0:7:0:234,552.94,2941.40,1,
2019-5-29T0:7:0:540,399.55,1968.12,1,
2019-5-29T0:7:0:846,364.13,1960.42,1,
2019-5-29T0:7:1:152,354.12,2058.98,1,
2019-5-29T0:7:1:457,385.77,1921.92,1,
2019-5-29T0:7:1:763,303.15,1572.34,1,
2019-5-29T0:7:2:68,307.38,1723.26,1,
2019-5-29T0:7:2:374,304.38,1844.92,1,
2019-5-29T0:7:2:680,352.51,1783.32,1,
2019-5-29T0:7:2:985,331.33,1566.18,1,
2019-5-29T0:7:3:291,331.72,2011.24,1,
2019-5-29T0:7:3:597,308.08,1660.12,1,
2019-5-29T0:7:3:903,329.95,1712.48,1,
2019-5-29T0:7:4:208,317.32,1735.58,1,
2019-5-29T0:7:4:514,304.23,1601.60,1,
2019-5-29T0:7:4:819,335.64,1587.74,1,
2019-5-29T0:7:5:125,307.54,1556.94,1,
2019-5-29T0:7:5:431,298.84,1521.52,1,
2019-5-29T0:7:5:736,304.69,1712.48,1,
2019-5-29T0:7:6:42,317.09,1643.18,1,
2019-5-29T0:7:6:348,297.91,1518.44,1,
2019-5-29T0:7:6:653,293.29,1501.50,1,
2019-5-29T0:7:6:959,315.78,1593.90,1,
2019-5-29T0:7:7:264,310.23,1698.62,1,
2019-5-29T0:7:7:570,356.51,1992.76,1,
2019-5-29T0:7:7:876,319.32,1857.24,1,
2019-5-29T0:7:8:181,350.12,1718.64,1,
2019-5-29T0:7:8:487,298.45,1524.60,1,
2019-5-29T0:7:8:793,309.39,1553.86,1,
2019-5-29T0:7:9:98,310.31,1573.88,1,
2019-5-29T0:7:9:404,330.71,1560.02,1,
2019-5-29T0:7:9:710,327.63,1566.18,1,
2019-5-29T0:7:10:16,309.31,1580.04,1,
2019-5-29T0:7:10:321,310.39,1546.16,1,
2019-5-29T0:7:10:627,306.00,1552.32,1,
2019-5-29T0:7:10:933,309.54,1672.44,1,
2019-5-29T0:7:11:238,329.17,1576.96,1,
2019-5-29T0:7:11:544,306.54,1612.38,1,
2019-5-29T0:7:11:850,375.68,1971.20,1,
2019-5-29T0:7:12:156,317.78,1720.18,1,
2019-5-29T0:7:12:461,315.62,1657.04,1,
2019-5-29T0:7:12:767,310.23,1593.90,1,
2019-5-29T0:7:13:73,307.92,1596.98,1,
2019-5-29T0:7:13:378,310.54,1643.18,1,
2019-5-29T0:7:13:684,308.00,1584.66,1,
2019-5-29T0:7:13:990,306.54,1572.34,1,
2019-5-29T0:7:14:296,303.38,1640.10,1,
2019-5-29T0:7:14:601,355.59,1789.48,1,
2019-5-29T0:7:14:907,477.25,2522.52,1,
2019-5-29T0:7:15:213,372.53,1988.14,1,
2019-5-29T0:7:15:519,309.92,1615.46,1,
2019-5-29T0:7:15:825,365.21,1849.54,1,
2019-5-29T0:7:16:130,384.77,1824.90,1,
2019-5-29T0:7:16:436,296.22,1524.60,1,
2019-5-29T0:7:16:741,347.12,1758.68,1,
2019-5-29T0:7:17:47,310.00,1569.26,1,
2019-5-29T0:7:17:353,310.54,1672.44,1,
2019-5-29T0:7:17:659,310.08,1581.58,1,
2019-5-29T0:7:17:964,309.08,1584.66,1,
2019-5-29T0:7:18:270,300.53,1553.86,1,
2019-5-29T0:7:18:576,311.62,1592.36,1,
2019-5-29T0:7:18:881,272.66,1726.34,0,
2019-5-29T0:7:19:887,267.50,1880.34,0,
2019-5-29T0:7:20:893,340.49,1664.74,0,
2019-5-29T0:7:21:899,422.96,2137.52,1,
2019-5-29T0:7:22:204,292.52,1553.86,0,
2019-5-29T0:7:23:210,271.66,1384.46,0,
2019-5-29T0:7:24:216,403.17,2035.88,1,
2019-5-29T0:7:24:522,447.14,2069.76,1,
2019-5-29T0:7:24:827,408.72,2075.92,1,
2019-5-29T0:7:25:133,407.71,2149.84,1,
2019-5-29T0:7:25:439,409.49,2071.30,1,
2019-5-29T0:7:25:744,409.02,2069.76,1,
2019-5-29T0:7:26:50,413.41,2066.68,1,
2019-5-29T0:7:26:356,407.48,2071.30,1,
2019-5-29T0:7:26:662,435.97,2075.92,1,
2019-5-29T0:7:26:967,409.18,2117.50,1,
2019-5-29T0:7:27:273,337.18,1627.78,1,
2019-5-29T0:7:27:581,328.02,1635.48,1,
2019-5-29T0:7:27:886,322.71,1624.70,1,
2019-5-29T0:7:28:192,316.39,1712.48,1,
2019-5-29T0:7:28:497,319.70,1623.16,1,
2019-5-29T0:7:28:803,332.72,1718.64,1,
2019-5-29T0:7:29:109,325.63,1627.78,1,
2019-5-29T0:7:29:415,317.24,1647.80,1,
2019-5-29T0:7:29:721,315.78,1617.00,1,
2019-5-29T0:7:30:27,318.24,1627.78,1,
2019-5-29T0:7:30:332,316.78,1617.00,1,
2019-5-29T0:7:30:638,314.70,1620.08,1,
2019-5-29T0:7:30:944,378.76,1894.20,1,
2019-5-29T0:7:31:250,321.09,1640.10,1,
2019-5-29T0:7:31:555,316.62,1612.38,1,
2019-5-29T0:7:31:861,324.71,1627.78,1,
2019-5-29T0:7:32:167,318.24,1627.78,1,
2019-5-29T0:7:32:472,319.01,1624.70,1,
2019-5-29T0:7:32:778,322.71,1761.76,1,
2019-5-29T0:7:33:84,322.09,1650.88,1,
2019-5-29T0:7:33:390,319.09,1629.32,1,
2019-5-29T0:7:33:695,324.40,1988.14,1,
2019-5-29T0:7:34:1,412.95,2086.70,1,
2019-5-29T0:7:34:307,416.65,2271.50,1,
2019-5-29T0:7:34:612,544.16,2656.50,1,
2019-5-29T0:7:34:918,419.11,2094.40,1,
2019-5-29T0:7:35:224,427.58,2293.06,1,
2019-5-29T0:7:35:530,413.49,2145.22,1,
2019-5-29T0:7:35:835,424.50,2094.40,1,
2019-5-29T0:7:36:141,413.41,2097.48,1,
2019-5-29T0:7:36:446,347.42,1640.10,1,
2019-5-29T0:7:36:752,321.01,1647.80,1,
2019-5-29T0:7:37:58,321.40,1655.50,1,
2019-5-29T0:7:37:364,322.94,1637.02,1,
2019-5-29T0:7:37:670,318.63,1627.78,1,
2019-5-29T0:7:37:975,319.01,1635.48,1,
2019-5-29T0:7:38:281,318.09,1624.70,1,
2019-5-29T0:7:38:587,378.07,1940.40,1,
2019-5-29T0:7:38:892,318.78,1627.78,1,
2019-5-29T0:7:39:198,331.64,1615.46,1,
2019-5-29T0:7:39:504,322.09,1627.78,1,
2019-5-29T0:7:39:810,410.87,2086.70,1,
2019-5-29T0:7:40:116,408.56,2071.30,1,
2019-5-29T0:7:40:422,409.10,2082.08,1,
2019-5-29T0:7:40:728,410.87,2075.92,1,
2019-5-29T0:7:41:33,421.57,2086.70,1,
2019-5-29T0:7:41:339,409.49,2071.30,1,
2019-5-29T0:7:41:645,362.52,2035.88,1,
2019-5-29T0:7:41:951,376.38,1975.82,1,
2019-5-29T0:7:42:257,387.00,2051.28,1,
2019-5-29T0:7:42:563,317.01,1620.08,1,
2019-5-29T0:7:42:868,319.32,1624.70,1,
2019-5-29T0:7:43:174,318.70,1655.50,1,
2019-5-29T0:7:43:480,321.09,1643.18,1,
2019-5-29T0:7:43:785,320.94,1690.92,1,
2019-5-29T0:7:44:91,317.09,1715.56,1,
2019-5-29T0:7:44:397,316.08,1612.38,1,
2019-5-29T0:7:44:703,316.39,1617.00,1,
2019-5-29T0:7:45:8,320.94,1623.16,1,
2019-5-29T0:7:45:314,414.80,2082.08,1,
2019-5-29T0:7:45:620,413.18,2058.98,1,
2019-5-29T0:7:45:926,319.24,1627.78,1,
2019-5-29T0:7:46:231,320.78,1632.40,1,
2019-5-29T0:7:46:538,375.07,1948.10,1,
2019-5-29T0:7:46:843,317.93,1811.04,1,
2019-5-29T0:7:47:149,352.74,1809.50,1,
2019-5-29T0:7:47:455,361.36,1841.84,1,
2019-5-29T0:7:47:760,363.82,1824.90,1,
2019-5-29T0:7:48:66,323.94,1627.78,1,
2019-5-29T0:7:48:372,321.40,1627.78,1,
2019-5-29T0:7:48:678,335.49,1587.74,1,
2019-5-29T0:7:48:983,312.85,1601.60,1,
2019-5-29T0:7:49:289,311.39,1640.10,1,
2019-5-29T0:7:49:595,306.61,1687.84,1,
2019-5-29T0:7:49:900,296.30,1516.90,1,
2019-5-29T0:7:50:206,345.81,1747.90,1,
2019-5-29T0:7:50:512,374.91,1901.90,1,
2019-5-29T0:7:50:817,361.36,1798.72,1,
2019-5-29T0:7:51:123,409.41,2240.70,1,
2019-5-29T0:7:51:429,350.81,1774.08,1,
2019-5-29T0:7:51:735,365.90,1854.16,1,
2019-5-29T0:7:52:40,345.19,1761.76,1,
2019-5-29T0:7:52:346,349.89,1769.46,1,
2019-5-29T0:7:52:652,366.98,1778.70,1,
2019-5-29T0:7:52:958,311.39,1635.48,1,
2019-5-29T0:7:53:264,302.84,1546.16,1,
2019-5-29T0:7:53:570,348.19,1552.32,1,
2019-5-29T0:7:53:875,327.33,1821.82,1,
2019-5-29T0:7:54:181,318.93,1643.18,1,
2019-5-29T0:7:54:487,367.21,1715.56,1,
2019-5-29T0:7:54:793,298.91,1526.14,1,
2019-5-29T0:7:55:98,293.99,1504.58,1,
2019-5-29T0:7:55:404,311.39,1580.04,1,
2019-5-29T0:7:55:710,329.17,1572.34,1,
2019-5-29T0:7:56:15,315.78,1572.34,1,
2019-5-29T0:7:56:321,305.92,1589.28,1,
2019-5-29T0:7:56:627,297.84,1637.02,1,
2019-5-29T0:7:56:933,303.84,1564.64,1,
2019-5-29T0:7:57:238,311.54,1576.96,1,
2019-5-29T0:7:57:544,329.79,1569.26,1,
2019-5-29T0:7:57:850,321.48,1596.98,1,
2019-5-29T0:7:58:155,359.82,1672.44,1,
2019-5-29T0:7:58:461,359.51,1663.20,1,
2019-5-29T0:7:58:769,311.31,1569.26,1,
2019-5-29T0:7:59:74,298.68,1529.22,1,
2019-5-29T0:7:59:380,314.54,1536.92,1,
2019-5-29T0:7:59:686,311.39,1581.58,1,
2019-5-29T0:7:59:991,301.53,1576.96,1,
2019-5-29T0:8:0:297,304.30,1532.30,1,
2019-5-29T0:8:0:603,318.01,1489.18,1,
2019-5-29T0:8:0:909,339.03,1592.36,1,
2019-5-29T0:8:1:214,307.92,1513.82,1,
2019-5-29T0:8:1:520,297.84,1526.14,1,
2019-5-29T0:8:1:826,318.39,1620.08,1,
2019-5-29T0:8:2:132,327.79,1695.54,1,
2019-5-29T0:8:2:438,304.69,1580.04,1,
2019-5-29T0:8:2:743,308.31,1564.64,1,
2019-5-29T0:8:3:49,308.31,1560.02,1,
2019-5-29T0:8:3:355,345.11,1560.02,1,
2019-5-29T0:8:3:660,310.93,1576.96,1,
2019-5-29T0:8:3:966,549.55,2676.52,1,
2019-5-29T0:8:4:272,315.08,1604.68,1,
2019-5-29T0:8:4:577,316.62,1663.20,1,
2019-5-29T0:8:4:883,318.70,1864.94,1,
2019-5-29T0:8:5:189,317.70,1627.78,1,
2019-5-29T0:8:5:494,402.48,1998.92,1,
2019-5-29T0:8:5:800,317.93,1617.00,1,
2019-5-29T0:8:6:106,374.07,1908.06,1,
2019-5-29T0:8:6:411,317.01,1615.46,1,
2019-5-29T0:8:6:717,316.78,1617.00,1,
2019-5-29T0:8:7:23,317.09,1620.08,1,
2019-5-29T0:8:7:329,328.40,1715.56,1,
2019-5-29T0:8:7:634,408.56,2069.76,1,
2019-5-29T0:8:7:940,405.87,2054.36,1,
2019-5-29T0:8:8:246,446.14,2055.90,1,
2019-5-29T0:8:8:551,408.18,2228.38,1,
2019-5-29T0:8:8:857,409.87,2071.30,1,
2019-5-29T0:8:9:163,385.08,1945.02,1,
2019-5-29T0:8:9:469,374.61,1627.78,1,
2019-5-29T0:8:9:774,321.24,1718.64,1,
2019-5-29T0:8:10:80,320.24,1629.32,1,
2019-5-29T0:8:10:386,319.32,1632.40,1,
2019-5-29T0:8:10:691,319.78,1643.18,1,
2019-5-29T0:8:10:997,319.63,1623.16,1,
2019-5-29T0:8:11:303,360.67,1831.06,1,
2019-5-29T0:8:11:609,376.76,1952.72,1,
2019-5-29T0:8:11:914,332.18,1624.70,1,
2019-5-29T0:8:12:220,316.32,1620.08,1,
2019-5-29T0:8:12:525,408.48,2086.70,1,
2019-5-29T0:8:12:831,409.26,2134.44,1,
2019-5-29T0:8:13:137,407.02,2083.62,1,
2019-5-29T0:8:13:443,409.02,2079.00,1,
2019-5-29T0:8:13:749,408.18,2117.50,1,
2019-5-29T0:8:14:54,414.18,2189.88,1,
2019-5-29T0:8:14:360,409.10,2079.00,1,
2019-5-29T0:8:14:666,406.87,2054.36,1,
2019-5-29T0:8:14:971,409.49,2079.00,1,
2019-5-29T0:8:15:277,407.10,2066.68,1,
2019-5-29T0:8:15:583,407.18,2040.50,1,
2019-5-29T0:8:15:888,315.78,1655.50,1,
2019-5-29T0:8:16:194,317.70,1615.46,1,
2019-5-29T0:8:16:500,318.24,1623.16,1,
2019-5-29T0:8:16:805,338.72,1615.46,1,
2019-5-29T0:8:17:111,316.93,1629.32,1,
2019-5-29T0:8:17:417,338.42,1615.46,1,
2019-5-29T0:8:17:723,316.01,1637.02,1,
2019-5-29T0:8:18:28,316.08,1612.38,1,
2019-5-29T0:8:18:334,316.62,1609.30,1,
2019-5-29T0:8:18:640,315.24,1615.46,1,
2019-5-29T0:8:18:946,315.78,1581.58,1,
2019-5-29T0:8:19:251,411.41,2069.76,1,
2019-5-29T0:8:19:557,409.41,2169.86,1,
2019-5-29T0:8:19:863,409.72,2054.36,1,
2019-5-29T0:8:20:168,412.26,2117.50,1,
2019-5-29T0:8:20:474,343.03,1690.92,1,
2019-5-29T0:8:20:780,376.61,1783.32,1,
2019-5-29T0:8:21:86,354.82,1797.18,1,
2019-5-29T0:8:21:391,353.12,1814.12,1,
2019-5-29T0:8:21:697,379.61,1818.74,1,
2019-5-29T0:8:22:3,377.68,1809.50,1,
2019-5-29T0:8:22:308,364.90,1761.76,1,
2019-5-29T0:8:22:614,410.26,1801.80,1,
2019-5-29T0:8:22:920,350.20,1783.32,1,
2019-5-29T0:8:23:225,368.60,1801.80,1,
2019-5-29T0:8:23:531,446.68,2129.82,1,
2019-5-29T0:8:23:837,355.89,1980.44,1,
2019-5-29T0:8:24:143,326.48,1703.24,1,
2019-5-29T0:8:24:449,304.69,1544.62,1,
2019-5-29T0:8:24:754,329.64,1624.70,1,
2019-5-29T0:8:25:60,320.78,1635.48,1,
2019-5-29T0:8:25:365,316.32,1617.00,1,
2019-5-29T0:8:25:671,289.21,1481.48,1,
2019-5-29T0:8:25:977,311.70,1581.58,1,
2019-5-29T0:8:26:283,315.70,1612.38,1,
2019-5-29T0:8:26:588,301.84,1552.32,1,
2019-5-29T0:8:26:894,333.72,1573.88,1,
2019-5-29T0:8:27:200,303.61,1683.22,1,
2019-5-29T0:8:27:505,305.69,1592.36,1,
2019-5-29T0:8:27:811,297.68,1524.60,1,
2019-5-29T0:8:28:117,339.18,1593.90,1,
2019-5-29T0:8:28:423,310.31,1620.08,1,
2019-5-29T0:8:28:729,306.38,1552.32,1,
2019-5-29T0:8:29:34,338.03,1678.60,1,
2019-5-29T0:8:29:340,330.18,1707.86,1,
2019-5-29T0:8:29:646,298.99,1524.60,1,
2019-5-29T0:8:29:952,353.58,1683.22,1,
2019-5-29T0:8:30:257,347.19,1763.30,1,
2019-5-29T0:8:30:563,365.90,1643.18,1,
2019-5-29T0:8:30:869,317.32,1647.80,1,
2019-5-29T0:8:31:174,317.78,1652.42,1,
2019-5-29T0:8:31:480,317.93,1647.80,1,
2019-5-29T0:8:31:786,337.34,1620.08,1,
2019-5-29T0:8:32:91,319.78,1624.70,1,
2019-5-29T0:8:32:397,319.32,1687.84,1,
2019-5-29T0:8:32:703,320.94,1637.02,1,
2019-5-29T0:8:33:8,318.01,1615.46,1,
2019-5-29T0:8:33:314,355.28,1750.98,1,
2019-5-29T0:8:33:620,411.26,2083.62,1,
2019-5-29T0:8:33:926,415.26,2091.32,1,
2019-5-29T0:8:34:232,412.18,2091.32,1,
2019-5-29T0:8:34:537,418.96,2099.02,1,
2019-5-29T0:8:34:843,417.88,2111.34,1,
2019-5-29T0:8:35:149,413.72,2094.40,1,
2019-5-29T0:8:35:454,415.80,2102.10,1,
2019-5-29T0:8:35:760,438.28,2102.10,1,
2019-5-29T0:8:36:66,416.42,2091.32,1,
2019-5-29T0:8:36:372,415.18,2126.74,1,
2019-5-29T0:8:36:677,320.47,1637.02,1,
2019-5-29T0:8:36:983,322.71,1644.72,1,
2019-5-29T0:8:37:290,371.68,2054.36,1,
2019-5-29T0:8:37:596,322.78,1644.72,1,
2019-5-29T0:8:37:901,319.93,1675.52,1,
2019-5-29T0:8:38:207,319.63,1629.32,1,
2019-5-29T0:8:38:512,322.24,1617.00,1,
2019-5-29T0:8:38:818,319.93,1643.18,1,
2019-5-29T0:8:39:124,323.09,1643.18,1,
2019-5-29T0:8:39:430,323.25,1640.10,1,
2019-5-29T0:8:39:736,321.32,1655.50,1,
2019-5-29T0:8:40:41,427.35,2122.12,1,
2019-5-29T0:8:40:347,419.26,2137.52,1,
2019-5-29T0:8:40:653,317.70,1643.18,1,
2019-5-29T0:8:40:959,375.37,1908.06,1,
2019-5-29T0:8:41:264,322.48,1644.72,1,
2019-5-29T0:8:41:570,348.12,1769.46,1,
2019-5-29T0:8:41:876,348.58,1797.18,1,
2019-5-29T0:8:42:182,326.63,1687.84,1,
2019-5-29T0:8:42:488,322.32,1647.80,1,
2019-5-29T0:8:42:794,344.11,1695.54,1,
2019-5-29T0:8:43:99,320.01,1629.32,1,
2019-5-29T0:8:43:405,321.78,1644.72,1,
2019-5-29T0:8:43:711,322.01,1670.90,1,
2019-5-29T0:8:44:17,407.18,1937.32,1,
2019-5-29T0:8:44:322,321.94,1647.80,1,
2019-5-29T0:8:44:628,331.87,1640.10,1,
2019-5-29T0:8:44:934,330.79,1623.16,1,
2019-5-29T0:8:45:240,411.18,2079.00,1,
2019-5-29T0:8:45:546,411.80,2091.32,1,
2019-5-29T0:8:45:852,404.71,2079.00,1,
2019-5-29T0:8:46:158,427.27,2083.62,1,
2019-5-29T0:8:46:463,410.10,2833.60,1,
2019-5-29T0:8:46:769,326.02,1734.04,1,
2019-5-29T0:8:47:74,321.71,1632.40,1,
2019-5-29T0:8:47:380,325.40,1632.40,1,
2019-5-29T0:8:47:686,317.70,1627.78,1,
2019-5-29T0:8:47:992,329.41,1818.74,1,
2019-5-29T0:8:48:297,320.94,1637.02,1,
2019-5-29T0:8:48:603,322.48,1632.40,1,
2019-5-29T0:8:48:909,315.39,1623.16,1,
2019-5-29T0:8:49:215,319.63,1623.16,1,
2019-5-29T0:8:49:522,319.63,1635.48,1,
2019-5-29T0:8:49:827,318.09,1623.16,1,
2019-5-29T0:8:50:133,412.80,2089.78,1,
2019-5-29T0:8:50:439,420.42,2089.78,1,
2019-5-29T0:8:50:744,412.87,2117.50,1,
2019-5-29T0:8:51:50,331.33,1684.76,1,
2019-5-29T0:8:51:356,461.00,2303.84,1,
2019-5-29T0:8:51:661,453.38,2296.14,1,
2019-5-29T0:8:51:967,441.21,2229.92,1,
2019-5-29T0:8:52:273,352.51,1811.04,1,
2019-5-29T0:8:52:579,350.43,1797.18,1,
2019-5-29T0:8:52:884,410.18,1786.40,1,
2019-5-29T0:8:53:190,342.50,1741.74,1,
2019-5-29T0:8:53:496,356.97,1783.32,1,
2019-5-29T0:8:53:801,350.12,1831.06,1,
2019-5-29T0:8:54:107,355.20,1781.78,1,
2019-5-29T0:8:54:413,362.28,1817.20,1,
2019-5-29T0:8:54:719,343.73,1754.06,1,
2019-5-29T0:8:55:25,354.28,1866.48,1,
2019-5-29T0:8:55:330,348.42,1818.74,1,
2019-5-29T0:8:55:636,473.40,2209.90,1,
2019-5-29T0:8:55:941,454.30,2442.44,1,
2019-5-29T0:8:56:247,367.29,1909.60,1,
2019-5-29T0:8:56:553,380.92,1928.08,1,
2019-5-29T0:8:56:859,349.89,1794.10,1,
2019-5-29T0:8:57:164,358.67,1881.88,1,
2019-5-29T0:8:57:470,387.08,1852.62,1,
2019-5-29T0:8:57:776,354.97,1817.20,1,
2019-5-29T0:8:58:82,294.99,1536.92,1,
2019-5-29T0:8:58:387,292.14,1664.74,1,
2019-5-29T0:8:58:693,309.54,1576.96,1,
2019-5-29T0:8:58:999,311.54,1758.68,1,
2019-5-29T0:8:59:305,325.02,1637.02,1,
2019-5-29T0:8:59:610,332.33,2654.96,1,
2019-5-29T0:8:59:916,439.05,2303.84,1,
2019-5-29T0:9:0:222,339.80,1778.70,1,
2019-5-29T0:9:0:528,296.83,1521.52,1,
2019-5-29T0:9:0:833,309.00,1501.50,1,
2019-5-29T0:9:1:139,329.10,1576.96,1,
2019-5-29T0:9:1:445,305.38,1553.86,1,
2019-5-29T0:9:1:750,307.31,1561.56,1,
2019-5-29T0:9:2:56,289.60,1498.42,1,
2019-5-29T0:9:2:362,315.93,1493.80,1,
2019-5-29T0:9:2:668,307.54,1573.88,1,
2019-5-29T0:9:2:974,310.62,1600.06,1,
2019-5-29T0:9:3:279,311.00,1592.36,1,
2019-5-29T0:9:3:585,320.24,1566.18,1,
2019-5-29T0:9:3:890,310.00,1566.18,1,
2019-5-29T0:9:4:196,291.52,1652.42,1,
2019-5-29T0:9:4:502,314.93,1612.38,1,
2019-5-29T0:9:4:808,432.66,2152.92,1,
2019-5-29T0:9:5:113,369.06,1678.60,1,
2019-5-29T0:9:5:419,306.23,1617.00,1,
