Unnamed: 0,time_since_last_recording_server_2_tactic_1,latency_server_2_tactic_1,cost_server_2_tactic_1,reliability_server_2_tactic_1,time_since_last_ping_server_2_tactic_1,ping_time_server_2_tactic_1,day1_server_2_tactic_1,day2_server_2_tactic_1,day3_server_2_tactic_1,day4_server_2_tactic_1,day5_server_2_tactic_1,day6_server_2_tactic_1,day7_server_2_tactic_1,predicted_Latency 9,predicted_Cost 9,predicted_Reliability 9,timestamp
0,0.0020070917240917,0.0177057092919073,0.1328125,1,0.0086991980426804,0.3802208226830746,0.0,0.0,0.0,0.0,1.0,0.0,0.0,0.024013681000000002,0.13432649,1.0,2020-04-17 05:31:49.000900
1,0.0120425503445507,0.0179643251093481,0.119140625,1,0.0012233247247519,0.3800495401723365,0.0,0.0,0.0,0.0,1.0,0.0,0.0,0.02402209,0.1345009,1.0,2020-04-17 05:44:26.000440
2,0.0025423161838496,0.0179343330901225,0.123046875,1,0.0053690362919668,0.3797860286173549,0.0,0.0,0.0,0.0,1.0,0.0,0.0,0.024348915,0.13720609,1.0,2020-04-17 05:46:05.000901
3,0.0025423161838496,0.018233216106493998,0.1328125,1,0.0042136740519233,0.3800100134390893,0.0,0.0,0.0,0.0,1.0,0.0,0.0,0.024988107000000002,0.1423937,1.0,2020-04-17 05:49:33.000808
4,0.0066903057469726,0.017966936944974,0.154296875,1,0.0016310996330025,0.3797728530396058,0.0,0.0,0.0,0.0,1.0,0.0,0.0,0.023713315,0.1315777,1.0,2020-04-17 05:54:55.000054
5,0.009031912758413,0.0179457105316474,0.10546875,1,0.0011553622400434,0.3799177843948457,0.0,0.0,0.0,0.0,1.0,0.0,0.0,0.02386012,0.13333978,1.0,2020-04-17 05:58:11.000586
6,0.0040141834481835,0.0179435081075545,0.119140625,1,0.0054369987766752,0.3805326446898029,0.0,0.0,0.0,0.0,1.0,0.0,0.0,0.024216045,0.1361471,1.0,2020-04-17 06:03:39.000336
7,0.0007359336321669,0.0178679076435522,0.1289062499999999,1,0.0024466494495038,0.3800846750463341,0.0,0.0,0.0,0.0,1.0,0.0,0.0,0.023781173,0.13246173,1.0,2020-04-17 06:10:21.000149
8,0.0053522445975781,0.0177505681986467,0.111328125,1,0.0018349870871279,0.3804360237863097,0.0,0.0,0.0,0.0,1.0,0.0,0.0,0.024119731000000002,0.13543682,1.0,2020-04-17 06:15:14.000774
9,0.0035458620458954,0.0179392187344164,0.126953125,1,0.0005436998776675,0.3797728530396058,0.0,0.0,0.0,0.0,1.0,0.0,0.0,0.023706865,0.1318557,1.0,2020-04-17 06:19:10.000489
10,0.0074262393791396,0.0179363486545927,0.109375,1,0.0106701100992252,0.3803086598680685,0.0,0.0,0.0,0.0,1.0,0.0,0.0,0.024157599,0.13576216,1.0,2020-04-17 06:28:25.000935
11,0.0030775406436074,0.0176954005194609,0.1289062499999999,1,0.0014272121788772,0.3799265681133451,0.0,0.0,0.0,0.0,1.0,0.0,0.0,0.02453565,0.13868457,1.0,2020-04-17 06:31:33.000288
12,0.0051515354251689,0.0179138940066671,0.1386718749999999,1,0.0008155498165012,0.3802427819793231,0.0,0.0,0.0,0.0,1.0,0.0,0.0,0.025271194,0.14466947,1.0,2020-04-17 06:36:32.000839
13,0.0023416070114404,0.0179387211419378,0.1640625,1,0.0108060350686421,0.3799748785650917,0.0,0.0,0.0,0.0,1.0,0.0,0.0,0.023610491,0.1306444,1.0,2020-04-17 06:41:20.000809
14,0.0020739947815615,0.0179468442866619,0.099609375,1,0.0012912872094603,0.3798826495208481,0.0,0.0,0.0,0.0,1.0,0.0,0.0,0.024078702999999996,0.13524863,1.0,2020-04-17 06:46:32.000380
15,0.0039472803907138,0.0184515773222819,0.126953125,1,0.0008835123012097,0.3803306191643169,0.0,0.0,0.0,0.0,1.0,0.0,0.0,0.02409045,0.13501229999999997,1.0,2020-04-17 06:52:52.000397
16,0.0037465712183046,0.018050801223304002,0.123046875,1,0.000475737392959,0.3801637285128287,0.0,0.0,0.0,0.0,1.0,0.0,0.0,0.024235535,0.13626227,1.0,2020-04-17 06:58:56.000674
17,0.0022078008965009,0.0179679678222186,0.1289062499999999,1,0.0019029495718363,0.3796015705288677,0.0,0.0,0.0,0.0,1.0,0.0,0.0,0.023721177000000003,0.13195767,1.0,2020-04-17 07:01:46.000502
18,0.0015387703218037,0.0179438608313368,0.109375,1,0.0036020116895473,0.3801198099203317,0.0,0.0,0.0,0.0,1.0,0.0,0.0,0.023797178999999998,0.13281322,1.0,2020-04-17 07:11:23.000880
19,6.690305746972637e-05,0.0181868854177822,0.115234375,1,0.0057768112002174,0.3797377181656082,0.0,0.0,0.0,0.0,1.0,0.0,0.0,0.02394031,0.13393308,1.0,2020-04-17 07:17:21.000540
20,0.0024754131263798,0.0179831139493935,0.119140625,1,0.0021068370259616,0.3798431227876009,0.0,0.0,0.0,0.0,1.0,0.0,0.0,0.023398224,0.12941311,1.0,2020-04-17 07:20:40.000200
21,0.0019401886666220002,0.0177628106532567,0.099609375,1,0.0002718499388337,0.3807083190597908,0.0,0.0,0.0,0.0,1.0,0.0,0.0,0.0242423,0.13660608,1.0,2020-04-17 07:24:30.000388
22,0.0012711580919248,0.0182954235645012,0.1328125,1,0.0011553622400434,0.3800319727353377,0.0,0.0,0.0,0.0,1.0,0.0,0.0,0.024182047999999998,0.13571495,1.0,2020-04-17 07:28:26.000174
23,0.0025423161838496,0.0181650102446418,0.125,1,0.0010194372706266,0.37985629836535,0.0,0.0,0.0,0.0,1.0,0.0,0.0,0.023921672,0.13365236,1.0,2020-04-17 07:34:34.000218
24,0.0040141834481835,0.0179298316628058,0.1171875,1,0.0070680984096778,0.3799968378613402,0.0,0.0,0.0,0.0,1.0,0.0,0.0,0.023988577,0.13428974,1.0,2020-04-17 07:38:21.000451
25,0.0010704489195156,0.017951965080144,0.12109375,1,0.0019029495718363,0.3801022424833329,0.0,0.0,0.0,0.0,1.0,0.0,0.0,0.024724891000000002,0.14035381,1.0,2020-04-17 07:45:36.000979
26,0.0028099284137285,0.0184215643075932,0.146484375,1,0.0008835123012097,0.3798826495208481,0.0,0.0,0.0,0.0,1.0,0.0,0.0,0.023802700000000003,0.13241811,1.0,2020-04-17 07:53:53.000933
27,0.0046832140228808,0.018170164630865,0.109375,1,0.0004077749082506,0.3802339982608237,0.0,0.0,0.0,0.0,1.0,0.0,0.0,0.024060037000000003,0.13496448,1.0,2020-04-17 07:59:42.000725
28,0.0006021275172275,0.0182705271442019,0.125,1,0.0043495990213402,0.3801066343425826,0.0,0.0,0.0,0.0,1.0,0.0,0.0,0.02414769,0.13552997,1.0,2020-04-17 08:03:30.000058
29,0.0007359336321669,0.0177055119345529,0.125,1,0.0013592496941688,0.3802691331348213,0.0,0.0,0.0,0.0,1.0,0.0,0.0,0.024200587000000003,0.13596883,1.0,2020-04-17 08:07:14.000650
30,0.0020739947815615,0.017956747846667998,0.126953125,1,0.004009786597798,0.3803877133345631,0.0,0.0,0.0,0.0,1.0,0.0,0.0,0.023767505,0.1323624,1.0,2020-04-17 08:10:25.000062
31,0.0057536629423964,0.0179945690741323,0.111328125,1,0.0093108604050564,0.3799836622835912,0.0,0.0,0.0,0.0,1.0,0.0,0.0,0.023735213999999998,0.1322588,1.0,2020-04-17 08:19:16.000748
32,0.0008697397471064,0.0178354003678316,0.11328125,1,0.0021747995106701,0.3799792704243415,0.0,0.0,0.0,0.0,1.0,0.0,0.0,0.024036705,0.13475074,1.0,2020-04-17 08:26:36.000294
33,0.0080952699538368,0.0179658766740808,0.123046875,1,0.0079516107108875,0.3804623749418079,0.0,0.0,0.0,0.0,1.0,0.0,0.0,0.024490394,0.13835058,1.0,2020-04-17 08:31:48.000089
34,0.0029437345286679,0.0179453935001526,0.1386718749999999,1,0.0,0.3801681203720783,0.0,0.0,0.0,0.0,1.0,0.0,0.0,0.022878363999999998,0.12492946,1.0,2020-04-17 08:36:35.000348
35,0.0082290760687763,0.0177179790406195,0.078125,1,0.0051651488378415,0.3808225074002829,0.0,0.0,0.0,0.0,1.0,0.0,0.0,0.022959031,0.12624294,1.0,2020-04-17 08:40:57.000634
36,0.0095002341607011,0.018243892299547,0.091796875,1,0.0124371347016446,0.3800363645945874,0.0,0.0,0.0,0.0,1.0,0.0,0.0,0.023132076,0.12749852,1.0,2020-04-17 08:46:33.000928
37,0.0032113467585468,0.0179599748493666,0.095703125,1,0.0050971863531329995,0.3799529192688433,0.0,0.0,0.0,0.0,1.0,0.0,0.0,0.024055319,0.1351005,1.0,2020-04-17 08:51:48.000730
38,0.0035458620458954,0.0177129779212779,0.126953125,1,0.0034660867201304,0.3801681203720783,0.0,0.0,0.0,0.0,1.0,0.0,0.0,0.023320342999999997,0.12867758,1.0,2020-04-17 08:57:53.000079
39,0.0051515354251689,0.0181832133112631,0.095703125,1,0.0053690362919668,0.3798123797728529,0.0,0.0,0.0,0.0,1.0,0.0,0.0,0.023499212999999998,0.13049679,1.0,2020-04-17 09:00:26.000675
40,0.0214089783903124,0.0179923162609276,0.107421875,1,0.0016990621177110001,0.3803613621790649,0.0,0.0,0.0,0.0,1.0,0.0,0.0,0.023932178,0.13384572,1.0,2020-04-17 09:10:05.000178
41,0.0018063825516826,0.0178544936420939,0.123046875,1,0.0040777490825064,0.3798519065061003,0.0,0.0,0.0,0.0,1.0,0.0,0.0,0.02418784,0.13587977,1.0,2020-04-17 09:12:48.000850
42,0.0049508262527597,0.0179350406372334,0.126953125,1,0.0038738616283811,0.3800846750463341,0.0,0.0,0.0,0.0,1.0,0.0,0.0,0.023976155,0.13406627,1.0,2020-04-17 09:19:56.000825
43,0.0054860507125175,0.018199698948992,0.119140625,1,0.0019709120565447,0.3803789296160637,0.0,0.0,0.0,0.0,1.0,0.0,0.0,0.023277312999999997,0.12839961,1.0,2020-04-17 09:27:29.000754
44,0.0032113467585468,0.0181752308361426,0.095703125,1,0.0082914231344297,0.3799353518318445,0.0,0.0,0.0,0.0,1.0,0.0,0.0,0.023561317000000002,0.13102102,1.0,2020-04-17 09:34:07.000402
45,0.0054191476550478,0.0177163371953949,0.109375,1,0.0046214489601739,0.3797201507286094,0.0,0.0,0.0,0.0,1.0,0.0,0.0,0.02334018,0.12903419,1.0,2020-04-17 09:40:58.000636
46,0.0052853415401083,0.017742993035513,0.099609375,1,0.0089030854968057,0.3807741969485362,0.0,0.0,0.0,0.0,1.0,0.0,0.0,0.023238955,0.12831496,1.0,2020-04-17 09:43:28.000529
47,0.0005352244597578,0.0177712928204021,0.09765625,1,0.0,0.3806160900155472,0.0,0.0,0.0,0.0,1.0,0.0,0.0,0.023081322999999997,0.12706566,1.0,2020-04-17 09:46:05.000397
48,0.0029437345286679,0.0181834526595439,0.091796875,1,0.0014951746635857,0.3809279120222756,0.0,0.0,0.0,0.0,1.0,0.0,0.0,0.02332266,0.12910262,1.0,2020-04-17 09:52:58.000331
49,0.0016056733792734,0.01774667773931,0.1015625,1,0.0045534864754655,0.3803086598680685,0.0,0.0,0.0,0.0,1.0,0.0,0.0,0.023206757,0.12804687,1.0,2020-04-17 09:57:22.000762
50,0.0109051983675653,0.0179508460219537,0.095703125,1,0.0050971863531329995,0.4077709557564099,0.0,0.0,0.0,0.0,1.0,0.0,0.0,0.023255337,0.12846246,1.0,2020-04-17 10:06:40.000964
51,0.0027430253562587,0.0177232971914559,0.099609375,1,0.0015631371482941,0.3814066246804922,0.0,0.0,0.0,0.0,1.0,0.0,0.0,0.024019979,0.13476631,1.0,2020-04-17 10:10:26.000745
52,0.011975647287081,0.0177213656088387,0.125,1,0.0019709120565447,0.3803833214753134,0.0,0.0,0.0,0.0,1.0,0.0,0.0,0.023939397,0.13375320000000002,1.0,2020-04-17 10:18:13.000994
53,0.0014049642068642,0.0177171098284418,0.119140625,1,0.0058447736849259,0.3797816367581052,0.0,0.0,0.0,0.0,1.0,0.0,0.0,0.023897484,0.13353020000000002,1.0,2020-04-17 10:23:47.000431
54,0.0009366428045761,0.0179976176153935,0.1171875,1,0.0055729237460921,0.3801988633868262,0.0,0.0,0.0,0.0,1.0,0.0,0.0,0.023172993,0.12759466,1.0,2020-04-17 10:27:37.000812
55,0.0060212751722753,0.0177137988438902,0.091796875,1,0.0012912872094603,0.3798650820838494,0.0,0.0,0.0,0.0,1.0,0.0,0.0,0.023254412999999998,0.12852801,1.0,2020-04-17 10:34:29.000347
56,0.0080283668963671,0.0177483972677486,0.099609375,1,0.0011553622400434,0.3799046088170967,0.0,0.0,0.0,0.0,1.0,0.0,0.0,0.024327785,0.13728376,1.0,2020-04-17 10:39:47.000488
57,0.011239713654914,0.0179902104159656,0.13671875,1,0.0107380725839336,0.3802515656978225,0.0,0.0,0.0,0.0,1.0,0.0,0.0,0.024215992999999998,0.13589983,1.0,2020-04-17 10:46:39.000011
58,0.0014718672643339,0.018103266786372,0.126953125,1,0.0024466494495038,0.3799397436910942,0.0,0.0,0.0,0.0,1.0,0.0,0.0,0.024696171,0.14004411,1.0,2020-04-17 10:50:22.000257
59,0.000468321402288,0.018056136170511,0.14453125,1,0.0006796248470844,0.3802603494163219,0.0,0.0,0.0,0.0,1.0,0.0,0.0,0.023471218,0.12973005,1.0,2020-04-17 10:58:08.000989
60,0.0010035458620458,0.0182080194510705,0.09765625,1,0.0012233247247519,0.3801066343425826,0.0,0.0,0.0,0.0,1.0,0.0,0.0,0.024563613999999998,0.13929862,1.0,2020-04-17 10:59:47.000671
61,0.0015387703218037,0.017942861447287,0.14453125,1,0.0054369987766752,0.3816042583467285,0.0,0.0,0.0,0.0,1.0,0.0,0.0,0.023796538,0.13240312,1.0,2020-04-17 11:05:51.000825
62,0.0032782498160165,0.0177079159150929,0.109375,1,0.0015631371482941,0.3798606902245997,0.0,0.0,0.0,0.0,1.0,0.0,0.0,0.023070915,0.12683396,1.0,2020-04-17 11:11:05.000227
63,0.0014718672643339,0.0179408059914367,0.0898437499999999,1,0.0013592496941688,0.3798387309283512,0.0,0.0,0.0,0.0,1.0,0.0,0.0,0.023040274,0.12681505,1.0,2020-04-17 11:17:45.000039
64,0.0,0.0177099398777484,0.091796875,1,0.0009514747859181,0.3801110262018324,0.0,0.0,0.0,0.0,1.0,0.0,0.0,0.024158552000000003,0.1360169,1.0,2020-04-17 11:23:40.000411
65,0.0025423161838496,0.0182476042974463,0.130859375,1,6.796248470844094e-05,0.3805194691120539,0.0,0.0,0.0,0.0,1.0,0.0,0.0,0.02389476,0.13335991,1.0,2020-04-17 11:30:29.000487
66,0.0060212751722753,0.0181885461589237,0.115234375,1,0.0002718499388337,0.3802383901200735,0.0,0.0,0.0,0.0,1.0,0.0,0.0,0.02457095,0.13912296,1.0,2020-04-17 11:39:04.000058
67,0.0048170201378202,0.0177151131598885,0.142578125,1,0.0001359249694168,0.3803569703198153,0.0,0.0,0.0,0.0,1.0,0.0,0.0,0.02349931,0.12996568,1.0,2020-04-17 11:44:04.000145
68,0.0004014183448183,0.0177291234325026,0.099609375,1,0.0023786869647954,0.3798079879136034,0.0,0.0,0.0,0.0,1.0,0.0,0.0,0.02358946,0.13122405,1.0,2020-04-17 11:45:38.000143
69,0.0143841573559911,0.0179532017129283,0.109375,1,0.0023786869647954,0.3799836622835912,0.0,0.0,0.0,0.0,1.0,0.0,0.0,0.02302986,0.12643667,1.0,2020-04-17 11:53:55.000199
70,0.009767846390579999,0.0177628295491736,0.0898437499999999,1,0.0052331113225499,0.3799090006763464,0.0,0.0,0.0,0.0,1.0,0.0,0.0,0.024276137000000003,0.13696223,1.0,2020-04-17 12:00:52.000704
71,0.0021408978390312,0.0181084316703268,0.13671875,1,6.796248470844094e-05,0.3806292655932963,0.0,0.0,0.0,0.0,1.0,0.0,0.0,0.024142051,0.13533443,1.0,2020-04-17 12:05:23.000093
72,0.0020739947815615,0.0183460499249902,0.123046875,1,0.0027864618730459997,0.3803042680088189,0.0,0.0,0.0,0.0,1.0,0.0,0.0,0.023308482000000002,0.12863113,1.0,2020-04-17 12:11:15.000066
73,0.0028099284137285,0.0177578536243879,0.095703125,1,0.0047573739295908,0.3802471738385728,0.0,0.0,0.0,0.0,1.0,0.0,0.0,0.024600512999999997,0.13962424,1.0,2020-04-17 12:17:09.000573
74,0.0039472803907138,0.0177039624693665,0.146484375,1,0.0044855239907571,0.3802779168533208,0.0,0.0,0.0,0.0,1.0,0.0,0.0,0.023905594,0.13326772,1.0,2020-04-17 12:20:15.000061
75,0.0048170201378202,0.0177212438351519,0.11328125,1,0.0020388745412532,0.379698191432361,0.0,0.0,0.0,0.0,1.0,0.0,0.0,0.023692373,0.13188903,1.0,2020-04-17 12:27:05.000807
76,0.0145848665284003,0.0179784592551952,0.111328125,1,0.0020388745412532,0.3818765536202096,0.0,0.0,0.0,0.0,1.0,0.0,0.0,0.023701902,0.13193715,1.0,2020-04-17 12:35:19.000037
77,0.0048839231952899995,0.0178126160911333,0.11328125,1,0.0012912872094603,0.3805238609713037,0.0,0.0,0.0,0.0,1.0,0.0,0.0,0.023250107000000002,0.12825216,1.0,2020-04-17 12:38:38.000899
78,0.0040810865056533,0.0177137631516027,0.095703125,1,0.0073399483485116,0.3803481866013158,0.0,0.0,0.0,0.0,1.0,0.0,0.0,0.023556842,0.13098261,1.0,2020-04-17 12:43:57.000267
79,0.0003345152873486,0.0177196691754096,0.109375,1,0.0033301617507136,0.380172512231328,0.0,0.0,0.0,0.0,1.0,0.0,0.0,0.024401665,0.13782278,1.0,2020-04-17 12:48:17.000953
80,0.0020070917240917,0.017705089925742,0.13671875,1,0.001087399755335,0.3796630565583634,0.0,0.0,0.0,0.0,1.0,0.0,0.0,0.023039356,0.12627287,1.0,2020-04-17 12:53:31.000338
81,0.004147989563122999,0.0180096459162785,0.0839843749999999,1,0.0049612613837161,0.3838572821418221,0.0,0.0,0.0,0.0,1.0,0.0,0.0,0.024270859,0.13701706,1.0,2020-04-17 12:58:44.000293
82,0.0023416070114404,0.0181358202521117,0.13671875,1,0.0082914231344297,0.3802427819793231,0.0,0.0,0.0,0.0,1.0,0.0,0.0,0.023592558,0.13080826,1.0,2020-04-17 13:06:14.000894
83,0.009031912758413,0.0178253288441197,0.103515625,1,0.0034660867201304,0.3813758816657444,0.0,0.0,0.0,0.0,1.0,0.0,0.0,0.023021434,0.12646434,1.0,2020-04-17 13:12:09.000168
84,0.0049508262527597,0.0177118378676244,0.0898437499999999,1,0.0027184993883376,0.3797421100248579,0.0,0.0,0.0,0.0,1.0,0.0,0.0,0.023525864,0.1307909,1.0,2020-04-17 13:17:28.000053
85,0.0073593363216699,0.0177014598101494,0.109375,1,0.0031262742965882,0.3805370365490527,0.0,0.0,0.0,0.0,1.0,0.0,0.0,0.023829242,0.13304974,1.0,2020-04-17 13:24:16.000616
86,0.0003345152873486,0.017950938401992,0.1171875,1,0.0109419600380589,0.3805370365490527,0.0,0.0,0.0,0.0,1.0,0.0,0.0,0.023618077999999997,0.13125427,1.0,2020-04-17 13:26:11.000969
87,0.0008697397471064,0.0179637372363776,0.107421875,1,0.0047573739295908,0.3798519065061003,0.0,0.0,0.0,0.0,1.0,0.0,0.0,0.023900166,0.13369067,1.0,2020-04-17 13:36:51.000323
88,0.0101023616779286,0.0179941617621457,0.119140625,1,0.0045534864754655,0.380058323890836,0.0,0.0,0.0,0.0,1.0,0.0,0.0,0.02435616,0.13727522,1.0,2020-04-17 13:41:20.000269
89,0.0011373519769853,0.0177516200713546,0.134765625,1,0.0037379366589642,0.3799880541428409,0.0,0.0,0.0,0.0,1.0,0.0,0.0,0.024516324,0.13846202,1.0,2020-04-17 13:45:33.000425
90,0.0020739947815615,0.0182505520604839,0.13671875,1,0.0,0.3798694739430991,0.0,0.0,0.0,0.0,1.0,0.0,0.0,0.02375875,0.13217717,1.0,2020-04-17 13:49:09.000544
91,0.0034120559309559996,0.0177144581014357,0.109375,1,0.0075438358026369,0.3803877133345631,0.0,0.0,0.0,0.0,1.0,0.0,0.0,0.023734007,0.13228682,1.0,2020-04-17 13:53:29.000019
92,0.0054191476550478,0.0177443850347252,0.11328125,1,0.0003398124235422,0.3809147364445265,0.0,0.0,0.0,0.0,1.0,0.0,0.0,0.023414064,0.12959664,1.0,2020-04-17 14:02:54.000984
93,0.0018732856091523,0.0177264381127553,0.1015625,1,0.0012912872094603,0.3805589958453012,0.0,0.0,0.0,0.0,1.0,0.0,0.0,0.023923134,0.13394584,1.0,2020-04-17 14:09:55.000306
94,0.0018063825516826,0.0179596620169644,0.12109375,1,0.0061166236237596,0.3805546039860515,0.0,0.0,0.0,0.0,1.0,0.0,0.0,0.023575522,0.13085273,1.0,2020-04-17 14:12:16.000114
95,0.0002007091724091,0.0177366545051635,0.10546875,1,0.0012912872094603,0.3802076471053256,0.0,0.0,0.0,0.0,1.0,0.0,0.0,0.023007862,0.12637925,1.0,2020-04-17 14:16:35.000500
96,0.0020739947815615,0.0177243343673396,0.087890625,1,0.0055729237460921,0.3803877133345631,0.0,0.0,0.0,0.0,1.0,0.0,0.0,0.023748027,0.13266157,1.0,2020-04-17 14:22:02.000063
97,0.0121094534020204,0.0177202948402139,0.1171875,1,0.0123012097322278,0.3805897388600489,0.0,0.0,0.0,0.0,1.0,0.0,0.0,0.023628127000000002,0.13127626,1.0,2020-04-17 14:31:04.000450
98,0.0028099284137285,0.0178709960761935,0.109375,1,0.0058447736849259,0.381266085184502,0.0,0.0,0.0,0.0,1.0,0.0,0.0,0.023461282000000003,0.13004157,1.0,2020-04-17 14:36:02.000311
99,0.0073593363216699,0.0179566029779717,0.103515625,1,0.0012233247247519,0.3806863597635424,0.0,0.0,0.0,0.0,1.0,0.0,0.0,0.02352722,0.1306266,1.0,2020-04-17 14:40:24.000061
100,0.0004014183448183,0.0179816799592548,0.107421875,1,0.0031942367812967,0.3802427819793231,0.0,0.0,0.0,0.0,1.0,0.0,0.0,0.023902207999999998,0.13370866,1.0,2020-04-17 14:45:44.000034
101,0.0044156017930019,0.0181863395357382,0.119140625,1,0.0061166236237596,0.3803086598680685,0.0,0.0,0.0,0.0,1.0,0.0,0.0,0.023280814,0.12843661,1.0,2020-04-17 14:52:23.000093
102,0.011239713654914,0.0177938818392923,0.095703125,1,0.0012912872094603,0.3804887260973061,0.0,0.0,0.0,0.0,1.0,0.0,0.0,0.023364732000000003,0.12935984,1.0,2020-04-17 14:59:45.000546
103,0.0019401886666220002,0.0179636217613298,0.103515625,1,0.0007475873317928,0.3801285936388311,0.0,0.0,0.0,0.0,1.0,0.0,0.0,0.023877487000000003,0.13354549999999998,1.0,2020-04-17 15:03:55.000711
104,0.0015387703218037,0.0177120583199884,0.119140625,1,0.0031262742965882,0.3803042680088189,0.0,0.0,0.0,0.0,1.0,0.0,0.0,0.023896646,0.13352439,1.0,2020-04-17 15:09:08.000114
105,0.0048839231952899995,0.0177371415999105,0.1171875,1,0.0042136740519233,0.3799485274095936,0.0,0.0,0.0,0.0,1.0,0.0,0.0,0.02332421,0.12881473,1.0,2020-04-17 15:12:30.000456
106,0.0,0.0179744575199033,0.09765625,1,0.0063205110778850005,0.3801066343425826,0.0,0.0,0.0,0.0,1.0,0.0,0.0,0.024077225,0.1352721,1.0,2020-04-17 15:20:17.000967
107,0.002676122298789,0.0182230878950314,0.126953125,1,0.0016310996330025,0.3803306191643169,0.0,0.0,0.0,0.0,1.0,0.0,0.0,0.023820538,0.13279593,1.0,2020-04-17 15:23:58.000361
108,0.0265605138154813,0.017741076149720002,0.11328125,1,0.0110778850074758,0.3804491993640588,0.0,0.0,0.0,0.0,1.0,0.0,0.0,0.023390334,0.12928636,1.0,2020-04-17 15:34:23.000373
109,0.0084297852411855,0.0179644825753223,0.103515625,1,0.0113497349463096,0.3806600086080441,0.0,0.0,0.0,0.0,1.0,0.0,0.0,0.022915116,0.12558238,1.0,2020-04-17 15:41:15.000839
110,0.009767846390579999,0.0194922132582348,0.0859375,1,0.0036699741742558,0.3801549447943293,0.0,0.0,0.0,0.0,1.0,0.0,0.0,0.023550268,0.13099298,1.0,2020-04-17 15:46:10.000679
111,0.0095671372181708,0.0184822432958772,0.111328125,1,0.0010194372706266,0.3803789296160637,0.0,0.0,0.0,0.0,1.0,0.0,0.0,0.023722003999999998,0.13212669,1.0,2020-04-17 15:50:17.000126
112,0.0053522445975781,0.0177301816038494,0.11328125,1,0.004009786597798,0.3806600086080441,0.0,0.0,0.0,0.0,1.0,0.0,0.0,0.023414302999999997,0.12959895,1.0,2020-04-17 15:54:51.000434
113,0.0061550812872148,0.0177487772856331,0.1015625,1,0.0078156857414707,0.3803921051938128,0.0,0.0,0.0,0.0,1.0,0.0,0.0,0.023576887,0.1310676,1.0,2020-04-17 15:57:29.000982
114,0.0022078008965009,0.0177622353775642,0.109375,1,0.0029223868424629,0.3800495401723365,0.0,0.0,0.0,0.0,1.0,0.0,0.0,0.023793947000000003,0.13278557,1.0,2020-04-17 16:07:48.000067
115,0.0029437345286679,0.0179982957688558,0.115234375,1,0.0021068370259616,0.3804228482085607,0.0,0.0,0.0,0.0,1.0,0.0,0.0,0.023873892,0.13337234,1.0,2020-04-17 16:13:03.000676
116,0.0,0.0177955341822486,0.1171875,1,0.0009514747859181,0.3814022328212426,0.0,0.0,0.0,0.0,1.0,0.0,0.0,0.023563447999999997,0.13080935,1.0,2020-04-17 16:18:58.000350
117,0.0002676122298789,0.017709463280733,0.10546875,1,0.0027864618730459997,0.3804228482085607,0.0,0.0,0.0,0.0,1.0,0.0,0.0,0.023396991000000002,0.12957056,1.0,2020-04-17 16:23:53.000674
118,0.0007359336321669,0.0182675604852474,0.1015625,1,0.0008155498165012,0.3804052807715618,0.0,0.0,0.0,0.0,1.0,0.0,0.0,0.023764412999999998,0.13263604,1.0,2020-04-17 16:29:50.000878
119,0.0040810865056533,0.0182096444999246,0.115234375,1,0.0002038874541253,0.3809454794592743,0.0,0.0,0.0,0.0,1.0,0.0,0.0,0.023263786,0.12834206,1.0,2020-04-17 16:36:14.000665
120,0.0109721014250351,0.0179734476381219,0.095703125,1,0.0017670246024194,0.3803130517273183,0.0,0.0,0.0,0.0,1.0,0.0,0.0,0.023476499999999997,0.13028139,1.0,2020-04-17 16:43:04.000629
121,0.000468321402288,0.0177522709307147,0.107421875,1,0.0043495990213402,0.3803525784605655,0.0,0.0,0.0,0.0,1.0,0.0,0.0,0.023294142,0.12870495,1.0,2020-04-17 16:47:04.000916
122,0.0010704489195156,0.0177466588433931,0.09765625,1,0.0016310996330025,0.3803613621790649,0.0,0.0,0.0,0.0,1.0,0.0,0.0,0.024018038,0.13477759,1.0,2020-04-17 16:51:11.000046
123,0.0061550812872148,0.0183682421296254,0.125,1,0.008019573195596,0.380949871318524,0.0,0.0,0.0,0.0,1.0,0.0,0.0,0.023523856,0.13035475,1.0,2020-04-17 16:57:02.000673
124,0.0091657188733525,0.0179860659115238,0.103515625,1,0.0011553622400434,0.3804711586603073,0.0,0.0,0.0,0.0,1.0,0.0,0.0,0.023685496,0.13192244,1.0,2020-04-17 17:04:45.000807
125,0.0065564996320331,0.0177270616780133,0.11328125,1,0.0030583118118798,0.3810860189552645,0.0,0.0,0.0,0.0,1.0,0.0,0.0,0.023188457000000003,0.12773596,1.0,2020-04-17 17:09:46.000130
126,0.0066903057469726,0.0179411251224778,0.09375,1,0.0008835123012097,0.3807258864967895,0.0,0.0,0.0,0.0,1.0,0.0,0.0,0.02315077,0.12764873,1.0,2020-04-17 17:15:18.000972
127,0.0072924332642001,0.017737716875603,0.095703125,1,0.0054369987766752,0.3809279120222756,0.0,0.0,0.0,0.0,1.0,0.0,0.0,0.023600072000000003,0.13132079,1.0,2020-04-17 17:24:25.000136
128,0.0055529537699872,0.017743597704854,0.111328125,1,0.0048253364142993,0.3809015608667773,0.0,0.0,0.0,0.0,1.0,0.0,0.0,0.023459599999999997,0.12999287,1.0,2020-04-17 17:28:34.000448
129,0.0032782498160165,0.0177449897040662,0.103515625,1,0.0029903493271714,0.3807083190597908,0.0,0.0,0.0,0.0,1.0,0.0,0.0,0.02392738,0.13394822,1.0,2020-04-17 17:34:30.000442
130,0.0105706830802167,0.0182577975948449,0.12109375,1,0.0031262742965882,0.3793424508331357,0.0,0.0,0.0,0.0,1.0,0.0,0.0,0.023818858,0.13280486,1.0,2020-04-17 17:39:55.000907
131,0.0293704422292098,0.0181802970414203,0.115234375,1,0.0080875356803044,0.3813319630732474,0.0,0.0,0.0,0.0,1.0,0.0,0.0,0.023334958,0.12879110000000002,1.0,2020-04-17 17:47:36.000442
132,0.0101023616779286,0.0179423344611599,0.1015625,1,0.000475737392959,0.3801505529350796,0.0,0.0,0.0,0.0,1.0,0.0,0.0,0.023119993999999998,0.12728669,1.0,2020-04-17 17:54:49.000078
133,0.0034120559309559996,0.0179467917980038,0.09375,1,0.0025825744189207,0.3803350110235667,0.0,0.0,0.0,0.0,1.0,0.0,0.0,0.023881298,0.13368253,1.0,2020-04-17 18:00:56.000268
134,0.0045494079079413,0.0179438692295221,0.12109375,1,0.0016990621177110001,0.3809674387555228,0.0,0.0,0.0,0.0,1.0,0.0,0.0,0.023675334,0.13165973,1.0,2020-04-17 18:05:55.000251
135,0.0047501170803505,0.0177393146303549,0.109375,1,0.0021068370259616,0.3803350110235667,0.0,0.0,0.0,0.0,1.0,0.0,0.0,0.023287632000000003,0.12860441,1.0,2020-04-17 18:13:51.000959
136,0.0027430253562587,0.0179572601359708,0.09765625,1,0.0123691722169362,0.3806292655932963,0.0,0.0,0.0,0.0,1.0,0.0,0.0,0.023902503999999998,0.13381319,1.0,2020-04-17 18:19:01.000174
137,6.690305746972637e-05,0.0182322230210832,0.12109375,1,0.0009514747859181,0.3798870413800979,0.0,0.0,0.0,0.0,1.0,0.0,0.0,0.02325175,0.12819543,1.0,2020-04-17 18:21:40.000574
138,0.0013380611493945,0.0183307316350168,0.09375,1,0.0060486611390512,0.3807258864967895,0.0,0.0,0.0,0.0,1.0,0.0,0.0,0.023669869,0.13194749,1.0,2020-04-17 18:25:16.000435
139,0.0019401886666220002,0.0177270721757449,0.11328125,1,0.0002718499388337,0.3809103445852767,0.0,0.0,0.0,0.0,1.0,0.0,0.0,0.0243593,0.1374165,1.0,2020-04-17 18:34:45.000303
140,0.0021408978390312,0.0177235092456346,0.134765625,1,0.0266412940057088,0.3809103445852767,0.0,0.0,0.0,0.0,1.0,0.0,0.0,0.023912877000000003,0.13347131,1.0,2020-04-17 18:41:13.000168
141,0.0007359336321669,0.0179725301363787,0.115234375,1,0.0046894114448824,0.3812045991550063,0.0,0.0,0.0,0.0,1.0,0.0,0.0,0.023164742000000002,0.12754856,1.0,2020-04-17 18:45:31.000383
142,0.0113735197698534,0.0179980249273802,0.091796875,1,0.0042136740519233,0.3805897388600489,0.0,0.0,0.0,0.0,1.0,0.0,0.0,0.024388302,0.13785963,1.0,2020-04-17 18:53:22.000190
143,0.0002007091724091,0.0179588578907227,0.140625,1,0.0064564360473018,0.3807566295115374,0.0,0.0,0.0,0.0,1.0,0.0,0.0,0.024112184,0.1350556,1.0,2020-04-17 18:56:12.000608
144,0.0,0.0180027615038851,0.12109375,1,0.0015631371482941,0.3806731841857933,0.0,0.0,0.0,0.0,1.0,0.0,0.0,0.023857525,0.1331848,1.0,2020-04-17 19:00:22.000080
145,0.0056867598849267,0.0177471795308812,0.115234375,1,0.0133886094875628,0.3807346702152889,0.0,0.0,0.0,0.0,1.0,0.0,0.0,0.023201171,0.12782198,1.0,2020-04-17 19:06:13.000628
146,0.0061550812872148,0.0180187180559407,0.09375,1,0.0015631371482941,0.3806687923265436,0.0,0.0,0.0,0.0,1.0,0.0,0.0,0.024687804,0.14035282,1.0,2020-04-17 19:11:58.000764
147,0.0038134742757744,0.0178299688414938,0.150390625,1,0.0012233247247519,0.3800451483130869,0.0,0.0,0.0,0.0,1.0,0.0,0.0,0.024033979,0.13428065,1.0,2020-04-17 19:16:50.000665
148,0.0006021275172275,0.0177401586479768,0.1171875,1,0.0046894114448824,0.3801593366535789,0.0,0.0,0.0,0.0,1.0,0.0,0.0,0.023395795,0.12942506,1.0,2020-04-17 19:22:42.000590
149,0.0024754131263798,0.018106145264381,0.099609375,1,0.008019573195596,0.3817008792502217,0.0,0.0,0.0,0.0,1.0,0.0,0.0,0.023692701,0.13206212,1.0,2020-04-17 19:25:45.000818
150,0.0068910149193818,0.0177991076100905,0.11328125,1,0.0052331113225499,0.3830623556176272,0.0,0.0,0.0,0.0,1.0,0.0,0.0,0.024395847999999998,0.1376878,1.0,2020-04-17 19:35:57.000329
151,0.0007359336321669,0.0183980514883208,0.13671875,1,0.004009786597798,0.3801154180610821,0.0,0.0,0.0,0.0,1.0,0.0,0.0,0.023544112000000002,0.13041705,1.0,2020-04-17 19:37:37.000287
152,0.0023416070114404,0.0177752441665821,0.1015625,1,0.0,0.3808400748372817,0.0,0.0,0.0,0.0,1.0,0.0,0.0,0.023425400000000002,0.12984194,1.0,2020-04-17 19:45:00.000925
153,0.0098347494480497,0.017649550626857,0.103515625,1,0.0070001359249694,0.3800978506240832,0.0,0.0,0.0,0.0,1.0,0.0,0.0,0.023627186,0.13143982,1.0,2020-04-17 19:49:44.000927
154,0.0010035458620458,0.0178238843562494,0.111328125,1,0.0056408862308005,0.3827110068776517,0.0,0.0,0.0,0.0,1.0,0.0,0.0,0.023197176,0.12787506,1.0,2020-04-17 19:55:37.000935
155,0.0018063825516826,0.0156797667642543,0.09375,1,0.0005436998776675,0.3813056119177493,0.0,0.0,0.0,0.0,1.0,0.0,0.0,0.024043351,0.13506183,1.0,2020-04-17 19:59:44.000567
156,0.0025423161838496,0.0158526266121279,0.126953125,1,0.0044175615060486,0.3851572724797316,0.0,0.0,0.0,0.0,1.0,0.0,0.0,0.023426722999999997,0.12958601,1.0,2020-04-17 20:07:00.000837
157,0.0022078008965009,0.0158507370204371,0.099609375,1,0.0014951746635857,0.3799660948465924,0.0,0.0,0.0,0.0,1.0,0.0,0.0,0.023519997999999997,0.13066904,1.0,2020-04-17 20:13:13.000610
158,0.0003345152873486,0.0160360849698406,0.107421875,1,0.0018349870871279,0.3812924363400002,0.0,0.0,0.0,0.0,1.0,0.0,0.0,0.023674367,0.13186076,1.0,2020-04-17 20:18:56.000107
159,0.0088981066434736,0.0157156165177213,0.111328125,1,0.0027184993883376,0.3805150772528042,0.0,0.0,0.0,0.0,1.0,0.0,0.0,0.023879644,0.13346352,1.0,2020-04-17 20:22:52.000459
160,0.0004014183448183,0.0158485324967979,0.119140625,1,0.0067282859861356,0.3804448075048091,0.0,0.0,0.0,0.0,1.0,0.0,0.0,0.02400311,0.13443716,1.0,2020-04-17 20:26:07.000065
161,0.0016056733792734,0.0156403498815844,0.12109375,1,0.0018349870871279,0.3809147364445265,0.0,0.0,0.0,0.0,1.0,0.0,0.0,0.023346577,0.12900124,1.0,2020-04-17 20:30:46.000601
162,0.0008697397471064,0.0158473147599305,0.09765625,1,0.0001359249694168,0.3801900796683268,0.0,0.0,0.0,0.0,1.0,0.0,0.0,0.02390134,0.13384445,1.0,2020-04-17 20:34:21.000482
163,0.0007359336321669,0.0160428665044642,0.12109375,1,0.0,0.3801505529350796,0.0,0.0,0.0,0.0,1.0,0.0,0.0,0.02285018,0.12493466,1.0,2020-04-17 20:41:17.000911
164,0.0043486987355322,0.015725387806309,0.0800781249999999,1,0.0005436998776675,0.3824826301966674,0.0,0.0,0.0,0.0,1.0,0.0,0.0,0.023750132,0.13278615,1.0,2020-04-17 20:46:44.000766
165,0.0054860507125175,0.0158508210022901,0.119140625,1,0.0075438358026369,0.3808400748372817,0.0,0.0,0.0,0.0,1.0,0.0,0.0,0.025067475,0.14323854,1.0,2020-04-17 20:54:25.000534
166,0.0070248210343212,0.0156637178321605,0.1601562499999999,1,0.0056408862308005,0.3803525784605655,0.0,0.0,0.0,0.0,1.0,0.0,0.0,0.024222791,0.13573642,1.0,2020-04-17 20:58:55.000596
167,0.0052853415401083,0.0158452740009044,0.123046875,1,0.0002718499388337,0.3797816367581052,0.0,0.0,0.0,0.0,1.0,0.0,0.0,0.023893822000000002,0.13346055,1.0,2020-04-17 21:03:30.000640
168,0.0111059075399745,0.0160484387004057,0.1171875,1,0.0070680984096778,0.3798738658023488,0.0,0.0,0.0,0.0,1.0,0.0,0.0,0.023624633,0.13128036,1.0,2020-04-17 21:11:10.000022
169,0.0042148926205927,0.0156379605978687,0.109375,1,0.017262471115944002,0.3798738658023488,0.0,0.0,0.0,0.0,1.0,0.0,0.0,0.023502536,0.13040432,1.0,2020-04-17 21:13:40.000366
170,0.0048839231952899995,0.0158287715668049,0.10546875,1,0.0328938425988854,0.3798738658023488,0.0,0.0,0.0,0.0,1.0,0.0,0.0,0.02348183,0.13027528,1.0,2020-04-17 21:17:29.000946
171,0.0088312035860038,0.0156301817787416,0.10546875,1,0.0045534864754655,0.3806116981562975,0.0,0.0,0.0,0.0,1.0,0.0,0.0,0.023411516,0.12967518,1.0,2020-04-17 21:24:20.000183
172,0.0014049642068642,0.0159001519426977,0.103515625,1,0.0019709120565447,0.3805106853935545,0.0,0.0,0.0,0.0,1.0,0.0,0.0,0.023541437000000002,0.13080516,1.0,2020-04-17 21:29:22.000552
173,0.0016725764367431,0.0158895177405712,0.107421875,1,0.0008835123012097,0.3809586550370234,0.0,0.0,0.0,0.0,1.0,0.0,0.0,0.024326336,0.13724098,1.0,2020-04-17 21:33:13.000478
174,0.0107713922526259,0.0158204594629117,0.134765625,1,0.0,0.3805458202675521,0.0,0.0,0.0,0.0,1.0,0.0,0.0,0.023982164,0.13402551,1.0,2020-04-17 21:39:04.000829
175,0.0064895965745634,0.0158308312217478,0.119140625,1,0.0,0.3801329854980808,0.0,0.0,0.0,0.0,1.0,0.0,0.0,0.023705676000000002,0.13195142,1.0,2020-04-17 21:43:40.000646
176,0.0052184384826386,0.0156481182029799,0.111328125,1,0.0012233247247519,0.3807829806670356,0.0,0.0,0.0,0.0,1.0,0.0,0.0,0.024601452000000003,0.13946022,1.0,2020-04-17 21:47:42.000599
177,0.0073593363216699,0.0156328482025719,0.14453125,1,0.00740791083322,0.3805721714230502,0.0,0.0,0.0,0.0,1.0,0.0,0.0,0.023985358,0.13395758,1.0,2020-04-17 21:53:21.000571
178,0.0090988158158827,0.0158491434647779,0.1171875,1,0.0029223868424629,0.3806116981562975,0.0,0.0,0.0,0.0,1.0,0.0,0.0,0.024125569,0.13542311,1.0,2020-04-17 21:59:00.000582
179,0.0001338061149394,0.0159708772601377,0.126953125,1,0.0012912872094603,0.3802427819793231,0.0,0.0,0.0,0.0,1.0,0.0,0.0,0.023931604,0.13375461,1.0,2020-04-17 22:01:20.000060
180,0.0024754131263798,0.0158586229164267,0.1171875,1,0.0062525485931765,0.3802910924310698,0.0,0.0,0.0,0.0,1.0,0.0,0.0,0.023711925,0.13204566,1.0,2020-04-17 22:10:20.000194
181,0.006355790459624,0.0158496872472756,0.111328125,1,0.0146119342123148,0.3805809551415497,0.0,0.0,0.0,0.0,1.0,0.0,0.0,0.024053916,0.13491526,1.0,2020-04-17 22:16:44.000815
182,0.0054191476550478,0.0158705546381809,0.125,1,0.0004077749082506,0.3810069654887701,0.0,0.0,0.0,0.0,1.0,0.0,0.0,0.023627236,0.13124326,1.0,2020-04-17 22:21:03.000178
183,0.0038134742757744,0.0156430582963412,0.107421875,1,0.0012233247247519,0.3807346702152889,0.0,0.0,0.0,0.0,1.0,0.0,0.0,0.023770232000000002,0.13263561,1.0,2020-04-17 22:25:31.000213
184,0.0033451528734863,0.0156298731454321,0.115234375,1,0.0123691722169362,0.3811958154365069,0.0,0.0,0.0,0.0,1.0,0.0,0.0,0.023973172999999997,0.13422175,1.0,2020-04-17 22:30:29.000107
185,0.0019401886666220002,0.0156273410925664,0.12109375,1,0.0103982601603914,0.3807346702152889,0.0,0.0,0.0,0.0,1.0,0.0,0.0,0.023566665,0.13080744,1.0,2020-04-17 22:33:42.000258
186,0.000468321402288,0.0160317808998782,0.10546875,1,6.796248470844094e-05,0.3800144052983389,0.0,0.0,0.0,0.0,1.0,0.0,0.0,0.023110738,0.12724845,1.0,2020-04-17 22:41:45.000095
187,0.0115742289422626,0.0156649250712963,0.091796875,1,0.0027184993883376,0.3807610213707872,0.0,0.0,0.0,0.0,1.0,0.0,0.0,0.024106602999999997,0.13555634,1.0,2020-04-17 22:49:13.000329
188,0.0064226935170937,0.0157695895550493,0.130859375,1,0.0006116623623759,0.3806160900155472,0.0,0.0,0.0,0.0,1.0,0.0,0.0,0.023153171,0.1272777,1.0,2020-04-17 22:54:25.000611
189,0.0044825048504716,0.0156455042678076,0.0898437499999999,1,0.0050292238684246,0.3805941307192988,0.0,0.0,0.0,0.0,1.0,0.0,0.0,0.023353387000000003,0.129403,1.0,2020-04-17 23:02:19.000334
190,0.0032782498160165,0.0156332870077535,0.103515625,1,0.0024466494495038,0.3802647412755717,0.0,0.0,0.0,0.0,1.0,0.0,0.0,0.023698827000000002,0.13209549,1.0,2020-04-17 23:05:27.000920
191,0.0046163109654111,0.0156546897829712,0.11328125,1,0.0033981242354220002,0.3808839934297786,0.0,0.0,0.0,0.0,1.0,0.0,0.0,0.02324279,0.12822196,1.0,2020-04-17 23:08:06.000763
192,0.0003345152873486,0.0158426684639175,0.095703125,1,0.0006116623623759,0.3810421003627676,0.0,0.0,0.0,0.0,1.0,0.0,0.0,0.023618508,0.13153900000000002,1.0,2020-04-17 23:14:15.000034
193,0.0,0.0156542173850485,0.111328125,1,0.0006796248470844,0.3805458202675521,0.0,0.0,0.0,0.0,1.0,0.0,0.0,0.023748256000000002,0.13242777,1.0,2020-04-17 23:16:37.000417
194,0.005619856827457,0.0158730405010275,0.11328125,1,0.0023107244800869,0.3806731841857933,0.0,0.0,0.0,0.0,1.0,0.0,0.0,0.023681797,0.13182546,1.0,2020-04-17 23:24:44.000405
195,0.0014049642068642,0.0158439953771937,0.111328125,1,0.0096506728285986,0.3807741969485362,0.0,0.0,0.0,0.0,1.0,0.0,0.0,0.023853365,0.13328592,1.0,2020-04-17 23:27:49.000458
196,0.0053522445975781,0.0158494940890139,0.1171875,1,0.0012233247247519,0.3800671076093354,0.0,0.0,0.0,0.0,1.0,0.0,0.0,0.023147828999999998,0.12739421,1.0,2020-04-17 23:31:03.000670
197,0.0200040141834481,0.0156226192128858,0.091796875,1,0.0053690362919668,0.3804711586603073,0.0,0.0,0.0,0.0,1.0,0.0,0.0,0.022971325,0.12615675,1.0,2020-04-17 23:39:56.000432
198,0.0008028366896367,0.0156761177527447,0.091796875,1,0.0055049612613837,0.3803306191643169,0.0,0.0,0.0,0.0,1.0,0.0,0.0,0.02337683,0.12959154,1.0,2020-04-17 23:45:17.000308
199,0.0103030708503378,0.0158310474750191,0.103515625,1,0.00740791083322,0.3805282528305533,0.0,0.0,0.0,0.0,1.0,0.0,0.0,0.023507714,0.13048051,1.0,2020-04-17 23:52:12.000040
200,0.0008028366896367,0.0158291011955776,0.107421875,1,0.0010194372706266,0.3802867005718201,0.0,0.0,0.0,0.0,1.0,0.0,0.0,0.024111297,0.13546592,1.0,2020-04-17 23:55:45.000962
201,0.0006690305746972,0.0158335921251627,0.126953125,1,0.0078156857414707,0.3807390620745386,0.0,0.0,0.0,0.0,1.0,0.0,0.0,0.024366022999999997,0.13734235,1.0,2020-04-17 23:59:36.000979
202,0.0050846323676992,0.0159027385837677,0.1328125,1,0.0019709120565447,0.3805238609713037,0.0,0.0,0.0,0.0,0.0,1.0,0.0,0.0159702,0.13724516,1.0,2020-04-18 00:04:50.000402
203,0.0014049642068642,0.0156320335785986,0.109375,1,0.0029223868424629,0.3805458202675521,0.0,0.0,0.0,0.0,0.0,1.0,0.0,0.015707405,0.13574591,1.0,2020-04-18 00:05:53.000631
204,0.0006021275172275,0.0156591618166394,0.10546875,1,0.0027184993883376,0.3803701458975643,0.0,0.0,0.0,0.0,0.0,1.0,0.0,0.015917128,0.13752824,1.0,2020-04-18 00:12:15.000470
205,0.001204255034455,0.0158235373978214,0.11328125,1,0.0014272121788772,0.3800275808760881,0.0,0.0,0.0,0.0,0.0,1.0,0.0,0.015967702,0.13773893,1.0,2020-04-18 00:16:44.000001
206,0.006824111861911999,0.0158367120509988,0.11328125,1,0.0012233247247519,0.3801812959498274,0.0,0.0,0.0,0.0,0.0,1.0,0.0,0.015605047,0.13474129999999998,1.0,2020-04-18 00:22:47.000070
207,0.0032782498160165,0.0158384861676418,0.1015625,1,0.0017670246024194,0.3804228482085607,0.0,0.0,0.0,0.0,0.0,1.0,0.0,0.015300816,0.13263892,1.0,2020-04-18 00:26:13.000520
208,0.0007359336321669,0.0156390943528832,0.09375,1,0.0013592496941688,0.3807039272005411,0.0,0.0,0.0,0.0,0.0,1.0,0.0,0.016477492,0.14230363,1.0,2020-04-18 00:33:20.000217
209,0.0030775406436074,0.01582784356733,0.134765625,1,0.0012233247247519,0.3799309599725948,0.0,0.0,0.0,0.0,0.0,1.0,0.0,0.01730853,0.14799723,1.0,2020-04-18 00:39:31.000971
210,0.0016056733792734,0.015621216715942,0.154296875,1,0.0011553622400434,0.3806073062970479,0.0,0.0,0.0,0.0,0.0,1.0,0.0,0.016059723,0.13752717,1.0,2020-04-18 00:42:36.000421
211,0.0111728105974443,0.0156129571007069,0.107421875,1,0.0034660867201304,0.3801812959498274,0.0,0.0,0.0,0.0,0.0,1.0,0.0,0.016136866,0.13907793,1.0,2020-04-18 00:49:17.000669
212,0.0009366428045761,0.0156857399735435,0.12109375,1,0.0106701100992252,0.3808664259927798,0.0,0.0,0.0,0.0,0.0,1.0,0.0,0.016019503,0.13797604,1.0,2020-04-18 00:54:11.000036
213,0.0042148926205927,0.0160291123765016,0.11328125,1,0.0073399483485116,0.3797465018841076,0.0,0.0,0.0,0.0,0.0,1.0,0.0,0.015787128,0.13623723,1.0,2020-04-18 00:58:42.000052
214,0.0014718672643339,0.0159488698155789,0.107421875,1,0.0055729237460921,0.3800363645945874,0.0,0.0,0.0,0.0,0.0,1.0,0.0,0.015928578,0.13755861,1.0,2020-04-18 01:03:34.000496
215,0.0004014183448183,0.0156396990222242,0.11328125,1,0.0063884735625934,0.3799573111280929,0.0,0.0,0.0,0.0,0.0,1.0,0.0,0.0160856,0.13869709,1.0,2020-04-18 01:07:56.000655
216,0.0145179634709306,0.0160631271264821,0.1171875,1,0.0006796248470844,0.3804623749418079,0.0,0.0,0.0,0.0,0.0,1.0,0.0,0.01636755,0.14064294,1.0,2020-04-18 01:13:50.000383
217,0.0018732856091523,0.0156362788612639,0.126953125,1,0.0176702460241946,0.3804623749418079,0.0,0.0,0.0,0.0,0.0,1.0,0.0,0.016459359,0.14136316,1.0,2020-04-18 01:18:00.000705
218,0.0024754131263798,0.0156598735628429,0.126953125,1,0.0009514747859181,0.3805150772528042,0.0,0.0,0.0,0.0,0.0,1.0,0.0,0.015878877,0.13669483,1.0,2020-04-18 01:21:43.000342
219,0.0013380611493945,0.0156249917002309,0.107421875,1,0.0018349870871279,0.3797948123358543,0.0,0.0,0.0,0.0,0.0,1.0,0.0,0.015694608999999998,0.1356902,1.0,2020-04-18 01:29:28.000773
220,0.0006021275172275,0.0156397557099749,0.10546875,1,0.0046894114448824,0.3803437947420661,0.0,0.0,0.0,0.0,0.0,1.0,0.0,0.015916586,0.13752735,1.0,2020-04-18 01:31:58.000330
221,0.0020739947815615,0.0156264718803887,0.11328125,1,0.0044175615060486,0.3805897388600489,0.0,0.0,0.0,0.0,0.0,1.0,0.0,0.016312264,0.14049733,1.0,2020-04-18 01:38:47.000170
222,0.0129122900916571,0.0156626512626284,0.125,1,0.0134565719722713,0.3804052807715618,0.0,0.0,0.0,0.0,0.0,1.0,0.0,0.017166103999999998,0.14691614,1.0,2020-04-18 01:45:45.000468
223,0.0077607546664882,0.0160217765616486,0.15234375,1,0.012029359793393998,0.3798650820838494,0.0,0.0,0.0,0.0,0.0,1.0,0.0,0.016149754,0.13818912,1.0,2020-04-18 01:49:27.000603
224,0.0002007091724091,0.0156305827920893,0.111328125,1,0.0027184993883376,0.3799748785650917,0.0,0.0,0.0,0.0,0.0,1.0,0.0,0.01767602,0.15157111,1.0,2020-04-18 01:51:45.000414
225,0.0022078008965009,0.0156430414999706,0.171875,1,0.0009514747859181,0.3800846750463341,0.0,0.0,0.0,0.0,0.0,1.0,0.0,0.016231176,0.13848355,1.0,2020-04-18 01:56:58.000192
226,0.0087643005285341,0.0158389627646572,0.109375,1,0.0010194372706266,0.3799880541428409,0.0,0.0,0.0,0.0,0.0,1.0,0.0,0.01661813,0.14293452,1.0,2020-04-18 02:02:48.000261
227,0.0030106375861376,0.0158162813657287,0.13671875,1,0.0104662226450999,0.3798826495208481,0.0,0.0,0.0,0.0,0.0,1.0,0.0,0.016116336000000002,0.13836083,1.0,2020-04-18 02:08:41.000892
228,0.0,0.0156502513420441,0.11328125,1,0.0009514747859181,0.3807171027782902,0.0,0.0,0.0,0.0,0.0,1.0,0.0,0.016259825,0.14010635,1.0,2020-04-18 02:12:21.000519
229,6.690305746972637e-05,0.0158322274200527,0.123046875,1,0.0025146119342123,0.3808268992595325,0.0,0.0,0.0,0.0,0.0,1.0,0.0,0.01712727,0.14685848,1.0,2020-04-18 02:18:35.000065
230,0.0,0.0156623153352167,0.150390625,1,0.0012912872094603,0.3800758913278348,0.0,0.0,0.0,0.0,0.0,1.0,0.0,0.01707397,0.14578784,1.0,2020-04-18 02:20:35.000852
231,0.0028768314711982,0.0158387591086638,0.142578125,1,0.0063205110778850005,0.3804008889123121,0.0,0.0,0.0,0.0,0.0,1.0,0.0,0.01650137,0.14131725,1.0,2020-04-18 02:28:36.000588
232,0.009031912758413,0.0156645408543192,0.125,1,0.0090390104662226,0.3802954842903194,0.0,0.0,0.0,0.0,0.0,1.0,0.0,0.016429722,0.1410556,1.0,2020-04-18 02:33:29.000900
233,0.0004014183448183,0.0156212482091368,0.126953125,1,0.0021747995106701,0.3803437947420661,0.0,0.0,0.0,0.0,0.0,1.0,0.0,0.0160584,0.13816473,1.0,2020-04-18 02:39:10.000453
234,0.0024085100689101,0.0158460697289609,0.11328125,1,0.001087399755335,0.3804052807715618,0.0,0.0,0.0,0.0,0.0,1.0,0.0,0.016830243,0.14465672,1.0,2020-04-18 02:43:51.000225
235,0.0046832140228808,0.0156133707113325,0.142578125,1,0.0030583118118798,0.3812485177475033,0.0,0.0,0.0,0.0,0.0,1.0,0.0,0.01655368,0.14171311,1.0,2020-04-18 02:47:05.000053
236,0.0193349836087509,0.0156273683866686,0.126953125,1,0.0024466494495038,0.3801505529350796,0.0,0.0,0.0,0.0,0.0,1.0,0.0,0.01624526,0.13936034,1.0,2020-04-18 02:54:45.000660
237,0.0015387703218037,0.0158166655827058,0.12109375,1,0.0019709120565447,0.3800363645945874,0.0,0.0,0.0,0.0,0.0,1.0,0.0,0.015901363,0.13702348,1.0,2020-04-18 02:59:08.000652
238,0.0024085100689101,0.015623400244118001,0.109375,1,0.0042816365366317,0.3804491993640588,0.0,0.0,0.0,0.0,0.0,1.0,0.0,0.016228078,0.13990743,1.0,2020-04-18 03:04:54.000264
239,0.0002676122298789,0.0156412946774298,0.123046875,1,0.0023107244800869,0.3799924460020906,0.0,0.0,0.0,0.0,0.0,1.0,0.0,0.016495397,0.14177054,1.0,2020-04-18 03:11:46.000439
240,0.0088312035860038,0.0156175572067008,0.1289062499999999,1,0.0099904852521408,0.3800539320315863,0.0,0.0,0.0,0.0,0.0,1.0,0.0,0.016282275,0.13978416,1.0,2020-04-18 03:20:47.000465
241,0.0002007091724091,0.0156196294589217,0.12109375,1,0.0019709120565447,0.3800012297205899,0.0,0.0,0.0,0.0,0.0,1.0,0.0,0.01561277,0.13473327,1.0,2020-04-18 03:25:59.000045
242,0.0032782498160165,0.0158241021757823,0.099609375,1,0.0049612613837161,0.3801856878090771,0.0,0.0,0.0,0.0,0.0,1.0,0.0,0.015988836,0.13819744,1.0,2020-04-18 03:32:04.000595
243,0.0046163109654111,0.0156319348999214,0.1171875,1,0.0193693081419056,0.3799704867058421,0.0,0.0,0.0,0.0,0.0,1.0,0.0,0.01633213,0.14052160000000002,1.0,2020-04-18 03:37:07.000194
244,0.0036796681608349,0.0158359184224887,0.125,1,0.0058447736849259,0.3798299472098519,0.0,0.0,0.0,0.0,0.0,1.0,0.0,0.01574746,0.13566479,1.0,2020-04-18 03:42:17.000318
245,0.0048170201378202,0.0156298878422564,0.103515625,1,0.0051651488378415,0.3805019016750552,0.0,0.0,0.0,0.0,0.0,1.0,0.0,0.015777308,0.13638817,1.0,2020-04-18 03:46:54.000159
246,0.0080283668963671,0.0156167299854495,0.109375,1,0.001087399755335,0.3802647412755717,0.0,0.0,0.0,0.0,0.0,1.0,0.0,0.016041438999999998,0.1383147,1.0,2020-04-18 03:52:42.000746
247,0.0170602796547802,0.0158378038150868,0.1171875,1,6.796248470844094e-05,0.3796630565583634,0.0,0.0,0.0,0.0,0.0,1.0,0.0,0.016475913999999998,0.14147717,1.0,2020-04-18 04:00:23.000200
248,0.0015387703218037,0.0156181009891985,0.130859375,1,0.0120973222781024,0.3800539320315863,0.0,0.0,0.0,0.0,0.0,1.0,0.0,0.01648675,0.14148867,1.0,2020-04-18 04:07:26.000678
249,0.0080952699538368,0.0162169209941957,0.126953125,1,0.0036020116895473,0.3797596774618567,0.0,0.0,0.0,0.0,0.0,1.0,0.0,0.015926937,0.13697372,1.0,2020-04-18 04:12:31.000280
250,0.0081621730113066,0.0160239138998056,0.109375,1,0.0313986679352997,0.3795883949511187,0.0,0.0,0.0,0.0,0.0,1.0,0.0,0.015459896,0.13364498,1.0,2020-04-18 04:24:09.000393
251,0.0065564996320331,0.0158511821242576,0.09765625,1,0.0013592496941688,0.3799090006763464,0.0,0.0,0.0,0.0,0.0,1.0,0.0,0.015618779,0.13522162,1.0,2020-04-18 04:30:56.000681
252,0.0001338061149394,0.0156401714201469,0.10546875,1,0.0023786869647954,0.3805809551415497,0.0,0.0,0.0,0.0,0.0,1.0,0.0,0.015801193,0.13660964,1.0,2020-04-18 04:35:58.000329
253,0.0035458620458954,0.0156251512657514,0.109375,1,0.0102623351909745,0.3802647412755717,0.0,0.0,0.0,0.0,0.0,1.0,0.0,0.015233962,0.13192254,1.0,2020-04-18 04:42:50.000127
254,0.0050177293102294,0.0156490608992789,0.0898437499999999,1,0.0021747995106701,0.3799792704243415,0.0,0.0,0.0,0.0,0.0,1.0,0.0,0.015803365,0.13691272,1.0,2020-04-18 04:48:46.000631
255,0.0068910149193818,0.0156127975351863,0.11328125,1,0.0026505369036291,0.3799880541428409,0.0,0.0,0.0,0.0,0.0,1.0,0.0,0.01601158,0.13800293,1.0,2020-04-18 04:54:53.000430
256,0.0012711580919248,0.0158105538033593,0.115234375,1,0.0176022835394862,0.3799880541428409,0.0,0.0,0.0,0.0,0.0,1.0,0.0,0.015688583,0.1354591,1.0,2020-04-18 04:58:33.000474
257,0.0179969224593563,0.0156143050094463,0.103515625,1,0.0029223868424629,0.3805414284083024,0.0,0.0,0.0,0.0,0.0,1.0,0.0,0.015746526,0.135928,1.0,2020-04-18 05:05:22.000108
258,0.0150531879306884,0.0156191003732483,0.109375,1,0.0041457115672148,0.3802427819793231,0.0,0.0,0.0,0.0,0.0,1.0,0.0,0.015325233999999998,0.13246284,1.0,2020-04-18 05:12:28.000295
259,0.0008697397471064,0.0158439470876282,0.09375,1,0.0053010738072583,0.3805370365490527,0.0,0.0,0.0,0.0,0.0,1.0,0.0,0.015606575,0.13530445,1.0,2020-04-18 05:19:51.000818
260,0.0009366428045761,0.0158300270955061,0.10546875,1,0.0130487970640206,0.3805370365490527,0.0,0.0,0.0,0.0,0.0,1.0,0.0,0.015741749,0.13611686,1.0,2020-04-18 05:21:45.000705
261,0.0010704489195156,0.0156373370326107,0.107421875,1,0.0027184993883376,0.3799836622835912,0.0,0.0,0.0,0.0,0.0,1.0,0.0,0.015870122,0.13710159,1.0,2020-04-18 05:27:20.000177
262,0.0010035458620458,0.0156348469706715,0.111328125,1,0.001087399755335,0.3799704867058421,0.0,0.0,0.0,0.0,0.0,1.0,0.0,0.016359793,0.14094289999999998,1.0,2020-04-18 05:32:03.000003
263,0.0058874690573359,0.015618741350827001,0.126953125,1,0.0042816365366317,0.3797289344471089,0.0,0.0,0.0,0.0,0.0,1.0,0.0,0.015404856000000001,0.13283979999999998,1.0,2020-04-18 05:41:40.000667
264,0.0006690305746972,0.0160198848704115,0.091796875,1,0.0056408862308005,0.3795576519363708,0.0,0.0,0.0,0.0,0.0,1.0,0.0,0.015535768,0.13478635,1.0,2020-04-18 05:44:59.000354
265,0.0243527129189804,0.0156310950813922,0.103515625,1,0.0034660867201304,0.3798650820838494,0.0,0.0,0.0,0.0,0.0,1.0,0.0,0.015732279,0.13570738,1.0,2020-04-18 05:55:04.000657
266,0.0038803773332441,0.0158101968804844,0.109375,1,0.0014951746635857,0.3799836622835912,0.0,0.0,0.0,0.0,0.0,1.0,0.0,0.015527591,0.13425920000000002,1.0,2020-04-18 06:00:50.000168
267,0.0015387703218037,0.0158746403553257,0.099609375,1,0.0069321734402609,0.3799748785650917,0.0,0.0,0.0,0.0,0.0,1.0,0.0,0.015934916,0.13779238,1.0,2020-04-18 06:04:55.000449
268,0.0072255302067304,0.0156241917730818,0.115234375,1,0.0084273481038466,0.3803437947420661,0.0,0.0,0.0,0.0,0.0,1.0,0.0,0.017059235,0.14638276,1.0,2020-04-18 06:08:29.000896
269,0.0007359336321669,0.0156132951276649,0.150390625,1,0.0019029495718363,0.3798343390691016,0.0,0.0,0.0,0.0,0.0,1.0,0.0,0.016094203999999997,0.13790761,1.0,2020-04-18 06:13:29.000257
270,0.0074931424366093,0.0156179792155117,0.109375,1,0.0010194372706266,0.3803569703198153,0.0,0.0,0.0,0.0,0.0,1.0,0.0,0.016216506999999998,0.13972934,1.0,2020-04-18 06:18:22.000964
271,0.0007359336321669,0.015813488969119,0.123046875,1,0.0090390104662226,0.3803306191643169,0.0,0.0,0.0,0.0,0.0,1.0,0.0,0.016494937,0.14175634,1.0,2020-04-18 06:23:07.000683
272,0.0012711580919248,0.0156273599884834,0.1289062499999999,1,0.0057768112002174,0.3800495401723365,0.0,0.0,0.0,0.0,0.0,1.0,0.0,0.016473334,0.14144032,1.0,2020-04-18 06:33:06.000461
273,0.0020070917240917,0.015613893498366999,0.126953125,1,0.0021068370259616,0.3798958250985973,0.0,0.0,0.0,0.0,0.0,1.0,0.0,0.015530357,0.13390946,1.0,2020-04-18 06:36:37.000671
274,0.0,0.0158104509255895,0.095703125,1,0.0061845861084681,0.3800012297205899,0.0,0.0,0.0,0.0,0.0,1.0,0.0,0.016203975,0.14006384,1.0,2020-04-18 06:39:55.000817
275,0.0014049642068642,0.0160266034186455,0.125,1,0.0092428979203479,0.3804491993640588,0.0,0.0,0.0,0.0,0.0,1.0,0.0,0.016680288999999997,0.14318085,1.0,2020-04-18 06:49:57.000176
276,0.0043486987355322,0.0160160028092601,0.134765625,1,0.0069321734402609,0.3798035960543537,0.0,0.0,0.0,0.0,0.0,1.0,0.0,0.016332462,0.14011629999999997,1.0,2020-04-18 06:54:55.000225
277,0.0040810865056533,0.0156152162125505,0.12109375,1,0.014951746635857,0.3798035960543537,0.0,0.0,0.0,0.0,0.0,1.0,0.0,0.016068858999999998,0.13832927,1.0,2020-04-18 06:56:52.000907
278,0.0024754131263798,0.0156251512657514,0.115234375,1,0.0031262742965882,0.381050884081267,0.0,0.0,0.0,0.0,0.0,1.0,0.0,0.01591811,0.13728209,1.0,2020-04-18 07:00:28.000729
279,0.0056867598849267,0.0156208534944281,0.111328125,1,0.0,0.3795488682178714,0.0,0.0,0.0,0.0,0.0,1.0,0.0,0.016290896000000003,0.14031364,1.0,2020-04-18 07:08:58.000390
280,0.0033451528734863,0.0156252583426139,0.125,1,0.0028544243577545,0.3796059623881174,0.0,0.0,0.0,0.0,0.0,1.0,0.0,0.01580618,0.13614081,1.0,2020-04-18 07:13:59.000576
281,0.0013380611493945,0.0158255319668283,0.10546875,1,0.0,0.3805677795638005,0.0,0.0,0.0,0.0,0.0,1.0,0.0,0.016089845,0.13890298,1.0,2020-04-18 07:15:53.000248
282,0.0071586271492607,0.0156115902960505,0.119140625,1,0.0099904852521408,0.3803086598680685,0.0,0.0,0.0,0.0,0.0,1.0,0.0,0.016280895,0.14002435,1.0,2020-04-18 07:29:20.000368
283,0.0016725764367431,0.0158127394310816,0.123046875,1,0.0019029495718363,0.379698191432361,0.0,0.0,0.0,0.0,0.0,1.0,0.0,0.016262783,0.13986912,1.0,2020-04-18 07:31:47.000524
284,0.0024754131263798,0.0160238551125085,0.12109375,1,0.0014272121788772,0.3801373773573305,0.0,0.0,0.0,0.0,0.0,1.0,0.0,0.017166698,0.14718056,1.0,2020-04-18 07:35:32.000032
285,0.0020070917240917,0.0156678077483979,0.15234375,1,0.0008155498165012,0.3797289344471089,0.0,0.0,0.0,0.0,0.0,1.0,0.0,0.01656628,0.14162639999999999,1.0,2020-04-18 07:40:01.000223
286,0.0058205659998661,0.015812741530627998,0.125,1,0.0082914231344297,0.3803394028828164,0.0,0.0,0.0,0.0,0.0,1.0,0.0,0.016729318,0.14348754,1.0,2020-04-18 07:45:14.000451
287,0.0009366428045761,0.0172523983448327,0.13671875,1,0.0010194372706266,0.3804448075048091,0.0,0.0,0.0,0.0,0.0,1.0,0.0,0.016069112,0.1379888,1.0,2020-04-18 07:51:08.000778
288,0.0049508262527597,0.0158197393185229,0.111328125,1,0.0055729237460921,0.3797113670101101,0.0,0.0,0.0,0.0,0.0,1.0,0.0,0.016004112,0.13801646,1.0,2020-04-18 07:57:00.000645
289,0.0028099284137285,0.0158101653872895,0.115234375,1,0.0028544243577545,0.3799441355503439,0.0,0.0,0.0,0.0,0.0,1.0,0.0,0.015627235,0.1349388,1.0,2020-04-18 08:00:39.000947
290,0.0033451528734863,0.015863485465711,0.1015625,1,0.0002038874541253,0.3799660948465924,0.0,0.0,0.0,0.0,0.0,1.0,0.0,0.016292023,0.14058167,1.0,2020-04-18 08:05:09.000567
291,0.0137151267812939,0.0158406801935495,0.126953125,1,0.0006796248470844,0.3803437947420661,0.0,0.0,0.0,0.0,0.0,1.0,0.0,0.015386768,0.13257071,1.0,2020-04-18 08:11:01.000633
292,0.0006021275172275,0.015709097426388,0.091796875,1,0.0007475873317928,0.3807390620745386,0.0,0.0,0.0,0.0,0.0,1.0,0.0,0.016349848,0.14132358,1.0,2020-04-18 08:20:21.000306
293,0.0090988158158827,0.0158351352917102,0.130859375,1,0.0046214489601739,0.3800846750463341,0.0,0.0,0.0,0.0,0.0,1.0,0.0,0.016005786,0.13751213,1.0,2020-04-18 08:27:22.000075
294,0.0014718672643339,0.0156310593891047,0.111328125,1,0.0002038874541253,0.3799309599725948,0.0,0.0,0.0,0.0,0.0,1.0,0.0,0.016300905,0.1404619,1.0,2020-04-18 08:29:48.000664
295,0.0042817956780624,0.0156352878753994,0.125,1,0.0012233247247519,0.379482990329126,0.0,0.0,0.0,0.0,0.0,1.0,0.0,0.016209835,0.13936624,1.0,2020-04-18 08:34:12.000965
296,0.0006021275172275,0.0156193082283343,0.119140625,1,0.0017670246024194,0.3794873821883756,0.0,0.0,0.0,0.0,0.0,1.0,0.0,0.015773500000000003,0.13606258,1.0,2020-04-18 08:40:37.000758
297,0.0051515354251689,0.0156178742381956,0.10546875,1,0.0104662226450999,0.3802910924310698,0.0,0.0,0.0,0.0,0.0,1.0,0.0,0.01549839,0.13409622,1.0,2020-04-18 08:45:26.000027
298,0.0008697397471064,0.0160199079654211,0.099609375,1,0.0006796248470844,0.3797728530396058,0.0,0.0,0.0,0.0,0.0,1.0,0.0,0.015058728,0.13078521,1.0,2020-04-18 08:51:44.000900
299,0.0020739947815615,0.01561642135214,0.0859375,1,0.0075438358026369,0.3806687923265436,0.0,0.0,0.0,0.0,0.0,1.0,0.0,0.015316578,0.13314834,1.0,2020-04-18 08:57:25.000283
300,0.0084966882986552,0.0158213223764505,0.09765625,1,0.0021747995106701,0.3799353518318445,0.0,0.0,0.0,0.0,0.0,1.0,0.0,0.015263231499999998,0.13234086,1.0,2020-04-18 09:02:02.000080
301,0.0072255302067304,0.0158376337518347,0.09375,1,0.0024466494495038,0.3802427819793231,0.0,0.0,0.0,0.0,0.0,1.0,0.0,0.015416201000000001,0.1336763,1.0,2020-04-18 09:11:50.000801
302,0.0016056733792734,0.0158280682187866,0.099609375,1,0.0019709120565447,0.3802296064015741,0.0,0.0,0.0,0.0,0.0,1.0,0.0,0.015585123000000001,0.13498431,1.0,2020-04-18 09:13:21.000253
303,0.0002007091724091,0.0158297793490399,0.103515625,1,0.0002038874541253,0.379698191432361,0.0,0.0,0.0,0.0,0.0,1.0,0.0,0.015962679,0.13795218,1.0,2020-04-18 09:17:07.000360
304,0.0050177293102294,0.0152725912480835,0.115234375,1,0.0099904852521408,0.3804448075048091,0.0,0.0,0.0,0.0,0.0,1.0,0.0,0.015618486000000001,0.13485208,1.0,2020-04-18 09:23:49.000040
305,0.0004014183448183,0.0152516797667054,0.1015625,1,0.0055049612613837,0.3805458202675521,0.0,0.0,0.0,0.0,0.0,1.0,0.0,0.015947133,0.13787977,1.0,2020-04-18 09:30:08.000723
306,0.0034120559309559996,0.0152530318745375,0.115234375,1,0.0014951746635857,0.3802296064015741,0.0,0.0,0.0,0.0,0.0,1.0,0.0,0.01602981,0.13817514,1.0,2020-04-18 09:32:30.000109
307,0.0040141834481835,0.0152539787699292,0.115234375,1,0.016039146391192,0.3801022424833329,0.0,0.0,0.0,0.0,0.0,1.0,0.0,0.015445322,0.13348247,1.0,2020-04-18 09:40:04.000134
308,0.0043486987355322,0.0152627338780966,0.095703125,1,0.0038058991436726,0.3800934587648335,0.0,0.0,0.0,0.0,0.0,1.0,0.0,0.017054101000000002,0.14685346,1.0,2020-04-18 09:48:37.000909
309,0.0032782498160165,0.0157641874223599,0.154296875,1,0.0033981242354220002,0.3802691331348213,0.0,0.0,0.0,0.0,0.0,1.0,0.0,0.015997961,0.13700579,1.0,2020-04-18 09:51:43.000054
310,0.0012711580919248,0.0154613866525495,0.10546875,1,0.0005436998776675,0.3798431227876009,0.0,0.0,0.0,0.0,0.0,1.0,0.0,0.015505363999999999,0.13422693,1.0,2020-04-18 09:55:52.000159
311,0.0048170201378202,0.0154600114497079,0.099609375,1,0.0006116623623759,0.3804096726308116,0.0,0.0,0.0,0.0,0.0,1.0,0.0,0.015341017,0.13299014,1.0,2020-04-18 10:01:14.000395
312,0.0013380611493945,0.0154570342930217,0.095703125,1,0.0048253364142993,0.3800714994685851,0.0,0.0,0.0,0.0,0.0,1.0,0.0,0.015381806999999999,0.13346344,1.0,2020-04-18 10:04:59.000275
313,0.0007359336321669,0.015489461785982,0.09765625,1,0.0031262742965882,0.3798167716321028,0.0,0.0,0.0,0.0,0.0,1.0,0.0,0.01615447,0.139623,1.0,2020-04-18 10:13:54.000203
314,0.0017394794942128,0.0154590624547698,0.123046875,1,0.0118934348239771,0.3798167716321028,0.0,0.0,0.0,0.0,0.0,1.0,0.0,0.015912432,0.13706905,1.0,2020-04-18 10:16:02.000793
315,0.0052184384826386,0.0156535749238736,0.109375,1,0.0011553622400434,0.37985629836535,0.0,0.0,0.0,0.0,0.0,1.0,0.0,0.016163224,0.13934349999999998,1.0,2020-04-18 10:25:07.000115
316,0.0084966882986552,0.0154556905833749,0.12109375,1,0.0010194372706266,0.3802076471053256,0.0,0.0,0.0,0.0,0.0,1.0,0.0,0.016115466000000002,0.13863719,1.0,2020-04-18 10:30:17.000432
317,0.0055529537699872,0.0154614349421149,0.1171875,1,0.0030583118118798,0.3805897388600489,0.0,0.0,0.0,0.0,0.0,1.0,0.0,0.015455983999999999,0.13349117,1.0,2020-04-18 10:39:35.000856
318,0.010503780022747,0.0154543279778112,0.095703125,1,0.0023786869647954,0.3801681203720783,0.0,0.0,0.0,0.0,0.0,1.0,0.0,0.01553624,0.13455129999999998,1.0,2020-04-18 10:45:05.000303
319,0.0023416070114404,0.015454449751498001,0.103515625,1,0.0120973222781024,0.3800802831870844,0.0,0.0,0.0,0.0,0.0,1.0,0.0,0.016823504,0.14483923,1.0,2020-04-18 10:50:07.000798
320,0.0028768314711982,0.0156760379699845,0.14453125,1,0.0046894114448824,0.3797465018841076,0.0,0.0,0.0,0.0,0.0,1.0,0.0,0.015818473,0.13580088,1.0,2020-04-18 10:55:47.000344
321,0.0145179634709306,0.0154822204507136,0.1015625,1,0.0079516107108875,0.3798958250985973,0.0,0.0,0.0,0.0,0.0,1.0,0.0,0.015331186,0.13271157,1.0,2020-04-18 11:02:44.000858
322,0.0039472803907138,0.0152621900955989,0.095703125,1,0.0027184993883376,0.3805414284083024,0.0,0.0,0.0,0.0,0.0,1.0,0.0,0.015433596,0.13383913,1.0,2020-04-18 11:11:29.000613
323,0.0016056733792734,0.0154642000446224,0.099609375,1,0.00740791083322,0.3803481866013158,0.0,0.0,0.0,0.0,0.0,1.0,0.0,0.015523836000000001,0.13450854,1.0,2020-04-18 11:17:20.000752
324,0.002676122298789,0.0152796184296269,0.1015625,1,0.0060486611390512,0.3804140644900612,0.0,0.0,0.0,0.0,0.0,1.0,0.0,0.01605865,0.13873397,1.0,2020-04-18 11:19:59.000354
325,0.0032782498160165,0.0154558837416366,0.119140625,1,0.0034660867201304,0.3805589958453012,0.0,0.0,0.0,0.0,0.0,1.0,0.0,0.015649043,0.1350313,1.0,2020-04-18 11:24:02.000964
326,0.0036796681608349,0.0152496872972448,0.1015625,1,0.0038738616283811,0.3799090006763464,0.0,0.0,0.0,0.0,0.0,1.0,0.0,0.015706435,0.13589603,1.0,2020-04-18 11:31:54.000546
327,0.0046163109654111,0.0152686462005424,0.107421875,1,0.0088351230120973,0.3796454891213646,0.0,0.0,0.0,0.0,0.0,1.0,0.0,0.016092418,0.13883694,1.0,2020-04-18 11:39:04.000374
328,0.0031444437010771,0.0154472525067024,0.119140625,1,0.0038738616283811,0.3798475146468506,0.0,0.0,0.0,0.0,0.0,1.0,0.0,0.015473988000000001,0.13363227,1.0,2020-04-18 11:44:01.000291
329,0.0012711580919248,0.0152607792004697,0.095703125,1,0.0031942367812967,0.3803262273050673,0.0,0.0,0.0,0.0,0.0,1.0,0.0,0.01584838,0.13721003,1.0,2020-04-18 11:48:49.000488
330,0.006824111861911999,0.0152548227875511,0.11328125,1,0.0063884735625934,0.3801988633868262,0.0,0.0,0.0,0.0,0.0,1.0,0.0,0.016298635,0.14032423,1.0,2020-04-18 11:54:41.000515
331,0.0115742289422626,0.0152521689609987,0.125,1,0.0155634089982329,0.3798914332393475,0.0,0.0,0.0,0.0,0.0,1.0,0.0,0.015376506000000002,0.13257772,1.0,2020-04-18 11:59:32.000811
332,0.0185321469191142,0.0157025909323327,0.091796875,1,0.0037379366589642,0.3808225074002829,0.0,0.0,0.0,0.0,0.0,1.0,0.0,0.015725799,0.13603011,1.0,2020-04-18 12:08:39.000026
333,0.0062219843446845,0.0152542286159417,0.111328125,1,0.0025146119342123,0.3802296064015741,0.0,0.0,0.0,0.0,0.0,1.0,0.0,0.015707187,0.13562988,1.0,2020-04-18 12:13:25.000575
334,0.0009366428045761,0.0154963273024586,0.10546875,1,0.0084273481038466,0.3805370365490527,0.0,0.0,0.0,0.0,0.0,1.0,0.0,0.016031101000000002,0.13844603,1.0,2020-04-18 12:16:03.000625
335,0.0139827390111728,0.0154513928120515,0.1171875,1,0.0004077749082506,0.3801549447943293,0.0,0.0,0.0,0.0,0.0,1.0,0.0,0.016019,0.13786586,1.0,2020-04-18 12:24:33.000039
336,6.690305746972637e-05,0.0154544035614789,0.115234375,1,0.0061845861084681,0.3806512248895447,0.0,0.0,0.0,0.0,0.0,1.0,0.0,0.01580629,0.13643,1.0,2020-04-18 12:32:19.000017
337,0.011975647287081,0.0154598077937145,0.107421875,1,0.0016310996330025,0.3794785984698762,0.0,0.0,0.0,0.0,0.0,1.0,0.0,0.01613332,0.13904637,1.0,2020-04-18 12:39:55.000771
338,0.0042148926205927,0.0152462881317477,0.12109375,1,0.0002038874541253,0.3800363645945874,0.0,0.0,0.0,0.0,0.0,1.0,0.0,0.016182728,0.13924927,1.0,2020-04-18 12:43:41.000441
339,0.0019401886666220002,0.0154783152945527,0.119140625,1,0.0003398124235422,0.3806731841857933,0.0,0.0,0.0,0.0,0.0,1.0,0.0,0.016809588,0.14437218,1.0,2020-04-18 12:48:29.000588
340,0.0037465712183046,0.0152547786970783,0.140625,1,0.0009514747859181,0.3810640596590161,0.0,0.0,0.0,0.0,0.0,1.0,0.0,0.016541063999999998,0.14168419,1.0,2020-04-18 12:52:23.000213
341,0.0055529537699872,0.0152449654175641,0.126953125,1,0.0062525485931765,0.3801022424833329,0.0,0.0,0.0,0.0,0.0,1.0,0.0,0.01673624,0.14354071,1.0,2020-04-18 13:01:28.000909
342,0.0005352244597578,0.0154631502714609,0.13671875,1,0.0050971863531329995,0.3801900796683268,0.0,0.0,0.0,0.0,0.0,1.0,0.0,0.016004395,0.13751191,1.0,2020-04-18 13:04:44.000864
343,0.0058205659998661,0.0154619871227979,0.109375,1,0.0081554981650129,0.3807654132300368,0.0,0.0,0.0,0.0,0.0,1.0,0.0,0.01645018,0.14164253,1.0,2020-04-18 13:13:21.000406
344,0.0006690305746972,0.0154865287197686,0.130859375,1,0.0066603235014272,0.3798826495208481,0.0,0.0,0.0,0.0,0.0,1.0,0.0,0.016198296,0.13919686,1.0,2020-04-18 13:18:12.000243
345,0.0011373519769853,0.0156786770997126,0.1171875,1,0.0002038874541253,0.3811167619700124,0.0,0.0,0.0,0.0,0.0,1.0,0.0,0.016512744,0.14203493,1.0,2020-04-18 13:22:01.000223
346,0.0014718672643339,0.0154644351938106,0.130859375,1,0.0032621992660051,0.3802076471053256,0.0,0.0,0.0,0.0,0.0,1.0,0.0,0.015672844,0.13497579,1.0,2020-04-18 13:28:03.000434
347,0.0066903057469726,0.0155007048565422,0.099609375,1,0.0140682343346472,0.3799704867058421,0.0,0.0,0.0,0.0,0.0,1.0,0.0,0.015395509,0.13339494,1.0,2020-04-18 13:33:32.000258
348,0.0007359336321669,0.0154635491852623,0.09765625,1,0.0009514747859181,0.3796059623881174,0.0,0.0,0.0,0.0,0.0,1.0,0.0,0.016385417,0.14148323,1.0,2020-04-18 13:43:15.000668
349,0.0080952699538368,0.0152558662620737,0.130859375,1,0.0014951746635857,0.3805238609713037,0.0,0.0,0.0,0.0,0.0,1.0,0.0,0.015714914,0.13520926,1.0,2020-04-18 13:48:31.000629
350,0.0004014183448183,0.0155171170101499,0.1015625,1,0.0150197091205654,0.3805238609713037,0.0,0.0,0.0,0.0,0.0,1.0,0.0,0.01687209,0.14531448,1.0,2020-04-18 13:51:50.000064
351,6.690305746972637e-05,0.0152456183764706,0.146484375,1,0.0026505369036291,0.3802252145423244,0.0,0.0,0.0,0.0,0.0,1.0,0.0,0.015603638999999999,0.13408563,1.0,2020-04-18 13:54:46.000150
352,0.0103030708503378,0.0156742638533415,0.09375,1,0.0018349870871279,0.3807829806670356,0.0,0.0,0.0,0.0,0.0,1.0,0.0,0.01616457,0.13964073,1.0,2020-04-18 13:59:55.000084
353,0.0007359336321669,0.0152501114056021,0.125,1,0.0028544243577545,0.3802515656978225,0.0,0.0,0.0,0.0,0.0,1.0,0.0,0.016216401000000002,0.13948488,1.0,2020-04-18 14:11:15.000082
354,0.0018063825516826,0.0154664024687154,0.119140625,1,0.0025825744189207,0.3807961562447847,0.0,0.0,0.0,0.0,0.0,1.0,0.0,0.015419195,0.13321146,1.0,2020-04-18 14:14:03.000797
355,0.0024754131263798,0.0154925313227064,0.09375,1,0.012641022155770001,0.3801022424833329,0.0,0.0,0.0,0.0,0.0,1.0,0.0,0.015717503,0.1361788,1.0,2020-04-18 14:19:42.000930
356,0.0027430253562587,0.0154874294251412,0.109375,1,0.0056408862308005,0.3801944715275765,0.0,0.0,0.0,0.0,0.0,1.0,0.0,0.015761647,0.13616402,1.0,2020-04-18 14:22:44.000180
357,0.0092326219308222,0.0154925712140865,0.107421875,1,0.0061845861084681,0.3804975098158054,0.0,0.0,0.0,0.0,0.0,1.0,0.0,0.015324269,0.13260269,1.0,2020-04-18 14:35:15.000997
358,0.0033451528734863,0.0154742841656123,0.09375,1,0.0024466494495038,0.3802427819793231,0.0,0.0,0.0,0.0,0.0,1.0,0.0,0.015246253000000001,0.13239478,1.0,2020-04-18 14:37:42.000524
359,0.0019401886666220002,0.0152765446938099,0.09375,1,0.0023786869647954,0.3802559575570722,0.0,0.0,0.0,0.0,0.0,1.0,0.0,0.016183242,0.13992994,1.0,2020-04-18 14:42:14.000539
360,0.0173947949421288,0.0154597217123153,0.125,1,0.0008155498165012,0.3808312911187822,0.0,0.0,0.0,0.0,0.0,1.0,0.0,0.016061593,0.13797453,1.0,2020-04-18 14:48:43.000539
361,0.0018063825516826,0.0152622089915158,0.115234375,1,0.0009514747859181,0.3801329854980808,0.0,0.0,0.0,0.0,0.0,1.0,0.0,0.015684325,0.13543142,1.0,2020-04-18 14:55:15.000714
362,0.0074931424366093,0.0152615098425902,0.103515625,1,0.0185537583254043,0.3803569703198153,0.0,0.0,0.0,0.0,0.0,1.0,0.0,0.016464557,0.14187560000000002,1.0,2020-04-18 15:03:30.000497
363,0.0032113467585468,0.0152696056932121,0.1328125,1,0.0042136740519233,0.3802471738385728,0.0,0.0,0.0,0.0,0.0,1.0,0.0,0.015855104,0.13636908,1.0,2020-04-18 15:05:59.000340
364,0.0074931424366093,0.0152831288710792,0.10546875,1,0.001087399755335,0.3799265681133451,0.0,0.0,0.0,0.0,0.0,1.0,0.0,0.015431238,0.13353863,1.0,2020-04-18 15:16:52.000874
365,0.0050846323676992,0.0152865364347616,0.09765625,1,0.0011553622400434,0.3807214946375399,0.0,0.0,0.0,0.0,0.0,1.0,0.0,0.015677745,0.13573210000000002,1.0,2020-04-18 15:26:52.000939
366,0.0015387703218037,0.0153635771875415,0.107421875,1,0.0063205110778850005,0.3807214946375399,0.0,0.0,0.0,0.0,0.0,1.0,0.0,0.015224131,0.13192871,1.0,2020-04-18 15:28:08.000816
367,0.0030775406436074,0.015493497114015,0.0898437499999999,1,0.0036020116895473,0.3810904108145143,0.0,0.0,0.0,0.0,0.0,1.0,0.0,0.015514229,0.13463522,1.0,2020-04-18 15:30:44.000063
368,0.0010035458620458,0.0152491981029515,0.103515625,1,0.0044175615060486,0.3835410682758439,0.0,0.0,0.0,0.0,0.0,1.0,0.0,0.015900375,0.13744925,1.0,2020-04-18 15:39:58.000150
369,0.0026092192413193,0.0152555030405598,0.11328125,1,0.0002718499388337,0.3797025832916107,0.0,0.0,0.0,0.0,0.0,1.0,0.0,0.016540427,0.14232928,1.0,2020-04-18 15:45:50.000059
370,0.0040141834481835,0.0156626743576379,0.1328125,1,0.0048253364142993,0.3812573014660027,0.0,0.0,0.0,0.0,0.0,1.0,0.0,0.015570061000000001,0.13402312,1.0,2020-04-18 15:49:26.000841
371,0.0050177293102294,0.0179746149858776,0.095703125,1,0.0008155498165012,0.3800495401723365,0.0,0.0,0.0,0.0,0.0,1.0,0.0,0.015565002,0.13478734,1.0,2020-04-18 15:58:23.000205
372,0.0028099284137285,0.0179487464756306,0.103515625,1,0.016039146391192,0.3798123797728529,0.0,0.0,0.0,0.0,0.0,1.0,0.0,0.0155627,0.13462742,1.0,2020-04-18 16:07:50.000779
373,0.0033451528734863,0.0177276999400955,0.1015625,1,0.0077477232567622,0.3800231890168384,0.0,0.0,0.0,0.0,0.0,1.0,0.0,0.016878992,0.14524409,1.0,2020-04-18 16:14:19.000963
374,0.0008697397471064,0.0177615719209261,0.146484375,1,0.0020388745412532,0.3798167716321028,0.0,0.0,0.0,0.0,0.0,1.0,0.0,0.01579253,0.13550144,1.0,2020-04-18 16:18:03.000889
375,0.002676122298789,0.0181940427711976,0.099609375,1,0.0008835123012097,0.3796015705288677,0.0,0.0,0.0,0.0,0.0,1.0,0.0,0.01559715,0.13498832,1.0,2020-04-18 16:26:36.000433
376,0.004147989563122999,0.0179580096740082,0.103515625,1,0.0012912872094603,0.3801198099203317,0.0,0.0,0.0,0.0,0.0,1.0,0.0,0.016200067,0.13971446,1.0,2020-04-18 16:31:57.000209
377,0.0123770656318993,0.0179339446740528,0.123046875,1,0.0033301617507136,0.3808093318225337,0.0,0.0,0.0,0.0,0.0,1.0,0.0,0.016250068,0.13952824,1.0,2020-04-18 16:40:25.000358
378,0.0037465712183046,0.0179390066802378,0.12109375,1,0.0019709120565447,0.3802779168533208,0.0,0.0,0.0,0.0,0.0,1.0,0.0,0.015561033,0.1341842,1.0,2020-04-18 16:45:08.000965
379,0.0013380611493945,0.0181986260808209,0.09765625,1,0.0059127361696343,0.3809454794592743,0.0,0.0,0.0,0.0,0.0,1.0,0.0,0.016457833,0.14196934,1.0,2020-04-18 16:50:15.000218
380,0.012711580919248,0.0177264780041354,0.1328125,1,0.0016310996330025,0.3799529192688433,0.0,0.0,0.0,0.0,0.0,1.0,0.0,0.016195986000000002,0.13886896,1.0,2020-04-18 16:57:14.000626
381,0.0040810865056533,0.0177338978008413,0.1171875,1,0.0002718499388337,0.3805062935343048,0.0,0.0,0.0,0.0,0.0,1.0,0.0,0.01553308,0.13405243,1.0,2020-04-18 17:02:14.000085
382,0.0036127651033652,0.0179761308583229,0.09765625,1,0.0058447736849259,0.3806512248895447,0.0,0.0,0.0,0.0,0.0,1.0,0.0,0.016106222,0.13909882,1.0,2020-04-18 17:08:24.000059
383,0.0076269485515488,0.0183716685892247,0.12109375,1,0.0044175615060486,0.3806687923265436,0.0,0.0,0.0,0.0,0.0,1.0,0.0,0.01636574,0.14057161,1.0,2020-04-18 17:13:43.000381
384,0.0007359336321669,0.0179692296495588,0.125,1,0.0078156857414707,0.3804887260973061,0.0,0.0,0.0,0.0,0.0,1.0,0.0,0.016232034,0.13952845,1.0,2020-04-18 17:19:11.000499
385,0.0070917240917909,0.0177049639529626,0.119140625,1,0.0008835123012097,0.3799309599725948,0.0,0.0,0.0,0.0,0.0,1.0,0.0,0.016525285,0.14191556,1.0,2020-04-18 17:30:30.000657
386,0.0036796681608349,0.0182089558487306,0.130859375,1,0.0012233247247519,0.3816218257837273,0.0,0.0,0.0,0.0,0.0,1.0,0.0,0.015451398,0.13307905,1.0,2020-04-18 17:35:31.000477
387,0.0057536629423964,0.018192400925973,0.091796875,1,0.0,0.3818589861832109,0.0,0.0,0.0,0.0,0.0,1.0,0.0,0.015946552,0.13792181,1.0,2020-04-18 17:42:26.000747
388,0.0020739947815615,0.0180012897219126,0.1171875,1,0.0047573739295908,0.3809323038815253,0.0,0.0,0.0,0.0,0.0,1.0,0.0,0.01600419,0.13785918,1.0,2020-04-18 17:45:13.000158
389,0.0160567337927343,0.0177359112657651,0.11328125,1,0.0048932988990077,0.3808620341335301,0.0,0.0,0.0,0.0,0.0,1.0,0.0,0.015945382,0.13725322,1.0,2020-04-18 17:52:36.000266
390,0.0107044891951562,0.017963856910518,0.11328125,1,0.0033301617507136,0.3800934587648335,0.0,0.0,0.0,0.0,0.0,1.0,0.0,0.015958214,0.1374425,1.0,2020-04-18 18:00:28.000260
391,0.0011373519769853,0.0177309710332669,0.11328125,1,0.0032621992660051,0.3801285936388311,0.0,0.0,0.0,0.0,0.0,1.0,0.0,0.015220929,0.1316942,1.0,2020-04-18 18:06:42.000835
392,0.0194018866662206,0.0179447930299042,0.087890625,1,0.0007475873317928,0.3803481866013158,0.0,0.0,0.0,0.0,0.0,1.0,0.0,0.014893306,0.12935758,1.0,2020-04-18 18:14:30.000560
393,0.0022747039539706,0.0181976057013079,0.0839843749999999,1,0.0030583118118798,0.3807961562447847,0.0,0.0,0.0,0.0,0.0,1.0,0.0,0.015435373,0.13406679,1.0,2020-04-18 18:21:35.000094
394,0.000468321402288,0.0177301459115619,0.1015625,1,0.0034660867201304,0.3803833214753134,0.0,0.0,0.0,0.0,0.0,1.0,0.0,0.016484046000000002,0.14210685,1.0,2020-04-18 18:26:41.000910
395,0.000468321402288,0.0179568591226231,0.1328125,1,0.0040777490825064,0.3807127109190405,0.0,0.0,0.0,0.0,0.0,1.0,0.0,0.015470302,0.13324435,1.0,2020-04-18 18:29:40.000623
396,0.0008697397471064,0.0179940777802927,0.091796875,1,0.0050292238684246,0.3822366860786845,0.0,0.0,0.0,0.0,0.0,1.0,0.0,0.01589838,0.13762243,1.0,2020-04-18 18:35:17.000568
397,0.0066903057469726,0.017736488641003998,0.115234375,1,0.0010194372706266,0.3821752000491889,0.0,0.0,0.0,0.0,0.0,1.0,0.0,0.016270084,0.13996299,1.0,2020-04-18 18:41:22.000421
398,0.0057536629423964,0.0181148772775387,0.123046875,1,0.0015631371482941,0.3807522376522877,0.0,0.0,0.0,0.0,0.0,1.0,0.0,0.01632455,0.14022714,1.0,2020-04-18 18:45:11.000926
399,0.0022078008965009,0.018110778963116,0.123046875,1,0.0205926328666576,0.3807522376522877,0.0,0.0,0.0,0.0,0.0,1.0,0.0,0.016505955,0.14174177,1.0,2020-04-18 18:49:51.000567
400,0.0022747039539706,0.018142652175847002,0.1289062499999999,1,0.0002718499388337,0.3803481866013158,0.0,0.0,0.0,0.0,0.0,1.0,0.0,0.015908174,0.13680288,1.0,2020-04-18 18:58:18.000169
401,0.0055529537699872,0.0182885433512004,0.107421875,1,0.0029903493271714,0.3801900796683268,0.0,0.0,0.0,0.0,0.0,1.0,0.0,0.01593452,0.13745698,1.0,2020-04-18 19:02:13.000875
402,0.0119087442296112,0.0183141095267768,0.11328125,1,0.0150876716052738,0.3798914332393475,0.0,0.0,0.0,0.0,0.0,1.0,0.0,0.016015425,0.13787168,1.0,2020-04-18 19:11:06.000082
403,0.0107713922526259,0.018011046313676005,0.115234375,1,0.0006796248470844,0.3803964970530625,0.0,0.0,0.0,0.0,0.0,1.0,0.0,0.016146166,0.1388951,1.0,2020-04-18 19:17:20.000142
404,0.0044156017930019,0.0182427081554208,0.119140625,1,0.0070001359249694,0.3824562790411693,0.0,0.0,0.0,0.0,0.0,1.0,0.0,0.016244601,0.1396981,1.0,2020-04-18 19:25:29.000081
405,0.0016725764367431,0.0179558870326755,0.12109375,1,0.0038058991436726,0.3811475049847601,0.0,0.0,0.0,0.0,0.0,1.0,0.0,0.015681518000000002,0.13518953,1.0,2020-04-18 19:27:36.000182
406,0.0083628821837157,0.0177525564690147,0.1015625,1,0.0093108604050564,0.3802691331348213,0.0,0.0,0.0,0.0,0.0,1.0,0.0,0.015595238999999999,0.13484213,1.0,2020-04-18 19:32:42.000347
407,0.0005352244597578,0.0179882389419682,0.103515625,1,0.000475737392959,0.3819072966349575,0.0,0.0,0.0,0.0,0.0,1.0,0.0,0.01609369,0.13891198,1.0,2020-04-18 19:39:19.000185
408,0.0051515354251689,0.0183093687511793,0.119140625,1,0.0093788228897648,0.3805194691120539,0.0,0.0,0.0,0.0,0.0,1.0,0.0,0.015894748,0.13688159,1.0,2020-04-18 19:45:31.000701
409,0.0011373519769853,0.0177224636715657,0.109375,1,0.0128449096098953,0.3803921051938128,0.0,0.0,0.0,0.0,0.0,1.0,0.0,0.016591087,0.14277108,1.0,2020-04-18 19:51:39.000193
410,0.000468321402288,0.0180961199306881,0.134765625,1,0.0060486611390512,0.3817931082944654,0.0,0.0,0.0,0.0,0.0,1.0,0.0,0.015949275,0.13703553,1.0,2020-04-18 19:57:09.000116
411,0.011975647287081,0.0177318381458983,0.107421875,1,0.0017670246024194,0.3800539320315863,0.0,0.0,0.0,0.0,0.0,1.0,0.0,0.016953848,0.14556593,1.0,2020-04-18 20:05:41.000183
412,0.0062219843446845,0.0180055140091147,0.1484374999999999,1,0.0035340492048389,0.3834444473723506,0.0,0.0,0.0,0.0,0.0,1.0,0.0,0.015967205,0.13677070000000002,1.0,2020-04-18 20:08:30.000222
413,0.0016725764367431,0.0179040765280603,0.10546875,1,6.796248470844094e-05,0.3811606805625093,0.0,0.0,0.0,0.0,0.0,1.0,0.0,0.017080147,0.14679888,1.0,2020-04-18 20:15:11.000408
414,0.0014049642068642,0.0177321698742174,0.15234375,1,0.0054369987766752,0.3810025736295203,0.0,0.0,0.0,0.0,0.0,1.0,0.0,0.017436422,0.1485723,1.0,2020-04-18 20:22:07.000315
415,0.0042817956780624,0.0180562264510029,0.154296875,1,0.0016310996330025,0.3821752000491889,0.0,0.0,0.0,0.0,0.0,1.0,0.0,0.01589383,0.13608104,1.0,2020-04-18 20:27:38.000090
416,0.0139827390111728,0.0177424219589131,0.1015625,1,0.012641022155770001,0.3805238609713037,0.0,0.0,0.0,0.0,0.0,1.0,0.0,0.015815293,0.13651507,1.0,2020-04-18 20:33:09.000020
417,0.0108382953100956,0.017980336249608,0.111328125,1,0.0027184993883376,0.3802559575570722,0.0,0.0,0.0,0.0,0.0,1.0,0.0,0.01635187,0.14063634,1.0,2020-04-18 20:40:44.000217
418,0.0006021275172275,0.0183536712781431,0.126953125,1,0.0023786869647954,0.380317443586568,0.0,0.0,0.0,0.0,0.0,1.0,0.0,0.016534943,0.14191245,1.0,2020-04-18 20:46:27.000599
419,0.0009366428045761,0.0177084638966832,0.1289062499999999,1,0.0033301617507136,0.3802647412755717,0.0,0.0,0.0,0.0,0.0,1.0,0.0,0.016486841999999998,0.14148547,1.0,2020-04-18 20:50:14.000721
420,0.0009366428045761,0.0177146113683173,0.126953125,1,0.0013592496941688,0.3808883852890283,0.0,0.0,0.0,0.0,0.0,1.0,0.0,0.015194293000000001,0.13117403,1.0,2020-04-18 20:54:31.000192
421,0.001204255034455,0.0177250545117284,0.0839843749999999,1,0.0019709120565447,0.381266085184502,0.0,0.0,0.0,0.0,0.0,1.0,0.0,0.016425658,0.14203924,1.0,2020-04-18 20:58:28.000894
422,0.0033451528734863,0.0179503127371877,0.134765625,1,0.0010194372706266,0.3808664259927798,0.0,0.0,0.0,0.0,0.0,1.0,0.0,0.016635062,0.14249697,1.0,2020-04-18 21:04:08.000040
423,0.0022747039539706,0.0177661825246516,0.130859375,1,0.0012912872094603,0.3804711586603073,0.0,0.0,0.0,0.0,0.0,1.0,0.0,0.015976653,0.13731924,1.0,2020-04-18 21:07:27.000895
424,0.0032782498160165,0.0179011791541344,0.109375,1,0.0011553622400434,0.3810245329257688,0.0,0.0,0.0,0.0,0.0,1.0,0.0,0.01583409,0.13665462,1.0,2020-04-18 21:14:56.000912
425,0.001204255034455,0.0179921315008512,0.109375,1,0.0142041593040641,0.3804272400678103,0.0,0.0,0.0,0.0,0.0,1.0,0.0,0.015897758,0.1371953,1.0,2020-04-18 21:18:43.000307
426,0.0001338061149394,0.0181073126121366,0.111328125,1,0.0061166236237596,0.3807478457930381,0.0,0.0,0.0,0.0,0.0,1.0,0.0,0.016261129,0.14008433,1.0,2020-04-18 21:27:20.000121
427,0.0006021275172275,0.0179597124060762,0.123046875,1,0.0004077749082506,0.3804711586603073,0.0,0.0,0.0,0.0,0.0,1.0,0.0,0.015872145,0.1366851,1.0,2020-04-18 21:30:20.000148
428,0.000468321402288,0.0179521792338689,0.107421875,1,0.0123012097322278,0.3802910924310698,0.0,0.0,0.0,0.0,0.0,1.0,0.0,0.015827348,0.13669498,1.0,2020-04-18 21:38:55.000906
429,0.0010035458620458,0.0177295559390451,0.109375,1,0.001087399755335,0.3804228482085607,0.0,0.0,0.0,0.0,0.0,1.0,0.0,0.016475383,0.14184831,1.0,2020-04-18 21:43:04.000550
430,0.0018732856091523,0.0177501398911968,0.130859375,1,0.0006796248470844,0.3815647316134813,0.0,0.0,0.0,0.0,0.0,1.0,0.0,0.016556493999999998,0.14197366,1.0,2020-04-18 21:47:14.000127
431,0.0093664280457616,0.0183599909125756,0.1289062499999999,1,0.0010194372706266,0.3804843342380563,0.0,0.0,0.0,0.0,0.0,1.0,0.0,0.016584307,0.1421228,1.0,2020-04-18 21:52:02.000091
432,0.0,0.0177245422224255,0.130859375,1,0.0041457115672148,0.3801769040905777,0.0,0.0,0.0,0.0,0.0,1.0,0.0,0.015923923,0.13693270000000002,1.0,2020-04-18 21:56:38.000604
433,0.013447514551415001,0.0179528825818871,0.107421875,1,0.0050292238684246,0.3805546039860515,0.0,0.0,0.0,0.0,0.0,1.0,0.0,0.016204547,0.13950279999999998,1.0,2020-04-18 22:02:05.000830
434,0.0060212751722753,0.018310796442679002,0.123046875,1,0.0068642109555525,0.3801856878090771,0.0,0.0,0.0,0.0,0.0,1.0,0.0,0.015452601000000002,0.13323267,1.0,2020-04-18 22:07:14.000250
435,0.0013380611493945,0.0179672770714783,0.09375,1,0.0066603235014272,0.3801110262018324,0.0,0.0,0.0,0.0,0.0,1.0,0.0,0.015326261499999999,0.13298106,1.0,2020-04-18 22:09:02.000086
436,0.0098347494480497,0.0179691351699743,0.095703125,1,0.0005436998776675,0.3800319727353377,0.0,0.0,0.0,0.0,0.0,1.0,0.0,0.01596113,0.13788947,1.0,2020-04-18 22:14:31.000217
437,0.0060212751722753,0.0177206370662646,0.1171875,1,0.0004077749082506,0.3807522376522877,0.0,0.0,0.0,0.0,0.0,1.0,0.0,0.016514115,0.14189604,1.0,2020-04-18 22:21:10.000232
438,0.013179902321536001,0.0177294215680804,0.130859375,1,0.0012233247247519,0.3799792704243415,0.0,0.0,0.0,0.0,0.0,1.0,0.0,0.015894525,0.13647544,1.0,2020-04-18 22:27:24.000406
439,0.0029437345286679,0.0185683330933097,0.107421875,1,0.0058447736849259,0.3803789296160637,0.0,0.0,0.0,0.0,0.0,1.0,0.0,0.015766237,0.136151,1.0,2020-04-18 22:30:54.000402
440,0.0054860507125175,0.0179561137836784,0.107421875,1,0.0046894114448824,0.3806819679042927,0.0,0.0,0.0,0.0,0.0,1.0,0.0,0.01645346,0.14163788,1.0,2020-04-18 22:38:57.000307
441,0.0038803773332441,0.0179582448231963,0.130859375,1,0.0002718499388337,0.3803657540383146,0.0,0.0,0.0,0.0,0.0,1.0,0.0,0.01672415,0.14329103,1.0,2020-04-18 22:44:03.000597
442,0.0072255302067304,0.0180827038296835,0.134765625,1,0.0035340492048389,0.3804404156455594,0.0,0.0,0.0,0.0,0.0,1.0,0.0,0.016165808,0.13865929999999999,1.0,2020-04-18 22:49:00.000457
443,0.0003345152873486,0.0180030113498975,0.115234375,1,0.0121652847628109,0.3804931179565557,0.0,0.0,0.0,0.0,0.0,1.0,0.0,0.01645852,0.14158064,1.0,2020-04-18 22:52:59.000199
444,0.0043486987355322,0.0178076191708844,0.1289062499999999,1,0.0129128720946037,0.380058323890836,0.0,0.0,0.0,0.0,0.0,1.0,0.0,0.01572669,0.13532653,1.0,2020-04-18 22:58:57.000850
445,6.690305746972637e-05,0.0179651544301457,0.1015625,1,0.0006116623623759,0.3802867005718201,0.0,0.0,0.0,0.0,0.0,1.0,0.0,0.015673755,0.13560212,1.0,2020-04-18 23:02:53.000492
446,0.0030775406436074,0.0179983692529772,0.10546875,1,0.0052331113225499,0.3807171027782902,0.0,0.0,0.0,0.0,0.0,1.0,0.0,0.015342426000000001,0.13280483,1.0,2020-04-18 23:08:40.000765
447,0.0006021275172275,0.0182808905048527,0.09375,1,0.0047573739295908,0.3804052807715618,0.0,0.0,0.0,0.0,0.0,1.0,0.0,0.016146103000000002,0.13955964,1.0,2020-04-18 23:13:44.000232
448,0.0073593363216699,0.0180790947095541,0.123046875,1,0.0068642109555525,0.3805546039860515,0.0,0.0,0.0,0.0,0.0,1.0,0.0,0.016608395,0.14248501,1.0,2020-04-18 23:18:44.000312
449,0.0084297852411855,0.0180240823967962,0.1328125,1,0.0006796248470844,0.3804931179565557,0.0,0.0,0.0,0.0,0.0,1.0,0.0,0.016496155,0.14133948,1.0,2020-04-18 23:21:59.000824
450,0.0017394794942128,0.0179823917054583,0.126953125,1,0.0012233247247519,0.3799968378613402,0.0,0.0,0.0,0.0,0.0,1.0,0.0,0.015545015,0.13395992,1.0,2020-04-18 23:32:42.000475
451,0.0006021275172275,0.0177452815410051,0.095703125,1,0.000475737392959,0.3803525784605655,0.0,0.0,0.0,0.0,0.0,1.0,0.0,0.016733243999999998,0.14425088,1.0,2020-04-18 23:38:47.000267
452,0.0008028366896367,0.0178346571284333,0.142578125,1,0.0108739975533505,0.3803525784605655,0.0,0.0,0.0,0.0,0.0,1.0,0.0,0.015707951,0.13492157,1.0,2020-04-18 23:41:20.000121
453,0.0064895965745634,0.017737859644753003,0.09765625,1,0.0008155498165012,0.3802208226830746,0.0,0.0,0.0,0.0,0.0,1.0,0.0,0.016098157,0.13899417,1.0,2020-04-18 23:47:52.000636
454,0.0148524787582792,0.018211135177814,0.12109375,1,0.0018349870871279,0.3803394028828164,0.0,0.0,0.0,0.0,0.0,1.0,0.0,0.015535666000000002,0.13380171,1.0,2020-04-18 23:55:33.000139
455,0.0010704489195156,0.0179594541618785,0.09765625,1,0.0065923610167187,0.3800012297205899,0.0,0.0,0.0,0.0,0.0,1.0,0.0,0.01505895,0.13075748,1.0,2020-04-18 23:57:31.000275
456,0.002676122298789,0.0179725889236758,0.0859375,1,0.0002718499388337,0.3812704770437517,0.0,0.0,0.0,0.0,0.0,0.0,1.0,0.014161426999999999,0.13462229,1.0,2020-04-19 00:00:38.000127
457,0.0053522445975781,0.0179487107833431,0.107421875,1,0.0052331113225499,0.3802120389645753,0.0,0.0,0.0,0.0,0.0,0.0,1.0,0.014725944,0.13869934,1.0,2020-04-19 00:10:08.000584
458,0.002676122298789,0.0178638030304906,0.12109375,1,0.0020388745412532,0.3803789296160637,0.0,0.0,0.0,0.0,0.0,0.0,1.0,0.014401556999999999,0.13569242,1.0,2020-04-19 00:13:23.000679
459,0.007560045494079,0.0179677683653179,0.107421875,1,0.0014951746635857,0.380317443586568,0.0,0.0,0.0,0.0,0.0,0.0,1.0,0.014293449,0.13508810000000002,1.0,2020-04-19 00:19:46.000554
460,0.0005352244597578,0.0179533801743657,0.107421875,1,0.0179420959630284,0.380317443586568,0.0,0.0,0.0,0.0,0.0,0.0,1.0,0.014009668000000001,0.13283394,1.0,2020-04-19 00:23:48.000720
461,0.0,0.0179971452174708,0.09765625,1,0.0017670246024194,0.3799309599725948,0.0,0.0,0.0,0.0,0.0,0.0,1.0,0.013882175,0.13204634,1.0,2020-04-19 00:34:30.000644
462,0.0012711580919248,0.0177246388015564,0.095703125,1,0.0025146119342123,0.3801022424833329,0.0,0.0,0.0,0.0,0.0,0.0,1.0,0.014901882,0.14051764,1.0,2020-04-19 00:41:45.000806
463,0.0038803773332441,0.0181690119799336,0.1289062499999999,1,0.0069321734402609,0.3799748785650917,0.0,0.0,0.0,0.0,0.0,0.0,1.0,0.013781003,0.1303361,1.0,2020-04-19 00:47:20.000418
464,0.0010704489195156,0.0181876811458386,0.0859375,1,0.0001359249694168,0.3802120389645753,0.0,0.0,0.0,0.0,0.0,0.0,1.0,0.013922262,0.13266103,1.0,2020-04-19 00:49:17.000572
465,0.0137151267812939,0.0179532982920591,0.099609375,1,0.017738208508903,0.3800714994685851,0.0,0.0,0.0,0.0,0.0,0.0,1.0,0.0144041935,0.13612446,1.0,2020-04-19 00:55:09.000546
466,0.0035458620458954,0.0180800709985943,0.11328125,1,0.0009514747859181,0.3802427819793231,0.0,0.0,0.0,0.0,0.0,0.0,1.0,0.013979116000000001,0.13239247,1.0,2020-04-19 01:02:16.000548
467,0.0016725764367431,0.0177259867102958,0.095703125,1,0.0008155498165012,0.3805502121268018,0.0,0.0,0.0,0.0,0.0,0.0,1.0,0.014535813,0.13748129,1.0,2020-04-19 01:06:31.000106
468,0.0044825048504716,0.0180761217519606,0.1171875,1,0.00740791083322,0.3797816367581052,0.0,0.0,0.0,0.0,0.0,0.0,1.0,0.014612779,0.13751945,1.0,2020-04-19 01:11:02.000091
469,0.002676122298789,0.0177017327511714,0.115234375,1,0.0012912872094603,0.3802296064015741,0.0,0.0,0.0,0.0,0.0,0.0,1.0,0.014422331000000002,0.13601685,1.0,2020-04-19 01:13:49.000672
470,0.0044156017930019,0.0181221648028262,0.109375,1,0.0061845861084681,0.3807873725262853,0.0,0.0,0.0,0.0,0.0,0.0,1.0,0.014439387,0.13628097,1.0,2020-04-19 01:19:20.000111
471,0.0034120559309559996,0.0180577717170967,0.111328125,1,0.0007475873317928,0.3798694739430991,0.0,0.0,0.0,0.0,0.0,0.0,1.0,0.015121843000000001,0.1419037,1.0,2020-04-19 01:26:28.000560
472,0.0114404228273232,0.0177361947045188,0.1328125,1,0.00740791083322,0.3803569703198153,0.0,0.0,0.0,0.0,0.0,0.0,1.0,0.014877888999999998,0.13921827,1.0,2020-04-19 01:32:09.000726
473,0.0069579179768515,0.0178979395541579,0.12109375,1,0.0108739975533505,0.3802208226830746,0.0,0.0,0.0,0.0,0.0,0.0,1.0,0.014266447,0.13451838,1.0,2020-04-19 01:37:05.000111
474,0.0090988158158827,0.0179520805551917,0.103515625,1,0.0101943727062661,0.380317443586568,0.0,0.0,0.0,0.0,0.0,0.0,1.0,0.014139351000000001,0.13389835,1.0,2020-04-19 01:46:35.000380
475,0.0001338061149394,0.0178038819784292,0.103515625,1,0.000475737392959,0.3807873725262853,0.0,0.0,0.0,0.0,0.0,0.0,1.0,0.014350171,0.13576068,1.0,2020-04-19 01:52:19.000140
476,0.0006021275172275,0.0179692464459294,0.109375,1,0.004009786597798,0.3796410972621149,0.0,0.0,0.0,0.0,0.0,0.0,1.0,0.014268611,0.1349151,1.0,2020-04-19 01:55:02.000125
477,0.0008028366896367,0.0183707720829447,0.10546875,1,0.0027864618730459997,0.3806819679042927,0.0,0.0,0.0,0.0,0.0,0.0,1.0,0.0138124805,0.13124860000000002,1.0,2020-04-19 01:57:06.000349
478,0.0017394794942128,0.0177482377022281,0.091796875,1,0.0002718499388337,0.3806116981562975,0.0,0.0,0.0,0.0,0.0,0.0,1.0,0.014872854,0.14038163,1.0,2020-04-19 02:06:53.000638
479,0.0051515354251689,0.0177594240850376,0.1289062499999999,1,0.0078156857414707,0.3803481866013158,0.0,0.0,0.0,0.0,0.0,0.0,1.0,0.0140807945,0.1328075,1.0,2020-04-19 02:13:37.000176
480,0.0010035458620458,0.0179805713987962,0.095703125,1,0.0095147478591817,0.3800802831870844,0.0,0.0,0.0,0.0,0.0,0.0,1.0,0.01417178,0.13447925,1.0,2020-04-19 02:17:51.000183
481,0.0006690305746972,0.0177135259028682,0.10546875,1,0.0012233247247519,0.3803964970530625,0.0,0.0,0.0,0.0,0.0,0.0,1.0,0.0148478355,0.13982655,1.0,2020-04-19 02:22:09.000784
482,0.0014718672643339,0.0178944522077152,0.125,1,0.0006796248470844,0.3798343390691016,0.0,0.0,0.0,0.0,0.0,0.0,1.0,0.014370326999999999,0.13535337,1.0,2020-04-19 02:27:19.000980
483,0.0003345152873486,0.0176998452590269,0.10546875,1,0.000475737392959,0.3808093318225337,0.0,0.0,0.0,0.0,0.0,0.0,1.0,0.013872387,0.1317637,1.0,2020-04-19 02:35:09.000670
484,0.0050177293102294,0.0177169649597455,0.09375,1,0.0025825744189207,0.3801329854980808,0.0,0.0,0.0,0.0,0.0,0.0,1.0,0.014876427,0.14031158,1.0,2020-04-19 02:41:25.000427
485,0.0032113467585468,0.0180119218244928,0.1289062499999999,1,0.0048253364142993,0.3797157588693597,0.0,0.0,0.0,0.0,0.0,0.0,1.0,0.01408769,0.13288592,1.0,2020-04-19 02:49:25.000684
486,0.0011373519769853,0.017937650373312998,0.095703125,1,0.0029903493271714,0.3806160900155472,0.0,0.0,0.0,0.0,0.0,0.0,1.0,0.015447708000000001,0.14503744,1.0,2020-04-19 02:54:17.000811
487,0.000468321402288,0.0184701142167686,0.146484375,1,0.0088351230120973,0.380172512231328,0.0,0.0,0.0,0.0,0.0,0.0,1.0,0.015488991499999999,0.14405705,1.0,2020-04-19 02:59:08.000500
488,0.0171940857697196,0.017729711305473,0.13671875,1,0.0121652847628109,0.3801900796683268,0.0,0.0,0.0,0.0,0.0,0.0,1.0,0.014765687,0.13810920000000002,1.0,2020-04-19 03:05:13.000755
489,0.0026092192413193,0.018083486960461997,0.1171875,1,0.0082234606497213,0.3802427819793231,0.0,0.0,0.0,0.0,0.0,0.0,1.0,0.014316668000000001,0.13507737,1.0,2020-04-19 03:08:10.000700
490,0.000468321402288,0.0185081978875234,0.10546875,1,0.0020388745412532,0.3802076471053256,0.0,0.0,0.0,0.0,0.0,0.0,1.0,0.0141214635,0.13379672,1.0,2020-04-19 03:14:50.000686
491,0.0009366428045761,0.0181106214971418,0.1015625,1,0.0067962484708440005,0.3803042680088189,0.0,0.0,0.0,0.0,0.0,0.0,1.0,0.014701724,0.13869987,1.0,2020-04-19 03:19:03.000867
492,0.0019401886666220002,0.0182538126559237,0.12109375,1,0.0081554981650129,0.3803306191643169,0.0,0.0,0.0,0.0,0.0,0.0,1.0,0.014465555,0.13622914,1.0,2020-04-19 03:25:37.000287
493,0.0002676122298789,0.0177073364403077,0.109375,1,0.0061845861084681,0.3798431227876009,0.0,0.0,0.0,0.0,0.0,0.0,1.0,0.0141460635,0.13391352,1.0,2020-04-19 03:30:33.000904
494,0.0057536629423964,0.0182592882727343,0.1015625,1,6.796248470844094e-05,0.37985629836535,0.0,0.0,0.0,0.0,0.0,0.0,1.0,0.013832273,0.13144319,1.0,2020-04-19 03:37:25.000323
495,0.0023416070114404,0.0180886392471389,0.09375,1,0.0109419600380589,0.3800495401723365,0.0,0.0,0.0,0.0,0.0,0.0,1.0,0.013849132,0.13183732,1.0,2020-04-19 03:42:46.000725
496,0.0096340402756405,0.0179579298912479,0.095703125,1,6.796248470844094e-05,0.3801505529350796,0.0,0.0,0.0,0.0,0.0,0.0,1.0,0.014997268999999999,0.14119574,1.0,2020-04-19 03:48:37.000087
497,0.0143841573559911,0.0180270595534823,0.1328125,1,0.0021747995106701,0.3799397436910942,0.0,0.0,0.0,0.0,0.0,0.0,1.0,0.014140368,0.13307753,1.0,2020-04-19 03:53:43.000127
498,0.0010704489195156,0.0177254849187246,0.09765625,1,0.0034660867201304,0.3807610213707872,0.0,0.0,0.0,0.0,0.0,0.0,1.0,0.014732558,0.13907376,1.0,2020-04-19 03:57:08.000503
499,0.0052853415401083,0.0177672826869249,0.123046875,1,0.0025146119342123,0.3801154180610821,0.0,0.0,0.0,0.0,0.0,0.0,1.0,0.014040249,0.13262233,1.0,2020-04-19 04:03:50.000008
500,0.0030775406436074,0.0179700463730785,0.095703125,1,6.796248470844094e-05,0.3803701458975643,0.0,0.0,0.0,0.0,0.0,0.0,1.0,0.014227102,0.134905,1.0,2020-04-19 04:07:37.000276
501,0.0121094534020204,0.0179315448926055,0.107421875,1,0.0029903493271714,0.3802383901200735,0.0,0.0,0.0,0.0,0.0,0.0,1.0,0.013912693,0.13187984,1.0,2020-04-19 04:19:24.000939
502,0.0015387703218037,0.0179818794161555,0.095703125,1,0.0107380725839336,0.3799529192688433,0.0,0.0,0.0,0.0,0.0,0.0,1.0,0.015265411000000001,0.14352085,1.0,2020-04-19 04:22:06.000411
503,0.0038803773332441,0.0183316827295012,0.140625,1,0.0075438358026369,0.3799617029873426,0.0,0.0,0.0,0.0,0.0,0.0,1.0,0.015379678,0.14325273,1.0,2020-04-19 04:25:35.000335
504,0.0024085100689101,0.0182035180237538,0.134765625,1,0.004009786597798,0.3797508937433573,0.0,0.0,0.0,0.0,0.0,0.0,1.0,0.014192188,0.13360393,1.0,2020-04-19 04:30:12.000867
505,0.0009366428045761,0.017951412899461002,0.09765625,1,0.0047573739295908,0.3797948123358543,0.0,0.0,0.0,0.0,0.0,0.0,1.0,0.013817826,0.13150245,1.0,2020-04-19 04:35:34.000664
506,0.0006690305746972,0.0177535726494351,0.09375,1,0.0017670246024194,0.3806512248895447,0.0,0.0,0.0,0.0,0.0,0.0,1.0,0.014525605,0.13746169,1.0,2020-04-19 04:44:45.000652
507,0.0055529537699872,0.0180201394488014,0.1171875,1,0.0001359249694168,0.3796718402768628,0.0,0.0,0.0,0.0,0.0,0.0,1.0,0.014245283999999999,0.13445639999999998,1.0,2020-04-19 04:46:46.000246
508,0.0050177293102294,0.0181792073768786,0.103515625,1,0.0022427619953785,0.3805414284083024,0.0,0.0,0.0,0.0,0.0,0.0,1.0,0.015306992,0.1436148,1.0,2020-04-19 04:54:01.000436
509,0.0006021275172275,0.0180702934113677,0.140625,1,0.0012233247247519,0.380058323890836,0.0,0.0,0.0,0.0,0.0,0.0,1.0,0.014480838999999999,0.13586485,1.0,2020-04-19 04:59:07.000567
510,0.0001338061149394,0.0179349881485753,0.10546875,1,0.0005436998776675,0.3796191379658665,0.0,0.0,0.0,0.0,0.0,0.0,1.0,0.013751346999999999,0.130761,1.0,2020-04-19 05:07:01.000465
511,0.0106375861376864,0.0177564910188242,0.0898437499999999,1,0.001087399755335,0.3799880541428409,0.0,0.0,0.0,0.0,0.0,0.0,1.0,0.013917588,0.13240398,1.0,2020-04-19 05:11:31.000027
512,0.0022078008965009,0.0178142894295529,0.099609375,1,0.0201848579584069,0.3800231890168384,0.0,0.0,0.0,0.0,0.0,0.0,1.0,0.01558874,0.1461046,1.0,2020-04-19 05:16:45.000269
513,0.0012711580919248,0.0179353471709966,0.150390625,1,0.0001359249694168,0.3801417692165801,0.0,0.0,0.0,0.0,0.0,0.0,1.0,0.0145452805,0.1361336,1.0,2020-04-19 05:21:06.000300
514,0.0034789589884257,0.0181762239215534,0.10546875,1,0.0001359249694168,0.3800319727353377,0.0,0.0,0.0,0.0,0.0,0.0,1.0,0.013865391000000001,0.13165003,1.0,2020-04-19 05:26:10.000162
515,0.0028768314711982,0.0179426199994598,0.09375,1,0.0020388745412532,0.3796674484176131,0.0,0.0,0.0,0.0,0.0,0.0,1.0,0.014214282,0.13485286,1.0,2020-04-19 05:30:46.000336
516,0.0065564996320331,0.0179493406472401,0.107421875,1,0.0198450455348647,0.3796674484176131,0.0,0.0,0.0,0.0,0.0,0.0,1.0,0.014539403999999999,0.13714218,1.0,2020-04-19 05:35:07.000857
517,0.0178631163444169,0.0176989928432197,0.115234375,1,0.022971319831452997,0.3809893980517712,0.0,0.0,0.0,0.0,0.0,0.0,1.0,0.014678423999999999,0.13793953,1.0,2020-04-19 05:42:58.000214
518,0.0002676122298789,0.0179617300700927,0.119140625,1,0.0021747995106701,0.3805238609713037,0.0,0.0,0.0,0.0,0.0,0.0,1.0,0.014151255,0.13370869,1.0,2020-04-19 05:49:18.000715
519,0.0047501170803505,0.0177121737950361,0.099609375,1,0.0018349870871279,0.3797289344471089,0.0,0.0,0.0,0.0,0.0,0.0,1.0,0.014491416000000002,0.13697407,1.0,2020-04-19 05:55:45.000082
520,0.0014049642068642,0.0178876307817115,0.115234375,1,0.0033301617507136,0.3799397436910942,0.0,0.0,0.0,0.0,0.0,0.0,1.0,,,,
