2019-06-23T803:04:47.1995803Z,1,1
2019-06-23T10:05:10.000Z,0,1
2019-06-23T10:05:11.039Z,2,1
2019-06-23T10:05:52.000Z,0,1
2019-06-23T10:05:53.564Z,3,1
2019-06-23T10:06:33.000Z,0,1
2019-06-23T10:06:34.718Z,4,1
2019-06-23T10:08:54.000Z,0,1
2019-06-23T10:08:55.095Z,5,1
2019-06-23T10:08:55.000Z,0,1
2019-06-23T10:08:56.104Z,1,2
2019-06-23T10:09:46.000Z,0,2
2019-06-23T10:09:47.549Z,2,2
2019-06-23T10:10:29.000Z,0,2
2019-06-23T10:10:30.890Z,3,2
2019-06-23T10:10:54.000Z,0,2
2019-06-23T10:10:55.574Z,4,2
2019-06-23T10:12:39.000Z,0,2
2019-06-23T10:12:40.262Z,5,2
2019-06-23T10:12:57.000Z,0,2
2019-06-23T10:12:58.561Z,1,3
2019-06-23T10:14:11.000Z,0,3
2019-06-23T10:14:12.994Z,2,3
2019-06-23T10:14:44.000Z,0,3
2019-06-23T10:14:45.504Z,3,3
2019-06-23T10:15:46.000Z,0,3
2019-06-23T10:15:47.130Z,4,3
2019-06-23T10:18:32.000Z,0,3
2019-06-23T10:18:33.559Z,5,3
2019-06-23T10:18:52.000Z,0,3
2019-06-23T10:18:53.306Z,1,4
2019-06-23T10:21:14.000Z,0,4
2019-06-23T10:21:15.153Z,2,4
2019-06-23T10:21:17.000Z,0,4
2019-06-23T10:21:18.477Z,3,4
2019-06-23T10:21:25.000Z,0,4
2019-06-23T10:21:26.383Z,4,4
2019-06-23T10:22:44.000Z,0,4
2019-06-23T10:22:45.912Z,5,4
2019-06-23T10:22:45.000Z,0,4
2019-06-23T10:22:46.921Z,1,5
2019-06-23T10:24:10.000Z,0,5
2019-06-23T10:24:11.749Z,2,5
2019-06-23T10:24:54.000Z,0,5
2019-06-23T10:24:55.232Z,3,5
2019-06-23T10:25:24.000Z,0,5
2019-06-23T10:25:25.881Z,4,5
2019-06-23T10:28:20.000Z,0,5
2019-06-23T10:28:21.411Z,5,5
2019-06-23T10:28:40.000Z,0,5
2019-06-23T10:28:41.019Z,1,6
2019-06-23T10:35:03.000Z,0,6
2019-06-23T10:35:04.676Z,2,6
2019-06-23T10:35:04.000Z,0,6
2019-06-23T10:35:05.693Z,3,6
2019-06-23T10:35:11.000Z,0,6
2019-06-23T10:35:12.678Z,4,6
2019-06-23T10:36:54.000Z,0,6
2019-06-23T10:36:55.915Z,5,6
2019-06-23T10:36:55.000Z,0,6
2019-06-23T10:36:56.924Z,1,7
2019-06-23T10:43:07.000Z,0,7
2019-06-23T10:43:08.387Z,2,7
2019-06-23T10:43:45.000Z,0,7
2019-06-23T10:43:46.628Z,3,7
2019-06-23T10:44:43.000Z,0,7
2019-06-23T10:44:44.342Z,4,7
2019-06-23T10:46:58.000Z,0,7
2019-06-23T10:46:59.939Z,5,7
2019-06-23T10:46:59.000Z,0,7
2019-06-23T10:47:00.948Z,1,8
2019-06-23T10:53:06.000Z,0,8
2019-06-23T10:53:07.943Z,2,8
2019-06-23T10:53:37.000Z,0,8
2019-06-23T10:53:38.365Z,3,8
2019-06-23T10:54:16.000Z,0,8
2019-06-23T10:54:17.363Z,4,8
2019-06-23T10:57:02.000Z,0,8
2019-06-23T10:57:03.461Z,5,8
2019-06-23T10:57:03.000Z,0,8
2019-06-23T10:57:04.687Z,1,9
2019-06-23T10:58:24.000Z,0,9
2019-06-23T10:58:25.981Z,2,9
2019-06-23T10:59:11.000Z,0,9
2019-06-23T10:59:12.466Z,3,9
2019-06-23T11:00:37.000Z,0,9
2019-06-23T11:00:38.486Z,4,9
2019-06-23T11:02:52.000Z,0,9
2019-06-23T11:02:53.129Z,5,9
2019-06-23T11:02:57.000Z,0,9
2019-06-23T11:03:28.559Z,1,1
2019-06-23T11:04:34.000Z,0,1
2019-06-23T11:04:35.966Z,2,1
2019-06-23T11:05:27.000Z,0,1
2019-06-23T11:05:28.658Z,3,1
2019-06-23T11:05:35.000Z,0,1
2019-06-23T11:05:36.957Z,4,1
2019-06-23T11:08:05.000Z,0,1
2019-06-23T11:08:06.792Z,5,1
2019-06-23T11:08:06.000Z,0,1
2019-06-23T11:08:07.801Z,1,2
2019-06-23T11:08:47.000Z,0,2
2019-06-23T11:08:48.973Z,2,2
2019-06-23T11:09:21.000Z,0,2
2019-06-23T11:09:22.488Z,3,2
2019-06-23T11:10:21.000Z,0,2
2019-06-23T11:10:22.543Z,4,2
2019-06-23T11:12:26.000Z,0,2
2019-06-23T11:12:27.941Z,5,2
2019-06-23T11:12:40.000Z,0,2
2019-06-23T11:12:41.944Z,1,3
2019-06-23T11:13:58.000Z,0,3
2019-06-23T11:13:59.216Z,2,3
2019-06-23T11:14:41.000Z,0,3
2019-06-23T11:14:42.398Z,3,3
2019-06-23T11:16:22.000Z,0,3
2019-06-23T11:16:23.220Z,4,3
2019-06-23T11:18:29.000Z,0,3
2019-06-23T11:18:30.961Z,5,3
2019-06-23T11:18:30.000Z,0,3
2019-06-23T11:18:31.971Z,1,4
2019-06-23T11:21:01.000Z,0,4
2019-06-23T11:21:02.077Z,2,4
2019-06-23T11:21:33.000Z,0,4
2019-06-23T11:21:34.120Z,3,4
2019-06-23T11:21:39.000Z,0,4
2019-06-23T11:21:40.673Z,4,4
2019-06-23T11:23:23.000Z,0,4
2019-06-23T11:23:24.852Z,5,4
2019-06-23T11:23:24.000Z,0,4
2019-06-23T11:23:25.861Z,1,5
2019-06-23T11:24:02.000Z,0,5
2019-06-23T11:24:03.484Z,2,5
2019-06-23T11:24:39.000Z,0,5
2019-06-23T11:24:40.504Z,3,5
2019-06-23T11:25:04.000Z,0,5
2019-06-23T11:25:05.469Z,4,5
2019-06-23T11:28:24.000Z,0,5
2019-06-23T11:28:25.023Z,5,5
2019-06-23T11:28:25.000Z,0,5
2019-06-23T11:28:26.147Z,1,6
2019-06-23T11:34:28.000Z,0,6
2019-06-23T11:34:30.752Z,2,6
2019-06-23T11:35:27.000Z,0,6
2019-06-23T11:35:28.215Z,3,6
2019-06-23T11:35:32.000Z,0,6
2019-06-23T11:35:33.177Z,4,6
2019-06-23T11:38:32.000Z,0,6
2019-06-23T11:38:33.018Z,5,6
2019-06-23T11:38:33.000Z,0,6
2019-06-23T11:38:34.155Z,1,7
2019-06-23T11:44:52.000Z,0,7
2019-06-23T11:44:53.577Z,2,7
2019-06-23T11:44:55.000Z,0,7
2019-06-23T11:44:56.306Z,3,7
2019-06-23T11:45:00.000Z,0,7
2019-06-23T11:45:01.564Z,4,7
2019-06-23T11:47:20.000Z,0,7
2019-06-23T11:47:21.742Z,5,7
2019-06-23T11:47:41.000Z,0,7
2019-06-23T11:47:42.331Z,1,8
2019-06-23T11:54:33.000Z,0,8
2019-06-23T11:54:34.607Z,2,8
2019-06-23T11:54:46.000Z,0,8
2019-06-23T11:54:47.384Z,3,8
2019-06-23T11:54:57.000Z,0,8
2019-06-23T11:54:58.973Z,4,8
2019-06-23T11:57:05.000Z,0,8
2019-06-23T11:57:06.131Z,5,8
2019-06-23T11:57:06.000Z,0,8
2019-06-23T11:57:07.139Z,1,9
2019-06-23T11:58:47.000Z,0,9
2019-06-23T11:58:48.501Z,2,9
2019-06-23T11:59:50.000Z,0,9
2019-06-23T11:59:51.797Z,3,9
2019-06-23T12:01:30.000Z,0,9
2019-06-23T12:01:31.497Z,4,9
2019-06-23T12:03:56.000Z,0,9
2019-06-23T12:03:57.564Z,5,9
2019-06-23T12:03:57.000Z,0,9
2019-06-23T12:04:28.578Z,1,1
2019-06-23T12:05:42.000Z,0,1
2019-06-23T12:05:43.163Z,2,1
2019-06-23T12:05:46.000Z,0,1
2019-06-23T12:05:47.611Z,3,1
2019-06-23T12:05:52.000Z,0,1
2019-06-23T12:05:53.171Z,4,1
2019-06-23T12:08:10.000Z,0,1
2019-06-23T12:08:11.908Z,5,1
2019-06-23T12:08:11.000Z,0,1
2019-06-23T12:08:12.916Z,1,2
2019-06-23T12:08:47.000Z,0,2
2019-06-23T12:08:48.770Z,2,2
2019-06-23T12:10:16.000Z,0,2
2019-06-23T12:10:17.048Z,3,2
2019-06-23T12:11:24.000Z,0,2
2019-06-23T12:11:25.649Z,4,2
2019-06-23T12:13:47.000Z,0,2
2019-06-23T12:13:48.961Z,5,2
2019-06-23T12:14:05.000Z,0,2
2019-06-23T12:14:06.093Z,1,3
2019-06-23T12:15:31.000Z,0,3
2019-06-23T12:15:32.630Z,2,3
2019-06-23T12:16:49.000Z,0,3
2019-06-23T12:16:50.451Z,3,3
2019-06-23T12:17:20.000Z,0,3
2019-06-23T12:17:21.679Z,4,3
2019-06-23T12:19:25.000Z,0,3
2019-06-23T12:19:26.457Z,5,3
2019-06-23T12:19:41.000Z,0,3
2019-06-23T12:19:42.833Z,1,4
2019-06-23T12:22:45.000Z,0,4
2019-06-23T12:22:46.185Z,2,4
2019-06-23T12:23:28.000Z,0,4
2019-06-23T12:23:29.898Z,3,4
2019-06-23T12:23:35.000Z,0,4
2019-06-23T12:23:36.415Z,4,4
2019-06-23T12:26:36.000Z,0,4
2019-06-23T12:26:37.639Z,5,4
2019-06-23T12:26:37.000Z,0,4
2019-06-23T12:26:38.647Z,1,5
2019-06-23T12:27:50.000Z,0,5
2019-06-23T12:27:51.882Z,2,5
2019-06-23T12:28:07.000Z,0,5
2019-06-23T12:28:08.388Z,3,5
2019-06-23T12:28:11.000Z,0,5
2019-06-23T12:28:12.991Z,4,5
2019-06-23T12:30:32.000Z,0,5
2019-06-23T12:30:33.621Z,5,5
2019-06-23T12:30:33.000Z,0,5
2019-06-23T12:30:34.630Z,1,6
2019-06-23T12:36:19.000Z,0,6
2019-06-23T12:36:20.617Z,2,6
2019-06-23T12:36:27.000Z,0,6
2019-06-23T12:36:28.941Z,3,6
2019-06-23T12:36:33.000Z,0,6
2019-06-23T12:36:34.065Z,4,6
2019-06-23T12:38:55.000Z,0,6
2019-06-23T12:38:56.771Z,5,6
2019-06-23T12:38:56.000Z,0,6
2019-06-23T12:38:57.780Z,1,7
2019-06-23T12:45:15.000Z,0,7
2019-06-23T12:45:16.946Z,2,7
2019-06-23T12:45:19.000Z,0,7
2019-06-23T12:45:20.712Z,3,7
2019-06-23T12:45:25.000Z,0,7
2019-06-23T12:45:26.254Z,4,7
2019-06-23T12:49:05.000Z,0,7
2019-06-23T12:49:06.142Z,5,7
2019-06-23T12:49:06.000Z,0,7
2019-06-23T12:49:07.247Z,1,8
2019-06-23T12:56:00.000Z,0,8
2019-06-23T12:56:01.634Z,2,8
2019-06-23T12:56:13.000Z,0,8
2019-06-23T12:56:14.841Z,3,8
2019-06-23T12:56:39.000Z,0,8
2019-06-23T12:56:40.973Z,4,8
2019-06-23T12:58:22.000Z,0,8
2019-06-23T12:58:23.303Z,5,8
2019-06-23T12:58:23.000Z,0,8
2019-06-23T12:58:24.312Z,1,9
2019-06-23T12:59:50.000Z,0,9
2019-06-23T12:59:51.814Z,2,9
2019-06-23T13:01:04.000Z,0,9
2019-06-23T13:01:05.439Z,3,9
2019-06-23T13:02:57.000Z,0,9
2019-06-23T13:02:58.278Z,4,9
2019-06-23T13:04:46.000Z,0,9
2019-06-23T13:04:47.400Z,5,9
2019-06-23T13:04:49.000Z,0,9
2019-06-23T13:05:20.262Z,1,1
2019-06-23T13:06:38.000Z,0,1
2019-06-23T13:06:39.379Z,2,1
2019-06-23T13:07:16.000Z,0,1
2019-06-23T13:07:17.859Z,3,1
2019-06-23T13:07:25.000Z,0,1
2019-06-23T13:07:26.932Z,4,1
2019-06-23T13:09:15.000Z,0,1
2019-06-23T13:09:16.980Z,5,1
2019-06-23T13:09:16.000Z,0,1
2019-06-23T13:09:17.989Z,1,2
2019-06-23T13:09:56.000Z,0,2
2019-06-23T13:09:57.942Z,2,2
2019-06-23T13:11:28.000Z,0,2
2019-06-23T13:11:29.115Z,3,2
2019-06-23T13:12:23.000Z,0,2
2019-06-23T13:12:24.664Z,4,2
2019-06-23T13:15:01.000Z,0,2
2019-06-23T13:15:02.313Z,5,2
2019-06-23T13:15:10.000Z,0,2
2019-06-23T13:15:11.430Z,1,3
2019-06-23T13:17:39.000Z,0,3
2019-06-23T13:17:40.714Z,2,3
2019-06-23T13:18:31.000Z,0,3
2019-06-23T13:18:32.000Z,3,3
2019-06-23T13:19:46.000Z,0,3
2019-06-23T13:19:47.119Z,4,3
2019-06-23T13:22:07.000Z,0,3
2019-06-23T13:22:08.281Z,5,3
2019-06-23T13:22:09.000Z,0,3
2019-06-23T13:22:10.038Z,1,4
2019-06-23T13:24:19.000Z,0,4
2019-06-23T13:24:20.171Z,2,4
2019-06-23T13:25:15.000Z,0,4
2019-06-23T13:25:16.140Z,3,4
2019-06-23T13:25:24.000Z,0,4
2019-06-23T13:25:25.418Z,4,4
2019-06-23T13:27:33.000Z,0,4
2019-06-23T13:27:34.791Z,5,4
2019-06-23T13:27:50.000Z,0,4
2019-06-23T13:27:51.247Z,1,5
2019-06-23T13:28:37.000Z,0,5
2019-06-23T13:28:38.393Z,2,5
2019-06-23T13:29:51.000Z,0,5
2019-06-23T13:29:52.651Z,3,5
2019-06-23T13:29:58.000Z,0,5
2019-06-23T13:29:59.070Z,4,5
2019-06-23T13:33:05.000Z,0,5
2019-06-23T13:33:06.170Z,5,5
2019-06-23T13:33:06.000Z,0,5
2019-06-23T13:33:07.178Z,1,6
2019-06-23T13:38:47.000Z,0,6
2019-06-23T13:38:48.162Z,2,6
2019-06-23T13:38:52.000Z,0,6
2019-06-23T13:38:53.756Z,3,6
2019-06-23T13:38:59.000Z,0,6
2019-06-23T13:39:00.285Z,4,6
2019-06-23T13:41:54.000Z,0,6
2019-06-23T13:41:55.771Z,5,6
2019-06-23T13:41:55.000Z,0,6
2019-06-23T13:41:56.781Z,1,7
2019-06-23T13:48:05.000Z,0,7
2019-06-23T13:48:06.415Z,2,7
2019-06-23T13:49:21.000Z,0,7
2019-06-23T13:49:22.126Z,3,7
2019-06-23T13:49:58.000Z,0,7
2019-06-23T13:49:59.006Z,4,7
2019-06-23T13:51:51.000Z,0,7
2019-06-23T13:51:52.878Z,5,7
2019-06-23T13:51:53.000Z,0,7
2019-06-23T13:51:54.218Z,1,8
2019-06-23T13:57:14.000Z,0,8
2019-06-23T13:57:15.127Z,2,8
2019-06-23T13:58:15.000Z,0,8
2019-06-23T13:58:16.517Z,3,8
2019-06-23T13:58:20.000Z,0,8
2019-06-23T13:58:21.318Z,4,8
2019-06-23T14:01:00.000Z,0,8
2019-06-23T14:01:01.157Z,5,8
2019-06-23T14:01:01.000Z,0,8
2019-06-23T14:01:02.167Z,1,9
2019-06-23T14:02:56.000Z,0,9
2019-06-23T14:02:57.833Z,2,9
2019-06-23T14:03:44.000Z,0,9
2019-06-23T14:03:45.176Z,3,9
2019-06-23T14:04:01.000Z,0,9
2019-06-23T14:04:02.341Z,4,9
2019-06-23T14:05:38.000Z,0,9
2019-06-23T14:05:39.567Z,5,9
2019-06-23T14:05:58.000Z,0,9
2019-06-23T14:06:29.875Z,1,1
2019-06-23T14:07:50.000Z,0,1
2019-06-23T14:07:51.931Z,2,1
2019-06-23T14:10:12.000Z,0,1
2019-06-23T14:10:13.695Z,3,1
2019-06-23T14:10:19.000Z,0,1
2019-06-23T14:10:20.429Z,4,1
2019-06-23T14:12:24.000Z,0,1
2019-06-23T14:12:25.212Z,5,1
2019-06-23T14:12:44.000Z,0,1
2019-06-23T14:12:45.977Z,1,2
2019-06-23T14:13:33.000Z,0,2
2019-06-23T14:13:34.745Z,2,2
2019-06-23T14:14:26.000Z,0,2
2019-06-23T14:14:27.267Z,3,2
2019-06-23T14:14:32.000Z,0,2
2019-06-23T14:14:33.828Z,4,2
2019-06-23T14:17:31.000Z,0,2
2019-06-23T14:17:32.401Z,5,2
2019-06-23T14:17:32.000Z,0,2
2019-06-23T14:17:33.407Z,1,3
2019-06-23T14:19:13.000Z,0,3
2019-06-23T14:19:14.351Z,2,3
2019-06-23T14:20:30.000Z,0,3
2019-06-23T14:20:31.800Z,3,3
2019-06-23T14:20:35.000Z,0,3
2019-06-23T14:20:36.822Z,4,3
2019-06-23T14:22:58.000Z,0,3
2019-06-23T14:22:59.529Z,5,3
2019-06-23T14:22:59.000Z,0,3
2019-06-23T14:23:00.538Z,1,4
2019-06-23T14:25:05.000Z,0,4
2019-06-23T14:25:06.472Z,2,4
2019-06-23T14:25:30.000Z,0,4
2019-06-23T14:25:31.498Z,3,4
2019-06-23T14:26:26.000Z,0,4
2019-06-23T14:26:27.037Z,4,4
2019-06-23T14:29:15.000Z,0,4
2019-06-23T14:29:16.093Z,5,4
2019-06-23T14:29:18.000Z,0,4
2019-06-23T14:29:19.148Z,1,5
2019-06-23T14:30:01.000Z,0,5
2019-06-23T14:30:02.679Z,2,5
2019-06-23T14:30:04.000Z,0,5
2019-06-23T14:30:05.462Z,3,5
2019-06-23T14:30:17.000Z,0,5
2019-06-23T14:30:18.785Z,4,5
2019-06-23T14:33:11.000Z,0,5
2019-06-23T14:33:12.405Z,5,5
2019-06-23T14:33:12.000Z,0,5
2019-06-23T14:33:13.413Z,1,6
2019-06-23T14:38:13.000Z,0,6
2019-06-23T14:38:14.953Z,2,6
2019-06-23T14:39:46.000Z,0,6
2019-06-23T14:39:47.882Z,3,6
2019-06-23T14:41:19.000Z,0,6
2019-06-23T14:41:20.265Z,4,6
2019-06-23T14:43:30.000Z,0,6
2019-06-23T14:43:31.648Z,5,6
2019-06-23T14:43:31.000Z,0,6
2019-06-23T14:43:32.657Z,1,7
2019-06-23T14:49:39.000Z,0,7
2019-06-23T14:49:40.382Z,2,7
2019-06-23T14:49:42.000Z,0,7
2019-06-23T14:49:43.634Z,3,7
2019-06-23T14:49:48.000Z,0,7
2019-06-23T14:49:49.113Z,4,7
2019-06-23T14:51:28.000Z,0,7
2019-06-23T14:51:29.627Z,5,7
2019-06-23T14:51:29.000Z,0,7
2019-06-23T14:51:30.636Z,1,8
2019-06-23T14:58:10.000Z,0,8
2019-06-23T14:58:11.090Z,2,8
2019-06-23T14:58:45.000Z,0,8
2019-06-23T14:58:46.837Z,3,8
2019-06-23T14:59:30.000Z,0,8
2019-06-23T14:59:31.693Z,4,8
2019-06-23T15:04:12.000Z,0,8
2019-06-23T15:04:13.860Z,5,8
2019-06-23T15:04:13.000Z,0,8
2019-06-23T15:04:14.875Z,1,9
2019-06-23T15:06:26.000Z,0,9
2019-06-23T15:06:27.431Z,2,9
2019-06-23T15:07:30.000Z,0,9
2019-06-23T15:07:31.168Z,3,9
2019-06-23T15:08:50.000Z,0,9
2019-06-23T15:08:51.965Z,4,9
2019-06-23T15:12:19.000Z,0,9
2019-06-23T15:12:20.795Z,5,9
2019-06-23T15:12:20.000Z,0,9
2019-06-23T15:12:51.804Z,1,1
2019-06-23T15:14:28.000Z,0,1
2019-06-23T15:14:29.710Z,2,1
2019-06-23T15:15:59.000Z,0,1
2019-06-23T15:16:00.906Z,3,1
2019-06-23T15:17:45.000Z,0,1
2019-06-23T15:17:46.100Z,4,1
2019-06-23T15:19:55.000Z,0,1
2019-06-23T15:19:56.058Z,5,1
2019-06-23T15:20:01.000Z,0,1
2019-06-23T15:20:02.998Z,1,2
2019-06-23T15:20:49.000Z,0,2
2019-06-23T15:20:50.382Z,2,2
2019-06-23T15:21:38.000Z,0,2
2019-06-23T15:21:39.217Z,3,2
2019-06-23T15:22:13.000Z,0,2
2019-06-23T15:22:14.846Z,4,2
2019-06-23T15:24:28.000Z,0,2
2019-06-23T15:24:29.059Z,5,2
2019-06-23T15:24:29.000Z,0,2
2019-06-23T15:24:30.064Z,1,3
2019-06-23T15:26:09.000Z,0,3
2019-06-23T15:26:10.974Z,2,3
2019-06-23T15:26:48.000Z,0,3
2019-06-23T15:26:49.983Z,3,3
2019-06-23T15:27:35.000Z,0,3
2019-06-23T15:27:36.152Z,4,3
2019-06-23T15:29:58.000Z,0,3
2019-06-23T15:29:59.686Z,5,3
2019-06-23T15:30:02.000Z,0,3
2019-06-23T15:30:03.814Z,1,4
2019-06-23T15:32:02.000Z,0,4
2019-06-23T15:32:03.492Z,2,4
2019-06-23T15:33:09.000Z,0,4
2019-06-23T15:33:10.983Z,3,4
2019-06-23T15:33:16.000Z,0,4
2019-06-23T15:33:17.458Z,4,4
2019-06-23T15:35:30.000Z,0,4
2019-06-23T15:35:31.054Z,5,4
2019-06-23T15:35:47.000Z,0,4
2019-06-23T15:35:48.406Z,1,5
2019-06-23T15:37:09.000Z,0,5
2019-06-23T15:37:10.258Z,2,5
2019-06-23T15:37:56.000Z,0,5
2019-06-23T15:37:57.298Z,3,5
2019-06-23T15:38:47.000Z,0,5
2019-06-23T15:38:48.552Z,4,5
2019-06-23T15:40:51.000Z,0,5
2019-06-23T15:40:52.881Z,5,5
2019-06-23T15:41:05.000Z,0,5
2019-06-23T15:41:06.287Z,1,6
2019-06-23T15:47:21.000Z,0,6
2019-06-23T15:47:22.256Z,2,6
2019-06-23T15:47:38.000Z,0,6
2019-06-23T15:47:39.536Z,3,6
2019-06-23T15:47:43.000Z,0,6
2019-06-23T15:47:44.558Z,4,6
2019-06-23T15:50:25.000Z,0,6
2019-06-23T15:50:26.413Z,5,6
2019-06-23T15:50:26.000Z,0,6
2019-06-23T15:50:27.422Z,1,7
2019-06-23T15:58:00.000Z,0,7
2019-06-23T15:58:01.608Z,2,7
2019-06-23T15:58:03.000Z,0,7
2019-06-23T15:58:04.504Z,3,7
2019-06-23T15:58:11.000Z,0,7
2019-06-23T15:58:12.434Z,4,7
2019-06-23T15:59:55.000Z,0,7
2019-06-23T15:59:56.494Z,5,7
2019-06-23T15:59:58.000Z,0,7
2019-06-23T15:59:59.443Z,1,8
2019-06-23T16:06:07.000Z,0,8
2019-06-23T16:06:08.880Z,2,8
2019-06-23T16:06:09.000Z,0,8
2019-06-23T16:06:10.168Z,3,8
2019-06-23T16:06:18.000Z,0,8
2019-06-23T16:06:19.564Z,4,8
2019-06-23T16:08:05.000Z,0,8
2019-06-23T16:08:06.944Z,5,8
2019-06-23T16:08:06.000Z,0,8
2019-06-23T16:08:07.953Z,1,9
2019-06-23T16:09:29.000Z,0,9
2019-06-23T16:09:30.735Z,2,9
2019-06-23T16:11:18.000Z,0,9
2019-06-23T16:11:19.228Z,3,9
2019-06-23T16:11:45.000Z,0,9
2019-06-23T16:11:46.626Z,4,9
2019-06-23T16:14:03.000Z,0,9
2019-06-23T16:14:04.381Z,5,9
2019-06-23T16:14:15.000Z,0,9
2019-06-23T16:14:46.533Z,1,1
2019-06-23T16:16:14.000Z,0,1
2019-06-23T16:16:15.215Z,2,1
2019-06-23T16:18:10.000Z,0,1
2019-06-23T16:18:11.276Z,3,1
2019-06-23T16:18:30.000Z,0,1
2019-06-23T16:18:31.061Z,4,1
2019-06-23T16:20:48.000Z,0,1
2019-06-23T16:20:49.349Z,5,1
2019-06-23T16:20:52.000Z,0,1
2019-06-23T16:20:53.616Z,1,2
2019-06-23T16:22:31.000Z,0,2
2019-06-23T16:22:32.798Z,2,2
2019-06-23T16:24:15.000Z,0,2
2019-06-23T16:24:16.248Z,3,2
2019-06-23T16:24:30.000Z,0,2
2019-06-23T16:24:31.905Z,4,2
2019-06-23T16:26:44.000Z,0,2
2019-06-23T16:26:45.823Z,5,2
2019-06-23T16:26:47.000Z,0,2
2019-06-23T16:26:48.699Z,1,3
2019-06-23T16:28:23.000Z,0,3
2019-06-23T16:28:24.065Z,2,3
2019-06-23T16:29:59.000Z,0,3
2019-06-23T16:30:00.930Z,3,3
2019-06-23T16:30:14.000Z,0,3
2019-06-23T16:30:15.101Z,4,3
2019-06-23T16:33:00.000Z,0,3
2019-06-23T16:33:01.951Z,5,3
2019-06-23T16:33:02.000Z,0,3
2019-06-23T16:33:03.920Z,1,4
2019-06-23T16:36:03.000Z,0,4
2019-06-23T16:36:04.135Z,2,4
2019-06-23T16:36:04.000Z,0,4
2019-06-23T16:36:05.619Z,3,4
2019-06-23T16:36:09.000Z,0,4
2019-06-23T16:36:10.678Z,4,4
2019-06-23T16:38:13.000Z,0,4
2019-06-23T16:38:14.974Z,5,4
2019-06-23T16:38:14.000Z,0,4
2019-06-23T16:38:15.982Z,1,5
2019-06-23T16:39:32.000Z,0,5
2019-06-23T16:39:33.054Z,2,5
2019-06-23T16:40:20.000Z,0,5
2019-06-23T16:40:21.878Z,3,5
2019-06-23T16:41:25.000Z,0,5
2019-06-23T16:41:26.008Z,4,5
2019-06-23T16:44:24.000Z,0,5
2019-06-23T16:44:25.446Z,5,5
2019-06-23T16:44:25.000Z,0,5
2019-06-23T16:44:26.455Z,1,6
2019-06-23T16:50:23.000Z,0,6
2019-06-23T16:50:24.841Z,2,6
2019-06-23T16:50:37.000Z,0,6
2019-06-23T16:50:38.216Z,3,6
2019-06-23T16:51:43.000Z,0,6
2019-06-23T16:51:44.720Z,4,6
2019-06-23T16:54:28.000Z,0,6
2019-06-23T16:54:29.941Z,5,6
2019-06-23T16:54:29.000Z,0,6
2019-06-23T16:54:30.950Z,1,7
2019-06-23T17:02:10.000Z,0,7
2019-06-23T17:02:11.820Z,2,7
2019-06-23T17:02:11.000Z,0,7
2019-06-23T17:02:12.837Z,3,7
2019-06-23T17:02:20.000Z,0,7
2019-06-23T17:02:21.183Z,4,7
2019-06-23T17:05:36.000Z,0,7
2019-06-23T17:05:37.281Z,5,7
2019-06-23T17:05:37.000Z,0,7
2019-06-23T17:05:38.290Z,1,8
2019-06-23T17:11:30.000Z,0,8
2019-06-23T17:11:31.777Z,2,8
2019-06-23T17:12:11.000Z,0,8
2019-06-23T17:12:12.294Z,3,8
2019-06-23T17:12:21.000Z,0,8
2019-06-23T17:12:22.074Z,4,8
2019-06-23T17:14:48.000Z,0,8
2019-06-23T17:14:49.111Z,5,8
2019-06-23T17:14:50.000Z,0,8
2019-06-23T17:14:51.020Z,1,9
2019-06-23T17:17:12.000Z,0,9
2019-06-23T17:17:13.817Z,2,9
2019-06-23T17:17:13.000Z,0,9
2019-06-23T17:17:14.835Z,3,9
2019-06-23T17:17:19.000Z,0,9
2019-06-23T17:17:20.438Z,4,9
2019-06-23T17:20:04.000Z,0,9
2019-06-23T17:20:05.339Z,5,9
2019-06-23T17:20:05.000Z,0,9
2019-06-23T17:20:36.347Z,1,1
2019-06-23T17:21:18.000Z,0,1
2019-06-23T17:21:19.162Z,2,1
2019-06-23T17:23:42.000Z,0,1
2019-06-23T17:23:43.286Z,3,1
2019-06-23T17:23:52.000Z,0,1
2019-06-23T17:23:53.627Z,4,1
2019-06-23T17:25:55.000Z,0,1
2019-06-23T17:25:56.108Z,5,1
2019-06-23T17:25:56.000Z,0,1
2019-06-23T17:25:57.118Z,1,2
2019-06-23T17:27:30.000Z,0,2
2019-06-23T17:27:31.368Z,2,2
2019-06-23T17:28:52.000Z,0,2
2019-06-23T17:28:53.929Z,3,2
2019-06-23T17:29:43.000Z,0,2
2019-06-23T17:29:44.768Z,4,2
2019-06-23T17:32:06.000Z,0,2
2019-06-23T17:32:07.099Z,5,2
2019-06-23T17:32:14.000Z,0,2
2019-06-23T17:32:15.820Z,1,3
2019-06-23T17:33:36.000Z,0,3
2019-06-23T17:33:37.360Z,2,3
2019-06-23T17:34:18.000Z,0,3
2019-06-23T17:34:19.526Z,3,3
2019-06-23T17:34:25.000Z,0,3
2019-06-23T17:34:26.023Z,4,3
2019-06-23T17:37:10.000Z,0,3
2019-06-23T17:37:11.760Z,5,3
2019-06-23T17:37:11.000Z,0,3
2019-06-23T17:37:12.768Z,1,4
2019-06-23T17:39:04.000Z,0,4
2019-06-23T17:39:05.972Z,2,4
2019-06-23T17:39:33.000Z,0,4
2019-06-23T17:39:34.390Z,3,4
2019-06-23T17:39:38.000Z,0,4
2019-06-23T17:39:39.045Z,4,4
2019-06-23T17:41:54.000Z,0,4
2019-06-23T17:41:55.426Z,5,4
2019-06-23T17:41:55.000Z,0,4
2019-06-23T17:41:56.431Z,1,5
2019-06-23T17:43:09.000Z,0,5
2019-06-23T17:43:10.296Z,2,5
2019-06-23T17:44:13.000Z,0,5
2019-06-23T17:44:14.611Z,3,5
2019-06-23T17:44:20.000Z,0,5
2019-06-23T17:44:21.034Z,4,5
2019-06-23T17:46:48.000Z,0,5
2019-06-23T17:46:49.906Z,5,5
2019-06-23T17:46:49.000Z,0,5
2019-06-23T17:46:50.914Z,1,6
2019-06-23T17:51:48.000Z,0,6
2019-06-23T17:51:49.142Z,2,6
2019-06-23T17:51:50.000Z,0,6
2019-06-23T17:51:51.620Z,3,6
2019-06-23T17:51:55.000Z,0,6
2019-06-23T17:51:56.098Z,4,6
2019-06-23T17:53:24.000Z,0,6
2019-06-23T17:53:25.719Z,5,6
2019-06-23T17:53:45.000Z,0,6
2019-06-23T17:53:46.081Z,1,7
2019-06-23T18:01:28.000Z,0,7
2019-06-23T18:01:29.599Z,2,7
2019-06-23T18:02:01.000Z,0,7
2019-06-23T18:02:02.192Z,3,7
2019-06-23T18:02:05.000Z,0,7
2019-06-23T18:02:06.785Z,4,7
2019-06-23T18:04:04.000Z,0,7
2019-06-23T18:04:05.220Z,5,7
2019-06-23T18:04:05.000Z,0,7
2019-06-23T18:04:06.234Z,1,8
2019-06-23T18:09:49.000Z,0,8
2019-06-23T18:09:50.486Z,2,8
2019-06-23T18:10:38.000Z,0,8
2019-06-23T18:10:39.978Z,3,8
2019-06-23T18:13:17.000Z,0,8
2019-06-23T18:13:18.001Z,4,8
2019-06-23T18:15:42.000Z,0,8
2019-06-23T18:15:43.474Z,5,8
2019-06-23T18:15:45.000Z,0,8
2019-06-23T18:15:46.444Z,1,9
2019-06-23T18:17:17.000Z,0,9
2019-06-23T18:17:18.176Z,2,9
2019-06-23T18:18:24.000Z,0,9
2019-06-23T18:18:25.924Z,3,9
2019-06-23T18:18:39.000Z,0,9
2019-06-23T18:18:40.813Z,4,9
2019-06-23T18:20:57.000Z,0,9
2019-06-23T18:20:58.318Z,5,9
2019-06-23T18:21:06.000Z,0,9
2019-06-23T18:21:37.067Z,1,1
2019-06-23T18:23:00.000Z,0,1
2019-06-23T18:23:01.985Z,2,1
2019-06-23T18:24:58.000Z,0,1
2019-06-23T18:24:59.563Z,3,1
2019-06-23T18:25:06.000Z,0,1
2019-06-23T18:25:07.142Z,4,1
2019-06-23T18:27:37.000Z,0,1
2019-06-23T18:27:38.015Z,5,1
2019-06-23T18:27:38.000Z,0,1
2019-06-23T18:27:39.025Z,1,2
2019-06-23T18:29:13.000Z,0,2
2019-06-23T18:29:14.530Z,2,2
2019-06-23T18:30:22.000Z,0,2
2019-06-23T18:30:23.933Z,3,2
2019-06-23T18:31:08.000Z,0,2
2019-06-23T18:31:09.111Z,4,2
2019-06-23T18:33:37.000Z,0,2
2019-06-23T18:33:38.728Z,5,2
2019-06-23T18:33:39.000Z,0,2
2019-06-23T18:33:40.116Z,1,3
2019-06-23T18:34:48.000Z,0,3
2019-06-23T18:34:49.187Z,2,3
2019-06-23T18:35:46.000Z,0,3
2019-06-23T18:35:47.715Z,3,3
2019-06-23T18:35:55.000Z,0,3
2019-06-23T18:35:56.301Z,4,3
2019-06-23T18:38:13.000Z,0,3
2019-06-23T18:38:14.074Z,5,3
2019-06-23T18:38:14.000Z,0,3
2019-06-23T18:38:15.082Z,1,4
2019-06-23T18:40:28.000Z,0,4
2019-06-23T18:40:29.181Z,2,4
2019-06-23T18:40:44.000Z,0,4
2019-06-23T18:40:45.419Z,3,4
2019-06-23T18:40:57.000Z,0,4
2019-06-23T18:40:58.306Z,4,4
2019-06-23T18:42:20.000Z,0,4
2019-06-23T18:42:21.878Z,5,4
2019-06-23T18:42:21.000Z,0,4
2019-06-23T18:42:22.887Z,1,5
2019-06-23T18:43:16.000Z,0,5
2019-06-23T18:43:17.072Z,2,5
2019-06-23T18:45:12.000Z,0,5
2019-06-23T18:45:13.294Z,3,5
2019-06-23T18:45:58.000Z,0,5
2019-06-23T18:45:59.907Z,4,5
2019-06-23T18:49:30.000Z,0,5
2019-06-23T18:49:31.967Z,5,5
2019-06-23T18:49:31.000Z,0,5
2019-06-23T18:49:32.976Z,1,6
2019-06-23T18:55:48.000Z,0,6
2019-06-23T18:55:49.354Z,2,6
2019-06-23T18:56:43.000Z,0,6
2019-06-23T18:56:44.492Z,3,6
2019-06-23T18:56:55.000Z,0,6
2019-06-23T18:56:56.089Z,4,6
2019-06-23T18:58:56.000Z,0,6
2019-06-23T18:58:57.625Z,5,6
2019-06-23T18:59:06.000Z,0,6
2019-06-23T18:59:07.472Z,1,7
2019-06-23T19:06:20.000Z,0,7
2019-06-23T19:06:21.838Z,2,7
2019-06-23T19:06:22.000Z,0,7
2019-06-23T19:06:23.509Z,3,7
2019-06-23T19:06:29.000Z,0,7
2019-06-23T19:06:30.589Z,4,7
2019-06-23T19:08:54.000Z,0,7
2019-06-23T19:08:55.775Z,5,7
2019-06-23T19:09:03.000Z,0,7
2019-06-23T19:09:04.400Z,1,8
2019-06-23T19:15:40.000Z,0,8
2019-06-23T19:15:41.300Z,2,8
2019-06-23T19:21:25.000Z,0,8
2019-06-23T19:21:26.703Z,3,8
2019-06-23T19:22:36.000Z,0,8
2019-06-23T19:22:37.449Z,4,8
2019-06-23T19:24:45.000Z,0,8
2019-06-23T19:24:46.274Z,5,8
2019-06-23T19:24:46.000Z,0,8
2019-06-23T19:24:47.395Z,1,9
2019-06-23T19:28:06.000Z,0,9
2019-06-23T19:28:07.386Z,2,9
2019-06-23T19:29:46.000Z,0,9
2019-06-23T19:29:47.377Z,3,9
2019-06-23T19:30:18.000Z,0,9
2019-06-23T19:30:19.215Z,4,9
2019-06-23T19:32:28.000Z,0,9
2019-06-23T19:32:29.683Z,5,9
2019-06-23T19:32:29.000Z,0,9
2019-06-23T19:33:00.693Z,1,1
2019-06-23T19:36:28.000Z,0,1
2019-06-23T19:36:29.236Z,2,1
2019-06-23T19:38:05.000Z,0,1
2019-06-23T19:38:06.972Z,3,1
2019-06-23T19:38:29.000Z,0,1
2019-06-23T19:38:30.922Z,4,1
2019-06-23T19:41:22.000Z,0,1
2019-06-23T19:41:23.735Z,5,1
2019-06-23T19:41:23.000Z,0,1
2019-06-23T19:41:24.747Z,1,2
2019-06-23T19:43:08.000Z,0,2
2019-06-23T19:43:09.691Z,2,2
2019-06-23T19:45:35.000Z,0,2
2019-06-23T19:45:36.936Z,3,2
2019-06-23T19:47:02.000Z,0,2
2019-06-23T19:47:03.315Z,4,2
2019-06-23T19:49:14.000Z,0,2
2019-06-23T19:49:15.447Z,5,2
2019-06-23T19:49:56.000Z,0,2
2019-06-23T19:49:57.192Z,1,3
2019-06-23T19:52:19.000Z,0,3
2019-06-23T19:52:20.964Z,2,3
2019-06-23T19:52:22.000Z,0,3
2019-06-23T19:52:23.200Z,3,3
2019-06-23T19:53:03.000Z,0,3
2019-06-23T19:53:04.362Z,4,3
2019-06-23T19:55:52.000Z,0,3
2019-06-23T19:55:53.003Z,5,3
2019-06-23T19:55:53.000Z,0,3
2019-06-23T19:55:54.012Z,1,4
2019-06-23T19:58:04.000Z,0,4
2019-06-23T19:58:05.830Z,2,4
2019-06-23T20:00:41.000Z,0,4
2019-06-23T20:00:42.562Z,3,4
2019-06-23T20:00:49.000Z,0,4
2019-06-23T20:00:50.839Z,4,4
2019-06-23T20:03:44.000Z,0,4
2019-06-23T20:03:45.862Z,5,4
2019-06-23T20:03:45.000Z,0,4
2019-06-23T20:03:46.871Z,1,5
2019-06-23T20:04:29.000Z,0,5
2019-06-23T20:04:30.150Z,2,5
2019-06-23T20:05:55.000Z,0,5
2019-06-23T20:05:56.746Z,3,5
2019-06-23T20:07:30.000Z,0,5
2019-06-23T20:07:31.156Z,4,5
2019-06-23T20:12:24.000Z,0,5
2019-06-23T20:12:25.281Z,5,5
2019-06-23T20:12:43.000Z,0,5
2019-06-23T20:12:44.350Z,1,6
2019-06-23T20:18:18.000Z,0,6
2019-06-23T20:18:19.823Z,2,6
2019-06-23T20:18:20.000Z,0,6
2019-06-23T20:18:21.673Z,3,6
2019-06-23T20:18:26.000Z,0,6
2019-06-23T20:18:27.347Z,4,6
2019-06-23T20:21:39.000Z,0,6
2019-06-23T20:21:40.221Z,5,6
2019-06-23T20:21:40.000Z,0,6
2019-06-23T20:21:41.253Z,1,7
2019-06-23T20:28:23.000Z,0,7
2019-06-23T20:28:24.425Z,2,7
2019-06-23T20:28:30.000Z,0,7
2019-06-23T20:28:31.296Z,3,7
2019-06-23T20:28:35.000Z,0,7
2019-06-23T20:28:36.068Z,4,7
2019-06-23T20:30:38.000Z,0,7
2019-06-23T20:30:39.852Z,5,7
2019-06-23T20:30:39.000Z,0,7
2019-06-23T20:30:40.860Z,1,8
2019-06-23T20:37:11.000Z,0,8
2019-06-23T20:37:12.816Z,2,8
2019-06-23T20:37:31.000Z,0,8
2019-06-23T20:37:32.204Z,3,8
2019-06-23T20:37:38.000Z,0,8
2019-06-23T20:37:39.798Z,4,8
2019-06-23T20:41:16.000Z,0,8
2019-06-23T20:41:17.077Z,5,8
2019-06-23T20:41:17.000Z,0,8
2019-06-23T20:41:18.093Z,1,9
2019-06-23T20:43:55.000Z,0,9
2019-06-23T20:43:56.846Z,2,9
2019-06-23T20:43:57.000Z,0,9
2019-06-23T20:43:58.038Z,3,9
2019-06-23T20:44:01.000Z,0,9
2019-06-23T20:44:02.841Z,4,9
2019-06-23T20:45:44.000Z,0,9
2019-06-23T20:45:45.334Z,5,9
2019-06-23T20:45:45.000Z,0,9
2019-06-23T20:46:16.343Z,1,1
2019-06-23T20:48:12.000Z,0,1
2019-06-23T20:48:13.326Z,2,1
2019-06-23T20:48:14.000Z,0,1
2019-06-23T20:48:15.825Z,3,1
2019-06-23T20:48:31.000Z,0,1
2019-06-23T20:48:32.749Z,4,1
2019-06-23T20:50:56.000Z,0,1
2019-06-23T20:50:57.190Z,5,1
2019-06-23T20:50:57.000Z,0,1
2019-06-23T20:50:58.207Z,1,2
2019-06-23T20:52:59.000Z,0,2
2019-06-23T20:53:00.482Z,2,2
2019-06-23T20:53:12.000Z,0,2
2019-06-23T20:53:13.460Z,3,2
2019-06-23T20:53:17.000Z,0,2
2019-06-23T20:53:18.890Z,4,2
2019-06-23T20:56:21.000Z,0,2
2019-06-23T20:56:22.255Z,5,2
2019-06-23T20:56:22.000Z,0,2
2019-06-23T20:56:23.264Z,1,3
2019-06-23T20:58:31.000Z,0,3
2019-06-23T20:58:32.388Z,2,3
2019-06-23T21:02:36.000Z,0,3
2019-06-23T21:02:37.244Z,3,3
2019-06-23T21:03:00.000Z,0,3
2019-06-23T21:03:01.762Z,4,3
2019-06-23T21:05:09.000Z,0,3
2019-06-23T21:05:10.308Z,5,3
2019-06-23T21:05:31.000Z,0,3
2019-06-23T21:05:32.996Z,1,4
2019-06-23T21:06:52.000Z,0,4
2019-06-23T21:06:53.196Z,2,4
2019-06-23T21:09:01.000Z,0,4
2019-06-23T21:09:02.082Z,3,4
2019-06-23T21:09:23.000Z,0,4
2019-06-23T21:09:24.766Z,4,4
2019-06-23T21:14:42.000Z,0,4
2019-06-23T21:14:43.748Z,5,4
2019-06-23T21:15:02.000Z,0,4
2019-06-23T21:15:03.333Z,1,5
2019-06-23T21:17:21.000Z,0,5
2019-06-23T21:17:22.647Z,2,5
2019-06-23T21:19:34.000Z,0,5
2019-06-23T21:19:35.117Z,3,5
2019-06-23T21:20:28.000Z,0,5
2019-06-23T21:20:29.756Z,4,5
2019-06-23T21:23:12.000Z,0,5
2019-06-23T21:23:13.976Z,5,5
2019-06-23T21:23:13.000Z,0,5
2019-06-23T21:23:14.984Z,1,6
2019-06-23T21:29:38.000Z,0,6
2019-06-23T21:29:39.400Z,2,6
2019-06-23T21:29:41.000Z,0,6
2019-06-23T21:29:42.965Z,3,6
2019-06-23T21:29:57.000Z,0,6
2019-06-23T21:29:58.137Z,4,6
2019-06-23T21:34:26.000Z,0,6
2019-06-23T21:34:27.130Z,5,6
2019-06-23T21:34:27.000Z,0,6
2019-06-23T21:34:28.140Z,1,7
2019-06-23T21:41:22.000Z,0,7
2019-06-23T21:41:23.171Z,2,7
2019-06-23T21:45:19.000Z,0,7
2019-06-23T21:45:20.786Z,3,7
2019-06-23T21:47:17.000Z,0,7
2019-06-23T21:47:18.919Z,4,7
2019-06-23T21:50:24.000Z,0,7
2019-06-23T21:50:25.065Z,5,7
2019-06-23T21:50:25.000Z,0,7
2019-06-23T21:50:26.075Z,1,8
2019-06-23T21:57:40.000Z,0,8
2019-06-23T21:57:41.754Z,2,8
2019-06-23T21:57:51.000Z,0,8
2019-06-23T21:57:52.995Z,3,8
2019-06-23T21:58:00.000Z,0,8
2019-06-23T21:58:01.096Z,4,8
2019-06-23T22:01:36.000Z,0,8
2019-06-23T22:01:37.617Z,5,8
2019-06-23T22:01:40.000Z,0,8
2019-06-23T22:01:41.631Z,1,9
2019-06-23T22:04:09.000Z,0,9
2019-06-23T22:04:10.028Z,2,9
2019-06-23T22:06:31.000Z,0,9
2019-06-23T22:06:32.948Z,3,9
2019-06-23T22:06:53.000Z,0,9
2019-06-23T22:06:54.044Z,4,9
2019-06-23T22:09:28.000Z,0,9
2019-06-23T22:019-06-23T21:12:36.000Z,0,6
2019-06-23T21:12:40.079Z,2,6
2019-06-23T21:13:54.000Z,0,6
2019-06-23T21:13:55.119Z,3,6
2019-06-23T21:14:03.000Z,0,6
2019-06-23T21:14:04.788Z,4,6
2019-06-23T21:19:01.000Z,0,6
2019-06-23T21:19:02.279Z,5,6
2019-06-23T21:19:02.000Z,0,6
2019-06-23T21:19:03.288Z,1,7
2019-06-23T21:25:00.000Z,0,7
2019-06-23T21:25:01.736Z,2,7
2019-06-23T21:25:08.000Z,0,7
2019-06-23T21:25:09.039Z,3,7
2019-06-23T21:25:46.000Z,0,7
2019-06-23T21:25:47.421Z,4,7
2019-06-23T21:28:04.000Z,0,7
2019-06-23T21:28:05.907Z,5,7
2019-06-23T21:28:05.000Z,0,7
2019-06-23T21:28:06.916Z,1,8
2019-06-23T21:34:20.000Z,0,8
2019-06-23T21:34:21.759Z,2,8
2019-06-23T21:35:23.000Z,0,8
2019-06-23T21:35:24.594Z,3,8
2019-06-23T21:35:32.000Z,0,8
2019-06-23T21:35:33.389Z,4,8
2019-06-23T21:38:58.000Z,0,8
2019-06-23T21:38:59.269Z,5,8
2019-06-23T21:38:59.000Z,0,8
2019-06-23T21:39:00.278Z,1,9
2019-06-23T21:41:05.000Z,0,9
2019-06-23T21:41:06.137Z,2,9
2019-06-23T21:44:07.000Z,0,9
2019-06-23T21:44:08.301Z,3,9
2019-06-23T21:47:19.000Z,0,9
2019-06-23T21:47:20.328Z,4,9
2019-06-23T21:50:24.000Z,0,9
2019-06-23T21:50:25.046Z,5,9
2019-06-23T21:50:35.000Z,0,9
2019-06-23T21:51:06.931Z,1,1
2019-06-23T21:53:43.000Z,0,1
2019-06-23T21:53:44.300Z,2,1
2019-06-23T21:56:39.000Z,0,1
2019-06-23T21:56:40.447Z,3,1
2019-06-23T21:57:11.000Z,0,1
2019-06-23T21:57:12.149Z,4,1
2019-06-23T22:00:45.000Z,0,1
2019-06-23T22:00:46.990Z,5,1
2019-06-23T22:00:47.000Z,0,1
2019-06-23T22:00:48.003Z,1,2
2019-06-23T22:02:40.000Z,0,2
2019-06-23T22:02:41.475Z,2,2
2019-06-23T22:03:24.000Z,0,2
2019-06-23T22:03:25.985Z,3,2
2019-06-23T22:06:54.000Z,0,2
2019-06-23T22:06:55.508Z,4,2
2019-06-23T22:09:44.000Z,0,2
2019-06-23T22:09:45.714Z,5,2
2019-06-23T22:09:45.000Z,0,2
2019-06-23T22:09:46.723Z,1,3
2019-06-23T22:12:06.000Z,0,3
2019-06-23T22:12:07.093Z,2,3
2019-06-23T22:15:54.000Z,0,3
2019-06-23T22:15:55.863Z,3,3
2019-06-23T22:16:09.000Z,0,3
2019-06-23T22:16:10.132Z,4,3
2019-06-23T22:18:42.000Z,0,3
2019-06-23T22:18:43.729Z,5,3
2019-06-23T22:18:51.000Z,0,3
2019-06-23T22:18:52.567Z,1,4
2019-06-23T22:21:30.000Z,0,4
2019-06-23T22:21:31.135Z,2,4
2019-06-23T22:25:25.000Z,0,4
2019-06-23T22:25:26.371Z,3,4
2019-06-23T22:25:34.000Z,0,4
2019-06-23T22:25:35.017Z,4,4
2019-06-23T22:29:18.000Z,0,4
2019-06-23T22:29:19.230Z,5,4
2019-06-23T22:29:19.000Z,0,4
2019-06-23T22:29:20.241Z,1,5
2019-06-23T22:31:28.000Z,0,5
2019-06-23T22:31:29.560Z,2,5
2019-06-23T22:31:31.000Z,0,5
2019-06-23T22:31:32.849Z,3,5
2019-06-23T22:31:36.000Z,0,5
2019-06-23T22:31:37.526Z,4,5
2019-06-23T22:33:14.000Z,0,5
2019-06-23T22:33:15.689Z,5,5
2019-06-23T22:33:15.000Z,0,5
2019-06-23T22:33:16.699Z,1,6
2019-06-23T22:39:29.000Z,0,6
2019-06-23T22:39:30.519Z,2,6
2019-06-23T22:39:38.000Z,0,6
2019-06-23T22:39:39.181Z,3,6
2019-06-23T22:39:51.000Z,0,6
2019-06-23T22:39:52.659Z,4,6
2019-06-23T22:44:25.000Z,0,6
2019-06-23T22:44:26.706Z,5,6
2019-06-23T22:44:42.000Z,0,6
2019-06-23T22:44:43.572Z,1,7
2019-06-23T22:52:05.000Z,0,7
2019-06-23T22:52:06.455Z,2,7
2019-06-23T22:52:38.000Z,0,7
2019-06-23T22:52:39.881Z,3,7
2019-06-23T22:54:05.000Z,0,7
2019-06-23T22:54:06.342Z,4,7
2019-06-23T22:59:28.000Z,0,7
2019-06-23T22:59:29.823Z,5,7
2019-06-23T22:59:59.000Z,0,7
2019-06-23T23:00:00.899Z,1,8
2019-06-23T23:06:07.000Z,0,8
2019-06-23T23:06:08.072Z,2,8
2019-06-23T23:08:23.000Z,0,8
2019-06-23T23:08:24.076Z,3,8
2019-06-23T23:10:15.000Z,0,8
2019-06-23T23:10:16.189Z,4,8
2019-06-23T23:12:26.000Z,0,8
2019-06-23T23:12:27.983Z,5,8
2019-06-23T23:12:32.000Z,0,8
2019-06-23T23:12:33.487Z,1,9
2019-06-23T23:15:30.000Z,0,9
2019-06-23T23:15:31.048Z,2,9
2019-06-23T23:17:06.000Z,0,9
2019-06-23T23:17:07.388Z,3,9
2019-06-23T23:17:53.000Z,0,9
2019-06-23T23:17:54.447Z,4,9
2019-06-23T23:21:48.000Z,0,9
2019-06-23T23:21:49.557Z,5,9
2019-06-23T23:21:52.000Z,0,9
2019-06-23T23:22:23.109Z,1,1
2019-06-23T23:24:40.000Z,0,1
2019-06-23T23:24:41.995Z,2,1
2019-06-23T23:24:43.000Z,0,1
2019-06-23T23:24:44.489Z,3,1
2019-06-23T23:24:53.000Z,0,1
2019-06-23T23:24:54.091Z,4,1
2019-06-23T23:28:07.000Z,0,1
2019-06-23T23:28:08.157Z,5,1
2019-06-23T23:28:08.000Z,0,1
2019-06-23T23:28:09.183Z,1,2
2019-06-23T23:31:20.000Z,0,2
2019-06-22019-06-23T733:59:04.1995733Z,1,1
2019-06-24T00:00:40.000Z,0,1
2019-06-24T00:00:41.072Z,2,1
2019-06-24T00:00:49.000Z,0,1
2019-06-24T00:00:50.379Z,3,1
2019-06-24T00:01:23.000Z,0,1
2019-06-24T00:01:24.732Z,4,1
2019-06-24T00:03:35.000Z,0,1
2019-06-24T00:03:36.947Z,5,1
2019-06-24T00:03:38.000Z,0,1
2019-06-24T00:03:39.897Z,1,2
2019-06-24T00:05:45.000Z,0,2
2019-06-24T00:05:46.642Z,2,2
2019-06-24T00:07:09.000Z,0,2
2019-06-24T00:07:10.603Z,3,2
2019-06-24T00:08:27.000Z,0,2
2019-06-24T00:08:28.499Z,4,2
2019-06-24T00:10:53.000Z,0,2
2019-06-24T00:10:54.532Z,5,2
2019-06-24T00:10:54.000Z,0,2
2019-06-24T00:10:55.542Z,1,3
2019-06-24T00:12:58.000Z,0,3
2019-06-24T00:12:59.128Z,2,3
2019-06-24T00:14:21.000Z,0,3
2019-06-24T00:14:22.241Z,3,3
2019-06-24T00:15:59.000Z,0,3
2019-06-24T00:16:00.919Z,4,3
2019-06-24T00:18:46.000Z,0,3
2019-06-24T00:18:47.721Z,5,3
2019-06-24T00:18:56.000Z,0,3
2019-06-24T00:18:57.862Z,1,4
2019-06-24T00:20:43.000Z,0,4
2019-06-24T00:20:44.722Z,2,4
2019-06-24T00:22:09.000Z,0,4
2019-06-24T00:22:10.840Z,3,4
2019-06-24T00:24:09.000Z,0,4
2019-06-24T00:24:10.394Z,4,4
2019-06-24T00:27:07.000Z,0,4
2019-06-24T00:27:08.313Z,5,4
2019-06-24T00:27:18.000Z,0,4
2019-06-24T00:27:19.168Z,1,5
2019-06-24T00:29:38.000Z,0,5
2019-06-24T00:29:39.052Z,2,5
2019-06-24T00:31:25.000Z,0,5
2019-06-24T00:31:26.115Z,3,5
2019-06-24T00:31:51.000Z,0,5
2019-06-24T00:31:52.114Z,4,5
2019-06-24T00:34:26.000Z,0,5
2019-06-24T00:34:27.762Z,5,5
2019-06-24T00:34:28.000Z,0,5
2019-06-24T00:34:29.859Z,1,6
2019-06-24T00:40:04.000Z,0,6
2019-06-24T00:40:05.703Z,2,6
2019-06-24T00:40:06.000Z,0,6
2019-06-24T00:40:07.351Z,3,6
2019-06-24T00:40:12.000Z,0,6
2019-06-24T00:40:13.413Z,4,6
2019-06-24T00:42:35.000Z,0,6
2019-06-24T00:42:36.256Z,5,6
2019-06-24T00:42:36.000Z,0,6
2019-06-24T00:42:37.265Z,1,7
2019-06-24T00:49:18.000Z,0,7
2019-06-24T00:49:19.762Z,2,7
2019-06-24T00:50:07.000Z,0,7
2019-06-24T00:50:08.580Z,3,7
2019-06-24T00:50:18.000Z,0,7
2019-06-24T00:50:19.751Z,4,7
2019-06-24T00:53:05.000Z,0,7
2019-06-24T00:53:06.495Z,5,7
2019-06-24T00:53:06.000Z,0,7
2019-06-24T00:53:07.504Z,1,8
2019-06-24T00:58:53.000Z,0,8
2019-06-24T00:58:54.416Z,2,8
2019-06-24T01:00:15.000Z,0,8
2019-06-24T01:00:16.547Z,3,8
2019-06-24T01:01:08.000Z,0,8
2019-06-24T01:01:09.417Z,4,8
2019-06-24T01:04:14.000Z,0,8
2019-06-24T01:04:15.123Z,5,8
2019-06-24T01:04:15.000Z,0,8
2019-06-24T01:04:16.131Z,1,9
2019-06-24T01:05:42.000Z,0,9
2019-06-24T01:05:43.523Z,2,9
2019-06-24T01:07:48.000Z,0,9
2019-06-24T01:07:49.409Z,3,9
2019-06-24T01:08:45.000Z,0,9
2019-06-24T01:08:46.802Z,4,9
2019-06-24T01:11:20.000Z,0,9
2019-06-24T01:11:21.472Z,5,9
2019-06-24T01:11:21.000Z,0,9
2019-06-24T01:11:52.483Z,1,1
2019-06-24T01:13:19.000Z,0,1
2019-06-24T01:13:20.050Z,2,1
2019-06-24T01:15:44.000Z,0,1
2019-06-24T01:15:45.427Z,3,1
2019-06-24T01:15:54.000Z,0,1
2019-06-24T01:15:55.413Z,4,1
2019-06-24T01:18:27.000Z,0,1
2019-06-24T01:18:28.657Z,5,1
2019-06-24T01:18:32.000Z,0,1
2019-06-24T01:18:33.616Z,1,2
2019-06-24T01:19:31.000Z,0,2
2019-06-24T01:19:32.146Z,2,2
2019-06-24T01:22:39.000Z,0,2
2019-06-24T01:22:40.180Z,3,2
2019-06-24T01:22:56.000Z,0,2
2019-06-24T01:22:57.912Z,4,2
2019-06-24T01:25:41.000Z,0,2
2019-06-24T01:25:42.529Z,5,2
2019-06-24T01:25:42.000Z,0,2
2019-06-24T01:25:43.539Z,1,3
2019-06-24T01:28:03.000Z,0,3
2019-06-24T01:28:04.762Z,2,3
2019-06-24T01:30:11.000Z,0,3
2019-06-24T01:30:12.007Z,3,3
2019-06-24T01:30:26.000Z,0,3
2019-06-24T01:30:27.100Z,4,3
2019-06-24T01:32:25.000Z,0,3
2019-06-24T01:32:26.636Z,5,3
2019-06-24T01:32:26.000Z,0,3
2019-06-24T01:32:27.745Z,1,4
2019-06-24T01:35:10.000Z,0,4
2019-06-24T01:35:11.911Z,2,4
2019-06-24T01:36:56.000Z,0,4
2019-06-24T01:36:57.887Z,3,4
2019-06-24T01:37:44.000Z,0,4
2019-06-24T01:37:45.737Z,4,4
2019-06-24T01:40:06.000Z,0,4
2019-06-24T01:40:07.959Z,5,4
2019-06-24T01:40:22.000Z,0,4
2019-06-24T01:40:23.177Z,1,5
2019-06-24T01:42:27.000Z,0,5
2019-06-24T01:42:28.667Z,2,5
2019-06-24T01:43:41.000Z,0,5
2019-06-24T01:43:42.235Z,3,5
2019-06-24T01:44:12.000Z,0,5
2019-06-24T01:44:13.948Z,4,5
2019-06-24T01:46:12.000Z,0,5
2019-06-24T01:46:13.391Z,5,5
2019-06-24T01:46:30.000Z,0,5
2019-06-24T01:46:31.618Z,1,6
2019-06-24T01:52:53.000Z,0,6
2019-06-24T01:52:54.434Z,2,6
2019-06-24T01:53:47.000Z,0,6
2019-06-24T01:53:48.741Z,3,6
2019-06-24T01:54:07.000Z,0,6
2019-06-24T01:54:08.915Z,4,6
2019-06-24T01:57:17.000Z,0,6
2019-06-24T01:57:18.418Z,5,6
2019-06-24T01:57:19.000Z,0,6
2019-06-24T01:57:20.578Z,1,7
2019-06-24T02:03:23.000Z,0,7
2019-06-24T02:03:24.313Z,2,7
2019-06-24T02:04:38.000Z,0,7
2019-06-24T02:04:39.051Z,3,7
2019-06-24T02:04:55.000Z,0,7
2019-06-24T02:04:56.861Z,4,7
2019-06-24T02:07:35.000Z,0,7
2019-06-24T02:07:36.141Z,5,7
2019-06-24T02:07:36.000Z,0,7
2019-06-24T02:07:37.149Z,1,8
2019-06-24T02:13:16.000Z,0,8
2019-06-24T02:13:17.199Z,2,8
2019-06-24T02:14:12.000Z,0,8
2019-06-24T02:14:13.039Z,3,8
2019-06-24T02:15:12.000Z,0,8
2019-06-24T02:15:13.102Z,4,8
2019-06-24T02:17:50.000Z,0,8
2019-06-24T02:17:51.546Z,5,8
2019-06-24T02:17:51.000Z,0,8
2019-06-24T02:17:52.554Z,1,9
2019-06-24T02:19:25.000Z,0,9
2019-06-24T02:19:26.794Z,2,9
2019-06-24T02:20:40.000Z,0,9
2019-06-24T02:20:41.748Z,3,9
2019-06-24T02:24:11.000Z,0,9
2019-06-24T02:24:12.613Z,4,9
2019-06-24T02:27:41.000Z,0,9
2019-06-24T02:27:42.895Z,5,9
2019-06-24T02:27:48.000Z,0,9
2019-06-24T02:28:19.431Z,1,1
2019-06-24T02:29:53.000Z,0,1
2019-06-24T02:29:54.120Z,2,1
2019-06-24T02:31:13.000Z,0,1
2019-06-24T02:31:14.659Z,3,1
2019-06-24T02:32:14.000Z,0,1
2019-06-24T02:32:15.102Z,4,1
2019-06-24T02:34:53.000Z,0,1
2019-06-24T02:34:54.040Z,5,1
2019-06-24T02:34:54.000Z,0,1
2019-06-24T02:34:55.049Z,1,2
2019-06-24T02:36:13.000Z,0,2
2019-06-24T02:36:14.237Z,2,2
2019-06-24T02:38:23.000Z,0,2
2019-06-24T02:38:24.409Z,3,2
2019-06-24T02:38:46.000Z,0,2
2019-06-24T02:38:47.352Z,4,2
2019-06-24T02:40:38.000Z,0,2
2019-06-24T02:40:39.986Z,5,2
2019-06-24T02:40:39.000Z,0,2
2019-06-24T02:40:40.997Z,1,3
2019-06-24T02:42:32.000Z,0,3
2019-06-24T02:42:33.124Z,2,3
2019-06-24T02:44:14.000Z,0,3
2019-06-24T02:44:15.409Z,3,3
2019-06-24T02:44:19.000Z,0,3
2019-06-24T02:44:20.600Z,4,3
2019-06-24T02:47:46.000Z,0,3
2019-06-24T02:47:47.626Z,5,3
2019-06-24T02:47:47.000Z,0,3
2019-06-24T02:47:48.908Z,1,4
2019-06-24T02:49:54.000Z,0,4
2019-06-24T02:49:55.983Z,2,4
2019-06-24T02:51:33.000Z,0,4
2019-06-24T02:51:34.604Z,3,4
2019-06-24T02:52:05.000Z,0,4
2019-06-24T02:52:06.007Z,4,4
2019-06-24T02:54:42.000Z,0,4
2019-06-24T02:54:43.450Z,5,4
2019-06-24T02:54:43.000Z,0,4
2019-06-24T02:54:44.460Z,1,5
2019-06-24T02:55:51.000Z,0,5
2019-06-24T02:55:52.417Z,2,5
2019-06-24T02:57:08.000Z,0,5
2019-06-24T02:57:09.628Z,3,5
2019-06-24T02:58:21.000Z,0,5
2019-06-24T02:58:22.496Z,4,5
2019-06-24T03:02:21.000Z,0,5
2019-06-24T03:02:22.505Z,5,5
2019-06-24T03:02:22.000Z,0,5
2019-06-24T03:02:23.515Z,1,6
2019-06-24T03:09:17.000Z,0,6
2019-06-24T03:09:18.831Z,2,6
2019-06-24T03:09:19.000Z,0,6
2019-06-24T03:09:20.892Z,3,6
2019-06-24T03:09:24.000Z,0,6
2019-06-24T03:09:25.800Z,4,6
2019-06-24T03:10:54.000Z,0,6
2019-06-24T03:10:55.533Z,5,6
2019-06-24T03:10:55.000Z,0,6
2019-06-24T03:10:56.541Z,1,7
2019-06-24T03:17:07.000Z,0,7
2019-06-24T03:17:08.218Z,2,7
2019-06-24T03:17:10.000Z,0,7
2019-06-24T03:17:11.253Z,3,7
2019-06-24T03:17:15.000Z,0,7
2019-06-24T03:17:16.542Z,4,7
2019-06-24T03:20:11.000Z,0,7
2019-06-24T03:20:12.594Z,5,7
2019-06-24T03:20:12.000Z,0,7
2019-06-24T03:20:13.603Z,1,8
2019-06-24T03:26:00.000Z,0,8
2019-06-24T03:26:01.329Z,2,8
2019-06-24T03:27:46.000Z,0,8
2019-06-24T03:27:47.353Z,3,8
2019-06-24T03:28:01.000Z,0,8
2019-06-24T03:28:02.510Z,4,8
2019-06-24T03:30:48.000Z,0,8
2019-06-24T03:30:49.771Z,5,8
2019-06-24T03:30:49.000Z,0,8
2019-06-24T03:30:50.780Z,1,9
2019-06-24T03:32:17.000Z,0,9
2019-06-24T03:32:18.004Z,2,9
2019-06-24T03:34:49.000Z,0,9
2019-06-24T03:34:50.646Z,3,9
2019-06-24T03:35:37.000Z,0,9
2019-06-24T03:35:38.802Z,4,9
2019-06-24T03:38:34.000Z,0,9
2019-06-24T03:38:35.935Z,5,9
2019-06-24T03:38:44.000Z,0,9
2019-06-24T03:39:15.291Z,1,1
2019-06-24T03:40:19.000Z,0,1
2019-06-24T03:40:20.728Z,2,1
2019-06-24T03:42:46.000Z,0,1
2019-06-24T03:42:47.471Z,3,1
2019-06-24T03:43:17.000Z,0,1
2019-06-24T03:43:18.566Z,4,1
2019-06-24T03:45:26.000Z,0,1
2019-06-24T03:45:27.748Z,5,1
2019-06-24T03:45:27.000Z,0,1
2019-06-24T03:45:28.757Z,1,2
2019-06-24T03:47:02.000Z,0,2
2019-06-24T03:47:03.508Z,2,2
2019-06-24T03:48:47.000Z,0,2
2019-06-24T03:48:48.496Z,3,2
2019-06-24T03:51:14.000Z,0,2
2019-06-24T03:51:15.007Z,4,2
2019-06-24T03:53:46.000Z,0,2
2019-06-24T03:53:47.577Z,5,2
2019-06-24T03:53:47.000Z,0,2
2019-06-24T03:53:48.587Z,1,3
2019-06-24T03:56:51.000Z,0,3
2019-06-24T03:56:52.545Z,2,3
2019-06-24T03:57:34.000Z,0,3
2019-06-24T03:57:35.860Z,3,3
2019-06-24T03:57:40.000Z,0,3
2019-06-24T03:57:41.053Z,4,3
2019-06-24T04:00:20.000Z,0,3
2019-06-24T04:00:21.379Z,5,3
2019-06-24T04:00:21.000Z,0,3
2019-06-24T04:00:22.388Z,1,4
2019-06-24T04:09:08.000Z,0,4
2019-06-24T04:09:09.223Z,2,4
2019-06-24T04:09:17.000Z,0,4
2019-06-24T04:09:18.084Z,3,4
2019-06-24T04:09:23.000Z,0,4
2019-06-24T04:09:24.617Z,4,4
2019-06-24T04:12:06.000Z,0,4
2019-06-24T04:12:07.099Z,5,4
2019-06-24T04:12:07.000Z,0,4
2019-06-24T04:12:08.108Z,1,5
2019-06-24T04:14:15.000Z,0,5
2019-06-24T04:14:16.004Z,2,5
2019-06-24T04:14:23.000Z,0,5
2019-06-24T04:14:24.591Z,3,5
2019-06-24T04:14:28.000Z,0,5
2019-06-24T04:14:29.746Z,4,5
2019-06-24T04:16:47.000Z,0,5
2019-06-24T04:16:48.536Z,5,5
2019-06-24T04:16:48.000Z,0,5
2019-06-24T04:16:49.542Z,1,6
2019-06-24T04:22:51.000Z,0,6
2019-06-24T04:22:52.292Z,2,6
2019-06-24T04:22:58.000Z,0,6
2019-06-24T04:22:59.061Z,3,6
2019-06-24T04:23:08.000Z,0,6
2019-06-24T04:23:09.463Z,4,6
2019-06-24T04:25:59.000Z,0,6
2019-06-24T04:26:00.397Z,5,6
2019-06-24T04:26:00.000Z,0,6
2019-06-24T04:26:01.405Z,1,7
2019-06-24T04:32:41.000Z,0,7
2019-06-24T04:32:42.269Z,2,7
2019-06-24T04:33:46.000Z,0,7
2019-06-24T04:33:47.105Z,3,7
2019-06-24T04:33:52.000Z,0,7
2019-06-24T04:33:53.635Z,4,7
2019-06-24T04:36:47.000Z,0,7
2019-06-24T04:36:48.695Z,5,7
2019-06-24T04:36:58.000Z,0,7
2019-06-24T04:36:59.124Z,1,8
2019-06-24T04:42:44.000Z,0,8
2019-06-24T04:42:45.032Z,2,8
2019-06-24T04:44:01.000Z,0,8
2019-06-24T04:44:02.405Z,3,8
2019-06-24T04:44:31.000Z,0,8
2019-06-24T04:44:32.011Z,4,8
2019-06-24T04:46:54.000Z,0,8
2019-06-24T04:46:55.934Z,5,8
2019-06-24T04:46:58.000Z,0,8
2019-06-24T04:46:59.259Z,1,9
2019-06-24T04:48:46.000Z,0,9
2019-06-24T04:48:47.853Z,2,9
2019-06-24T04:50:18.000Z,0,9
2019-06-24T04:50:19.428Z,3,9
2019-06-24T04:51:11.000Z,0,9
2019-06-24T04:51:12.813Z,4,9
2019-06-24T04:54:05.000Z,0,9
2019-06-24T04:54:06.10Z,5,9
2019-06-24T04:54:07.000Z,0,9
2019-06-24T04:54:38.359Z,1,1
2019-06-24T04:55:43.000Z,0,1
2019-06-24T04:55:44.688Z,2,1
2019-06-24T04:57:30.000Z,0,1
2019-06-24T04:57:31.777Z,3,1
2019-06-24T04:58:19.000Z,0,1
2019-06-24T04:58:20.995Z,4,1
2019-06-24T05:01:03.000Z,0,1
2019-06-24T05:01:04.191Z,5,1
2019-06-24T05:01:05.000Z,0,1
2019-06-24T05:01:06.853Z,1,2
2019-06-24T05:02:35.000Z,0,2
2019-06-24T05:02:36.180Z,2,2
2019-06-24T05:05:08.000Z,0,2
2019-06-24T05:05:09.485Z,3,2
2019-06-24T05:05:42.000Z,0,2
2019-06-24T05:05:43.424Z,4,2
2019-06-24T05:08:00.000Z,0,2
2019-06-24T05:08:01.978Z,5,2
2019-06-24T05:08:02.000Z,0,2
2019-06-24T05:08:03.039Z,1,3
2019-06-24T05:25:25.000Z,0,3
2019-06-24T05:25:26.103Z,2,3
2019-06-24T05:25:29.000Z,0,3
2019-06-24T05:25:30.549Z,3,3
2019-06-24T05:25:35.000Z,0,3
2019-06-24T05:25:36.776Z,4,3
2019-06-24T05:27:40.000Z,0,3
2019-06-24T05:27:41.028Z,5,3
2019-06-24T05:27:41.000Z,0,3
2019-06-24T05:27:42.036Z,1,4
2019-06-24T05:36:27.000Z,0,4
2019-06-24T05:36:28.708Z,2,4
2019-06-24T05:37:03.000Z,0,4
2019-06-24T05:37:04.831Z,3,4
2019-06-24T05:37:59.000Z,0,4
2019-06-24T05:38:00.154Z,4,4
2019-06-24T05:41:18.000Z,0,4
2019-06-24T05:41:19.812Z,5,4
2019-06-24T05:41:19.000Z,0,4
2019-06-24T05:41:20.817Z,1,5
2019-06-24T05:42:38.000Z,0,5
2019-06-24T05:42:39.802Z,2,5
2019-06-24T05:42:41.000Z,0,5
2019-06-24T05:42:42.729Z,3,5
2019-06-24T05:42:46.000Z,0,5
2019-06-24T05:42:47.975Z,4,5
2019-06-24T05:44:25.000Z,0,5
2019-06-24T05:44:26.313Z,5,5
2019-06-24T05:44:45.000Z,0,5
2019-06-24T05:44:46.045Z,1,6
2019-06-24T05:50:47.000Z,0,6
2019-06-24T05:50:48.120Z,2,6
2019-06-24T05:50:52.000Z,0,6
2019-06-24T05:50:53.884Z,3,6
2019-06-24T05:51:01.000Z,0,6
2019-06-24T05:51:02.166Z,4,6
2019-06-24T05:53:37.000Z,0,6
2019-06-24T05:53:38.086Z,5,6
2019-06-24T05:53:38.000Z,0,6
2019-06-24T05:53:39.095Z,1,7
2019-06-24T06:01:04.000Z,0,7
2019-06-24T06:01:05.697Z,2,7
2019-06-24T06:01:46.000Z,0,7
2019-06-24T06:01:47.063Z,3,7
2019-06-24T06:01:51.000Z,0,7
2019-06-24T06:01:52.350Z,4,7
2019-06-24T06:04:08.000Z,0,7
2019-06-24T06:04:09.765Z,5,7
2019-06-24T06:04:09.000Z,0,7
2019-06-24T06:04:10.774Z,1,8
2019-06-24T06:10:58.000Z,0,8
2019-06-24T06:10:59.041Z,2,8
2019-06-24T06:11:19.000Z,0,8
2019-06-24T06:11:20.060Z,3,8
2019-06-24T06:11:24.000Z,0,8
2019-06-24T06:11:25.404Z,4,8
2019-06-24T06:14:03.000Z,0,8
2019-06-24T06:14:04.378Z,5,8
2019-06-24T06:14:04.000Z,0,8
2019-06-24T06:14:05.387Z,1,9
2019-06-24T06:15:23.000Z,0,9
2019-06-24T06:15:24.989Z,2,9
2019-06-24T06:17:26.000Z,0,9
2019-06-24T06:17:27.570Z,3,9
2019-06-24T06:19:00.000Z,0,9
2019-06-24T06:19:01.262Z,4,9
2019-06-24T06:21:29.000Z,0,9
2019-06-24T06:21:30.463Z,5,9
2019-06-24T06:21:49.000Z,0,9
2019-06-24T06:22:20.936Z,1,1
2019-06-24T06:25:56.000Z,0,1
2019-06-24T06:25:57.216Z,2,1
2019-06-24T06:26:10.000Z,0,1
2019-06-24T06:26:11.140Z,3,1
2019-06-24T06:26:14.000Z,0,1
2019-06-24T06:26:15.771Z,4,1
2019-06-24T06:28:43.000Z,0,1
2019-06-24T06:28:44.555Z,5,1
2019-06-24T06:28:44.000Z,0,1
2019-06-24T06:28:45.569Z,1,2
2019-06-24T06:29:58.000Z,0,2
2019-06-24T06:29:59.375Z,2,2
2019-06-24T06:30:38.000Z,0,2
2019-06-24T06:30:39.807Z,3,2
2019-06-24T06:31:23.000Z,0,2
2019-06-24T06:31:24.928Z,4,2
2019-06-24T06:33:49.000Z,0,2
2019-06-24T06:33:50.466Z,5,2
2019-06-24T06:33:55.000Z,0,2
2019-06-24T06:33:56.322Z,1,3
2019-06-24T06:34:55.000Z,0,3
2019-06-24T06:34:56.862Z,2,3
2019-06-24T06:36:20.000Z,0,3
2019-06-24T06:36:21.932Z,3,3
2019-06-24T06:36:42.000Z,0,3
2019-06-24T06:36:43.951Z,4,3
2019-06-24T06:39:22.000Z,0,3
2019-06-24T06:39:23.885Z,5,3
2019-06-24T06:39:26.000Z,0,3
2019-06-24T06:39:27.749Z,1,4
2019-06-24T06:43:29.000Z,0,4
2019-06-24T06:43:30.006Z,2,4
2019-06-24T06:44:34.000Z,0,4
2019-06-24T06:44:35.795Z,3,4
2019-06-24T06:45:17.000Z,0,4
2019-06-24T06:45:18.211Z,4,4
2019-06-24T06:48:06.000Z,0,4
2019-06-24T06:48:07.449Z,5,4
2019-06-24T06:48:07.000Z,0,4
2019-06-24T06:48:08.458Z,1,5
2019-06-24T06:50:10.000Z,0,5
2019-06-24T06:50:11.679Z,2,5
2019-06-24T06:50:19.000Z,0,5
2019-06-24T06:50:20.853Z,3,5
2019-06-24T06:50:54.000Z,0,5
2019-06-24T06:50:55.072Z,4,5
2019-06-24T06:53:12.000Z,0,5
2019-06-24T06:53:13.746Z,5,5
2019-06-24T06:53:13.000Z,0,5
2019-06-24T06:53:14.755Z,1,6
2019-06-24T06:59:21.000Z,0,6
2019-06-24T06:59:22.749Z,2,6
2019-06-24T07:00:45.000Z,0,6
2019-06-24T07:00:46.759Z,3,6
2019-06-24T07:00:49.000Z,0,6
2019-06-24T07:00:50.558Z,4,6
2019-06-24T07:03:42.000Z,0,6
2019-06-24T07:03:43.559Z,5,6
2019-06-24T07:03:43.000Z,0,6
2019-06-24T07:03:44.574Z,1,7
2019-06-24T07:10:05.000Z,0,7
2019-06-24T07:10:06.056Z,2,7
2019-06-24T07:10:20.000Z,0,7
2019-06-24T07:10:21.891Z,3,7
2019-06-24T07:10:28.000Z,0,7
2019-06-24T07:10:29.908Z,4,7
2019-06-24T07:14:32.000Z,0,7
2019-06-24T07:14:33.443Z,5,7
2019-06-24T07:14:33.000Z,0,7
2019-06-24T07:14:34.453Z,1,8
2019-06-24T07:19:45.000Z,0,8
2019-06-24T07:19:46.756Z,2,8
2019-06-24T07:20:11.000Z,0,8
2019-06-24T07:20:12.679Z,3,8
2019-06-24T07:20:52.000Z,0,8
2019-06-24T07:20:53.288Z,4,8
2019-06-24T07:22:42.000Z,0,8
2019-06-24T07:22:43.576Z,5,8
2019-06-24T07:22:43.000Z,0,8
2019-06-24T07:22:44.585Z,1,9
2019-06-24T07:23:44.000Z,0,9
2019-06-24T07:23:45.395Z,2,9
2019-06-24T07:25:31.000Z,0,9
2019-06-24T07:25:32.247Z,3,9
2019-06-24T07:26:10.000Z,0,9
2019-06-24T07:26:11.387Z,4,9
2019-06-24T07:28:23.000Z,0,9
2019-06-24T07:28:24.972Z,5,9
2019-06-24T07:28:29.000Z,0,9
2019-06-24T07:29:00.466Z,1,1
2019-06-24T07:29:38.000Z,0,1
2019-06-24T07:29:39.377Z,2,1
2019-06-24T07:29:39.000Z,0,1
2019-06-24T07:29:40.406Z,3,1
2019-06-24T07:29:46.000Z,0,1
2019-06-24T07:29:47.212Z,4,1
2019-06-24T07:33:49.000Z,0,1
2019-06-24T07:33:50.165Z,5,1
2019-06-24T07:33:50.000Z,0,1
2019-06-24T07:33:51.712Z,1,2
2019-06-24T07:35:16.000Z,0,2
2019-06-24T07:35:17.128Z,2,2
2019-06-24T07:36:05.000Z,0,2
2019-06-24T07:36:06.476Z,3,2
2019-06-24T07:36:36.000Z,0,2
2019-06-24T07:36:37.665Z,4,2
2019-06-24T07:38:54.000Z,0,2
2019-06-24T07:38:55.444Z,5,2
2019-06-24T07:39:04.000Z,0,2
2019-06-24T07:39:05.214Z,1,3
2019-06-24T07:40:21.000Z,0,3
2019-06-24T07:40:22.889Z,2,3
2019-06-24T07:40:57.000Z,0,3
2019-06-24T07:40:58.026Z,3,3
2019-06-24T07:41:24.000Z,0,3
2019-06-24T07:41:25.553Z,4,3
2019-06-24T07:44:03.000Z,0,3
2019-06-24T07:44:04.353Z,5,3
2019-06-24T07:44:04.000Z,0,3
2019-06-24T07:44:05.362Z,1,4
2019-06-24T07:50:43.000Z,0,4
2019-06-24T07:50:44.636Z,2,4
2019-06-24T07:50:50.000Z,0,4
2019-06-24T07:50:51.049Z,3,4
2019-06-24T07:50:59.000Z,0,4
2019-06-24T07:51:00.513Z,4,4
2019-06-24T07:53:23.000Z,0,4
2019-06-24T07:53:24.408Z,5,4
2019-06-24T07:53:33.000Z,0,4
2019-06-24T07:53:34.285Z,1,5
2019-06-24T07:54:47.000Z,0,5
2019-06-24T07:54:48.574Z,2,5
2019-06-24T07:57:19.000Z,0,5
2019-06-24T07:57:20.006Z,3,5
2019-06-24T07:57:58.000Z,0,5
2019-06-24T07:57:59.940Z,4,5
2019-06-24T08:00:12.000Z,0,5
2019-06-24T08:00:13.195Z,5,5
2019-06-24T08:00:13.000Z,0,5
2019-06-24T08:00:14.205Z,1,6
2019-06-24T08:06:04.000Z,0,6
2019-06-24T08:06:05.111Z,2,6
2019-06-24T08:09:05.000Z,0,6
2019-06-24T08:09:06.455Z,3,6
2019-06-24T08:09:22.000Z,0,6
2019-06-24T08:09:23.078Z,4,6
2019-06-24T08:12:56.000Z,0,6
2019-06-24T08:12:57.182Z,5,6
2019-06-24T08:12:57.000Z,0,6
2019-06-24T08:12:58.191Z,1,7
2019-06-24T08:19:27.000Z,0,7
2019-06-24T08:19:28.651Z,2,7
2019-06-24T08:19:46.000Z,0,7
2019-06-24T08:19:47.237Z,3,7
2019-06-24T08:20:21.000Z,0,7
2019-06-24T08:20:22.715Z,4,7
2019-06-24T08:24:37.000Z,0,7
2019-06-24T08:24:38.648Z,5,7
2019-06-24T08:24:39.000Z,0,7
2019-06-24T08:24:40.886Z,1,8
2019-06-24T08:30:52.000Z,0,8
2019-06-24T08:30:53.724Z,2,8
2019-06-24T08:32:16.000Z,0,8
2019-06-24T08:32:17.495Z,3,8
2019-06-24T08:33:26.000Z,0,8
2019-06-24T08:33:27.849Z,4,8
2019-06-24T08:35:56.000Z,0,8
2019-06-24T08:35:57.587Z,5,8
2019-06-24T08:36:13.000Z,0,8
2019-06-24T08:36:14.570Z,1,9
2019-06-24T08:37:41.000Z,0,9
2019-06-24T08:37:42.763Z,2,9
2019-06-24T08:39:05.000Z,0,9
2019-06-24T08:39:06.633Z,3,9
2019-06-24T08:40:12.000Z,0,9
2019-06-24T08:40:13.975Z,4,9
2019-06-24T08:43:06.000Z,0,9
2019-06-24T08:43:07.969Z,5,9
2019-06-24T08:43:07.000Z,0,9
2019-06-24T08:43:38.979Z,1,1
2019-06-24T08:45:51.000Z,0,1
2019-06-24T08:45:52.697Z,2,1
2019-06-24T08:45:58.000Z,0,1
2019-06-24T08:45:59.724Z,3,1
2019-06-24T08:46:11.000Z,0,1
2019-06-24T08:46:12.323Z,4,1
2019-06-24T08:48:45.000Z,0,1
2019-06-24T08:48:46.265Z,5,1
2019-06-24T08:48:46.000Z,0,1
2019-06-24T08:48:47.273Z,1,2
2019-06-24T08:49:33.000Z,0,2
2019-06-24T08:49:34.056Z,2,2
2019-06-24T08:50:33.000Z,0,2
2019-06-24T08:50:34.008Z,3,2
2019-06-24T08:51:56.000Z,0,2
2019-06-24T08:51:57.740Z,4,2
2019-06-24T08:54:41.000Z,0,2
2019-06-24T08:54:42.996Z,5,2
2019-06-24T08:54:58.000Z,0,2
2019-06-24T08:54:59.262Z,1,3
2019-06-24T08:56:26.000Z,0,3
2019-06-24T08:56:27.099Z,2,3
2019-06-24T08:57:22.000Z,0,3
2019-06-24T08:57:23.247Z,3,3
2019-06-24T08:58:13.000Z,0,3
2019-06-24T08:58:14.485Z,4,3
2019-06-24T09:00:28.000Z,0,3
2019-06-24T09:00:29.626Z,5,3
2019-06-24T09:00:31.000Z,0,3
2019-06-24T09:00:32.750Z,1,4
2019-06-24T09:04:10.000Z,0,4
2019-06-24T09:04:11.998Z,2,4
2019-06-24T09:05:13.000Z,0,4
2019-06-24T09:05:14.382Z,3,4
2019-06-24T09:05:20.000Z,0,4
2019-06-24T09:05:21.023Z,4,4
2019-06-24T09:09:28.000Z,0,4
2019-06-24T09:09:29.137Z,5,4
2019-06-24T09:09:29.000Z,0,4
2019-06-24T09:09:30.147Z,1,5
2019-06-24T09:10:50.000Z,0,5
2019-06-24T09:10:51.431Z,2,5
2019-06-24T09:10:51.000Z,0,5
2019-06-24T09:10:52.524Z,3,5
2019-06-24T09:10:56.000Z,0,5
2019-06-24T09:10:57.357Z,4,5
2019-06-24T09:12:13.000Z,0,5
2019-06-24T09:12:14.616Z,5,5
2019-06-24T09:12:30.000Z,0,5
2019-06-24T09:12:31.976Z,1,6
2019-06-24T09:18:51.000Z,0,6
2019-06-24T09:18:52.096Z,2,6
2019-06-24T09:20:43.000Z,0,6
2019-06-24T09:20:44.606Z,3,6
2019-06-24T09:20:53.000Z,0,6
2019-06-24T09:20:54.167Z,4,6
2019-06-24T09:24:16.000Z,0,6
2019-06-24T09:24:17.867Z,5,6
2019-06-24T09:24:17.000Z,0,6
2019-06-24T09:24:18.877Z,1,7
2019-06-24T09:33:10.000Z,0,7
2019-06-24T09:33:11.541Z,2,7
2019-06-24T09:33:14.000Z,0,7
2019-06-24T09:33:15.445Z,3,7
2019-06-24T09:33:19.000Z,0,7
2019-06-24T09:33:20.464Z,4,7
2019-06-24T09:35:41.000Z,0,7
2019-06-24T09:35:42.971Z,5,7
2019-06-24T09:35:42.000Z,0,7
2019-06-24T09:35:43.976Z,1,8
2019-06-24T09:41:57.000Z,0,8
2019-06-24T09:41:58.810Z,2,8
2019-06-24T09:42:06.000Z,0,8
2019-06-24T09:42:07.255Z,3,8
2019-06-24T09:42:10.000Z,0,8
2019-06-24T09:42:11.207Z,4,8
2019-06-24T09:43:41.000Z,0,8
2019-06-24T09:43:42.538Z,5,8
2019-06-24T09:43:42.000Z,0,8
2019-06-24T09:43:43.547Z,1,9
2019-06-24T09:44:39.000Z,0,9
2019-06-24T09:44:40.655Z,2,9
2019-06-24T09:46:22.000Z,0,9
2019-06-24T09:46:23.109Z,3,9
2019-06-24T09:47:23.000Z,0,9
2019-06-24T09:47:24.996Z,4,9
2019-06-24T09:49:51.000Z,0,9
2019-06-24T09:49:52.079Z,5,9
2019-06-24T09:50:01.000Z,0,9
2019-06-24T09:50:32.600Z,1,1
2019-06-24T09:51:25.000Z,0,1
2019-06-24T09:51:26.149Z,2,1
2019-06-24T09:52:50.000Z,0,1
2019-06-24T09:52:51.645Z,3,1
2019-06-24T09:53:52.000Z,0,1
2019-06-24T09:53:53.293Z,4,1
2019-06-24T09:55:43.000Z,0,1
2019-06-24T09:55:44.186Z,5,1
2019-06-24T09:55:44.000Z,0,1
2019-06-24T09:55:45.194Z,1,2
2019-06-24T09:57:33.000Z,0,2
2019-06-24T09:57:34.590Z,2,2
2019-06-24T09:58:46.000Z,0,2
2019-06-24T09:58:47.693Z,3,2
2019-06-24T09:58:52.000Z,0,2
2019-06-24T09:58:53.013Z,4,2
2019-06-24T10:02:03.000Z,0,2
2019-06-24T10:02:04.957Z,5,2
2019-06-24T10:02:04.000Z,0,2
2019-06-24T10:02:05.967Z,1,3
2019-06-24T10:04:41.000Z,0,3
2019-06-24T10:04:42.144Z,2,3
2019-06-24T10:05:54.000Z,0,3
2019-06-24T10:05:55.126Z,3,3
2019-06-24T10:06:41.000Z,0,3
2019-06-24T10:06:42.236Z,4,3
2019-06-24T10:08:48.000Z,0,3
2019-06-24T10:08:49.676Z,5,3
2019-06-24T10:08:52.000Z,0,3
2019-06-24T10:08:53.694Z,1,4
2019-06-24T10:14:32.000Z,0,4
2019-06-24T10:14:33.646Z,2,4
2019-06-24T10:16:39.000Z,0,4
2019-06-24T10:16:40.633Z,3,4
2019-06-24T10:16:47.000Z,0,4
2019-06-24T10:16:48.681Z,4,4
2019-06-24T10:19:36.000Z,0,4
2019-06-24T10:19:37.824Z,5,4
2019-06-24T10:19:38.000Z,0,4
2019-06-24T10:19:39.526Z,1,5
2019-06-24T10:21:02.000Z,0,5
2019-06-24T10:21:03.035Z,2,5
2019-06-24T10:22:19.000Z,0,5
2019-06-24T10:22:20.216Z,3,5
2019-06-24T10:22:47.000Z,0,5
2019-06-24T10:22:48.643Z,4,5
2019-06-24T10:25:57.000Z,0,5
2019-06-24T10:25:58.621Z,5,5
2019-06-24T10:25:58.000Z,0,5
2019-06-24T10:25:59.629Z,1,6
2019-06-24T10:32:21.000Z,0,6
2019-06-24T10:32:22.903Z,2,6
2019-06-24T10:32:37.000Z,0,6
2019-06-24T10:32:38.196Z,3,6
2019-06-24T10:33:33.000Z,0,6
2019-06-24T10:33:34.434Z,4,6
2019-06-24T10:36:30.000Z,0,6
2019-06-24T10:36:31.144Z,5,6
2019-06-24T10:36:31.000Z,0,6
2019-06-24T10:36:32.420Z,1,7
2019-06-24T10:43:11.000Z,0,7
2019-06-24T10:43:12.154Z,2,7
2019-06-24T10:43:12.000Z,0,7
2019-06-24T10:43:13.170Z,3,7
2019-06-24T10:43:20.000Z,0,7
2019-06-24T10:43:21.197Z,4,7
2019-06-24T10:45:04.000Z,0,7
2019-06-24T10:45:05.730Z,5,7
2019-06-24T10:45:05.000Z,0,7
2019-06-24T10:45:06.739Z,1,8
2019-06-24T10:51:58.000Z,0,8
2019-06-24T10:51:59.695Z,2,8
2019-06-24T10:52:26.000Z,0,8
2019-06-24T10:52:27.700Z,3,8
2019-06-24T10:53:30.000Z,0,8
2019-06-24T10:53:31.615Z,4,8
2019-06-24T10:55:56.000Z,0,8
2019-06-24T10:55:57.163Z,5,8
2019-06-24T10:55:57.000Z,0,8
2019-06-24T10:55:58.172Z,1,9
2019-06-24T10:57:08.000Z,0,9
2019-06-24T10:57:09.023Z,2,9
2019-06-24T10:58:17.000Z,0,9
2019-06-24T10:58:18.620Z,3,9
2019-06-24T10:59:06.000Z,0,9
2019-06-24T10:59:07.211Z,4,9
2019-06-24T11:01:29.000Z,0,9
2019-06-24T11:01:30.287Z,5,9
2019-06-24T11:01:36.000Z,0,9
2019-06-24T11:02:07.977Z,1,1
2019-06-24T11:03:17.000Z,0,1
2019-06-24T11:03:18.765Z,2,1
2019-06-24T11:04:09.000Z,0,1
2019-06-24T11:04:10.331Z,3,1
2019-06-24T11:04:14.000Z,0,1
2019-06-24T11:04:15.260Z,4,1
2019-06-24T11:06:31.000Z,0,1
2019-06-24T11:06:32.040Z,5,1
2019-06-24T11:06:32.000Z,0,1
2019-06-24T11:06:33.049Z,1,2
2019-06-24T11:07:54.000Z,0,2
2019-06-24T11:07:55.219Z,2,2
2019-06-24T11:10:16.000Z,0,2
2019-06-24T11:10:17.531Z,3,2
2019-06-24T11:10:47.000Z,0,2
2019-06-24T11:10:48.867Z,4,2
2019-06-24T11:13:20.000Z,0,2
2019-06-24T11:13:21.265Z,5,2
2019-06-24T11:13:29.000Z,0,2
2019-06-24T11:13:30.220Z,1,3
2019-06-24T11:15:32.000Z,0,3
2019-06-24T11:15:33.328Z,2,3
2019-06-24T11:16:24.000Z,0,3
2019-06-24T11:16:25.137Z,3,3
2019-06-24T11:18:08.000Z,0,3
2019-06-24T11:18:09.478Z,4,3
2019-06-24T11:19:59.000Z,0,3
2019-06-24T11:20:00.179Z,5,3
2019-06-24T11:20:15.000Z,0,3
2019-06-24T11:20:16.575Z,1,4
2019-06-24T11:22:44.000Z,0,4
2019-06-24T11:22:45.875Z,2,4
2019-06-24T11:23:58.000Z,0,4
2019-06-24T11:23:59.987Z,3,4
2019-06-24T11:24:31.000Z,0,4
2019-06-24T11:24:32.628Z,4,4
2019-06-24T11:27:26.000Z,0,4
2019-06-24T11:27:28.854Z,5,4
2019-06-24T11:27:34.000Z,0,4
2019-06-24T11:27:35.400Z,1,5
2019-06-24T11:28:47.000Z,0,5
2019-06-24T11:28:48.003Z,2,5
2019-06-24T11:29:32.000Z,0,5
2019-06-24T11:29:33.496Z,3,5
2019-06-24T11:30:49.000Z,0,5
2019-06-24T11:30:50.410Z,4,5
2019-06-24T11:34:02.000Z,0,5
2019-06-24T11:34:03.454Z,5,5
2019-06-24T11:34:03.000Z,0,5
2019-06-24T11:34:04.463Z,1,6
2019-06-24T11:41:07.000Z,0,6
2019-06-24T11:41:08.549Z,2,6
2019-06-24T11:41:50.000Z,0,6
2019-06-24T11:41:51.828Z,3,6
2019-06-24T11:44:32.000Z,0,6
2019-06-24T11:44:33.211Z,4,6
2019-06-24T11:46:28.000Z,0,6
2019-06-24T11:46:29.259Z,5,6
2019-06-24T11:46:29.000Z,0,6
2019-06-24T11:46:30.758Z,1,7
2019-06-24T11:55:23.000Z,0,7
2019-06-24T11:55:24.247Z,2,7
2019-06-24T11:55:24.000Z,0,7
2019-06-24T11:55:25.671Z,3,7
2019-06-24T11:55:31.000Z,0,7
2019-06-24T11:55:32.707Z,4,7
2019-06-24T11:58:21.000Z,0,7
2019-06-24T11:58:22.769Z,5,7
2019-06-24T11:58:22.000Z,0,7
2019-06-24T11:58:23.785Z,1,8
2019-06-24T12:03:52.000Z,0,8
2019-06-24T12:03:53.726Z,2,8
2019-06-24T12:04:04.000Z,0,8
2019-06-24T12:04:05.714Z,3,8
2019-06-24T12:04:14.000Z,0,8
2019-06-24T12:04:15.528Z,4,8
2019-06-24T12:08:43.000Z,0,8
2019-06-24T12:08:44.607Z,5,8
2019-06-24T12:08:53.000Z,0,8
2019-06-24T12:08:54.731Z,1,9
2019-06-24T12:11:28.000Z,0,9
2019-06-24T12:11:29.801Z,2,9
2019-06-24T12:13:07.000Z,0,9
2019-06-24T12:13:08.459Z,3,9
2019-06-24T12:13:35.000Z,0,9
2019-06-24T12:13:36.706Z,4,9
2019-06-24T12:16:02.000Z,0,9
2019-06-24T12:16:03.954Z,5,9
2019-06-24T12:16:03.000Z,0,9
2019-06-24T12:16:34.964Z,1,1
2019-06-24T12:17:25.000Z,0,1
2019-06-24T12:17:26.598Z,2,1
2019-06-24T12:18:38.000Z,0,1
2019-06-24T12:18:39.614Z,3,1
2019-06-24T12:20:03.000Z,0,1
2019-06-24T12:20:04.085Z,4,1
2019-06-24T12:23:12.000Z,0,1
2019-06-24T12:23:13.101Z,5,1
2019-06-24T12:23:22.000Z,0,1
2019-06-24T12:23:23.855Z,1,2
2019-06-24T12:24:02.000Z,0,2
2019-06-24T12:24:03.871Z,2,2
2019-06-24T12:25:27.000Z,0,2
2019-06-24T12:25:32.168Z,3,2
2019-06-24T12:26:50.000Z,0,2
2019-06-24T12:26:51.882Z,4,2
2019-06-24T12:29:26.000Z,0,2
2019-06-24T12:29:27.353Z,5,2
2019-06-24T12:29:30.000Z,0,2
2019-06-24T12:29:31.241Z,1,3
2019-06-24T12:31:18.000Z,0,3
2019-06-24T12:31:19.114Z,2,3
2019-06-24T12:32:09.000Z,0,3
2019-06-24T12:32:10.121Z,3,3
2019-06-24T12:33:22.000Z,0,3
2019-06-24T12:33:23.626Z,4,3
2019-06-24T12:35:25.000Z,0,3
2019-06-24T12:35:26.277Z,5,3
2019-06-24T12:35:28.000Z,0,3
2019-06-24T12:35:29.799Z,1,4
2019-06-24T12:43:49.000Z,0,4
2019-06-24T12:43:50.270Z,2,4
2019-06-24T12:44:52.000Z,0,4
2019-06-24T12:44:53.735Z,3,4
2019-06-24T12:45:39.000Z,0,4
2019-06-24T12:45:40.895Z,4,4
2019-06-24T12:48:25.000Z,0,4
2019-06-24T12:48:26.302Z,5,4
2019-06-24T12:48:26.000Z,0,4
2019-06-24T12:48:27.311Z,1,5
2019-06-24T12:50:29.000Z,0,5
2019-06-24T12:50:30.915Z,2,5
2019-06-24T12:52:23.000Z,0,5
2019-06-24T12:52:24.418Z,3,5
2019-06-24T12:53:51.000Z,0,5
2019-06-24T12:53:52.058Z,4,5
2019-06-24T12:56:11.000Z,0,5
2019-06-24T12:56:12.989Z,5,5
2019-06-24T12:56:22.000Z,0,5
2019-06-24T12:56:23.404Z,1,6
2019-06-24T13:02:26.000Z,0,6
2019-06-24T13:02:27.699Z,2,6
2019-06-24T13:04:22.000Z,0,6
2019-06-24T13:04:23.191Z,3,6
2019-06-24T13:04:53.000Z,0,6
2019-06-24T13:04:54.635Z,4,6
2019-06-24T13:07:43.000Z,0,6
2019-06-24T13:07:44.125Z,5,6
2019-06-24T13:07:44.000Z,0,6
2019-06-24T13:07:45.222Z,1,7
2019-06-24T13:14:18.000Z,0,7
2019-06-24T13:14:19.335Z,2,7
2019-06-24T13:14:22.000Z,0,7
2019-06-24T13:14:23.158Z,3,7
2019-06-24T13:14:39.000Z,0,7
2019-06-24T13:14:40.126Z,4,7
2019-06-24T13:16:38.000Z,0,7
2019-06-24T13:16:39.120Z,5,7
2019-06-24T13:16:39.000Z,0,7
2019-06-24T13:16:40.139Z,1,8
2019-06-24T13:24:32.000Z,0,8
2019-06-24T13:24:33.621Z,2,8
2019-06-24T13:25:23.000Z,0,8
2019-06-24T13:25:24.794Z,3,8
2019-06-24T13:25:44.000Z,0,8
2019-06-24T13:25:45.863Z,4,8
2019-06-24T13:28:23.000Z,0,8
2019-06-24T13:28:24.401Z,5,8
2019-06-24T13:28:24.000Z,0,8
2019-06-24T13:28:25.410Z,1,9
2019-06-24T13:30:05.000Z,0,9
2019-06-24T13:30:06.907Z,2,9
2019-06-24T13:31:08.000Z,0,9
2019-06-24T13:31:09.500Z,3,9
2019-06-24T13:32:09.000Z,0,9
2019-06-24T13:32:10.244Z,4,9
2019-06-24T13:34:50.000Z,0,9
2019-06-24T13:34:51.778Z,5,9
2019-06-24T13:35:10.000Z,0,9
2019-06-24T13:35:41.453Z,1,1
2019-06-24T13:36:31.000Z,0,1
2019-06-24T13:36:32.857Z,2,1
2019-06-24T13:37:55.000Z,0,1
2019-06-24T13:37:56.533Z,3,1
2019-06-24T13:38:31.000Z,0,1
2019-06-24T13:38:32.532Z,4,1
2019-06-24T13:40:37.000Z,0,1
2019-06-24T13:40:38.789Z,5,1
2019-06-24T13:40:38.000Z,0,1
2019-06-24T13:40:39.799Z,1,2
2019-06-24T13:41:25.000Z,0,2
2019-06-24T13:41:26.999Z,2,2
2019-06-24T13:43:08.000Z,0,2
2019-06-24T13:43:09.488Z,3,2
2019-06-24T13:44:42.000Z,0,2
2019-06-24T13:44:43.716Z,4,2
2019-06-24T13:46:47.000Z,0,2
2019-06-24T13:46:48.811Z,5,2
2019-06-24T13:46:49.000Z,0,2
2019-06-24T13:46:50.707Z,1,3
2019-06-24T13:48:20.000Z,0,3
2019-06-24T13:48:21.079Z,2,3
2019-06-24T13:49:24.000Z,0,3
2019-06-24T13:49:25.015Z,3,3
2019-06-24T13:50:27.000Z,0,3
2019-06-24T13:50:28.485Z,4,3
2019-06-24T13:52:45.000Z,0,3
2019-06-24T13:52:46.593Z,5,3
2019-06-24T13:52:46.000Z,0,3
2019-06-24T13:52:47.602Z,1,4
2019-06-24T13:55:59.000Z,0,4
2019-06-24T13:56:00.423Z,2,4
2019-06-24T13:56:13.000Z,0,4
2019-06-24T13:56:14.488Z,3,4
2019-06-24T13:57:35.000Z,0,4
2019-06-24T13:57:36.667Z,4,4
2019-06-24T13:59:15.000Z,0,4
2019-06-24T13:59:16.652Z,5,4
2019-06-24T13:59:16.000Z,0,4
2019-06-24T13:59:17.661Z,1,5
2019-06-24T14:01:03.000Z,0,5
2019-06-24T14:01:04.869Z,2,5
2019-06-24T14:02:25.000Z,0,5
2019-06-24T14:02:26.577Z,3,5
2019-06-24T14:02:37.000Z,0,5
2019-06-24T14:02:38.380Z,4,5
2019-06-24T14:05:36.000Z,0,5
2019-06-24T14:05:37.238Z,5,5
2019-06-24T14:05:37.000Z,0,5
2019-06-24T14:05:38.247Z,1,6
2019-06-24T14:11:14.000Z,0,6
2019-06-24T14:11:15.011Z,2,6
2019-06-24T14:12:02.000Z,0,6
2019-06-24T14:12:03.300Z,3,6
2019-06-24T14:12:33.000Z,0,6
2019-06-24T14:12:34.539Z,4,6
2019-06-24T14:17:40.000Z,0,6
2019-06-24T14:17:41.553Z,5,6
2019-06-24T14:17:41.000Z,0,6
2019-06-24T14:17:42.566Z,1,7
2019-06-24T14:23:54.000Z,0,7
2019-06-24T14:23:55.030Z,2,7
2019-06-24T14:24:14.000Z,0,7
2019-06-24T14:24:15.904Z,3,7
2019-06-24T14:25:37.000Z,0,7
2019-06-24T14:25:38.544Z,4,7
2019-06-24T14:27:09.000Z,0,7
2019-06-24T14:27:10.483Z,5,7
2019-06-24T14:27:10.000Z,0,7
2019-06-24T14:27:11.492Z,1,8
2019-06-24T14:34:47.000Z,0,8
2019-06-24T14:34:48.627Z,2,8
2019-06-24T14:35:02.000Z,0,8
2019-06-24T14:35:03.707Z,3,8
2019-06-24T14:36:04.000Z,0,8
2019-06-24T14:36:05.446Z,4,8
2019-06-24T14:38:07.000Z,0,8
2019-06-24T14:38:08.597Z,5,8
2019-06-24T14:38:08.000Z,0,8
2019-06-24T14:38:09.605Z,1,9
2019-06-24T14:39:52.000Z,0,9
2019-06-24T14:39:53.930Z,2,9
2019-06-24T14:40:43.000Z,0,9
2019-06-24T14:40:44.269Z,3,9
2019-06-24T14:41:51.000Z,0,9
2019-06-24T14:41:52.995Z,4,9
2019-06-24T14:44:40.000Z,0,9
2019-06-24T14:44:41.974Z,5,9
2019-06-24T14:44:41.000Z,0,9
2019-06-24T14:45:12.983Z,1,1
2019-06-24T14:46:15.000Z,0,1
2019-06-24T14:46:16.441Z,2,1
2019-06-24T14:47:33.000Z,0,1
2019-06-24T14:47:34.123Z,3,1
2019-06-24T14:47:49.000Z,0,1
2019-06-24T14:47:50.715Z,4,1
2019-06-24T14:49:56.000Z,0,1
2019-06-24T14:49:57.201Z,5,1
2019-06-24T14:50:03.000Z,0,1
2019-06-24T14:50:04.449Z,1,2
2019-06-24T14:51:06.000Z,0,2
2019-06-24T14:51:07.751Z,2,2
2019-06-24T14:52:06.000Z,0,2
2019-06-24T14:52:07.319Z,3,2
2019-06-24T14:52:55.000Z,0,2
2019-06-24T14:52:56.886Z,4,2
2019-06-24T14:55:31.000Z,0,2
2019-06-24T14:55:32.853Z,5,2
2019-06-24T14:55:32.000Z,0,2
2019-06-24T14:55:33.862Z,1,3
2019-06-24T14:57:02.000Z,0,3
2019-06-24T14:57:03.068Z,2,3
2019-06-24T14:57:10.000Z,0,3
2019-06-24T14:57:11.665Z,3,3
2019-06-24T14:57:17.000Z,0,3
2019-06-24T14:57:18.790Z,4,3
2019-06-24T14:58:32.000Z,0,3
2019-06-24T14:58:33.638Z,5,3
2019-06-24T14:58:33.000Z,0,3
2019-06-24T14:58:34.825Z,1,4
2019-06-24T15:02:16.000Z,0,4
2019-06-24T15:02:17.566Z,2,4
2019-06-24T15:02:53.000Z,0,4
2019-06-24T15:02:54.137Z,3,4
2019-06-24T15:03:48.000Z,0,4
2019-06-24T15:03:49.294Z,4,4
2019-06-24T15:06:37.000Z,0,4
2019-06-24T15:06:38.604Z,5,4
2019-06-24T15:06:41.000Z,0,4
2019-06-24T15:06:42.165Z,1,5
2019-06-24T15:08:49.000Z,0,5
2019-06-24T15:08:50.867Z,2,5
2019-06-24T15:10:21.000Z,0,5
2019-06-24T15:10:22.648Z,3,5
2019-06-24T15:10:30.000Z,0,5
2019-06-24T15:10:31.331Z,4,5
2019-06-24T15:13:16.000Z,0,5
2019-06-24T15:13:17.055Z,5,5
2019-06-24T15:13:17.000Z,0,5
2019-06-24T15:13:18.120Z,1,6
2019-06-24T15:19:42.000Z,0,6
2019-06-24T15:19:43.941Z,2,6
2019-06-24T15:21:28.000Z,0,6
2019-06-24T15:21:29.605Z,3,6
2019-06-24T15:22:48.000Z,0,6
2019-06-24T15:22:49.750Z,4,6
2019-06-24T15:25:21.000Z,0,6
2019-06-24T15:25:22.474Z,5,6
2019-06-24T15:25:22.000Z,0,6
2019-06-24T15:25:23.483Z,1,7
2019-06-24T15:33:09.000Z,0,7
2019-06-24T15:33:10.006Z,2,7
2019-06-24T15:33:24.000Z,0,7
2019-06-24T15:33:25.818Z,3,7
2019-06-24T15:35:22.000Z,0,7
2019-06-24T15:35:23.870Z,4,7
2019-06-24T15:38:46.000Z,0,7
2019-06-24T15:38:47.610Z,5,7
2019-06-24T15:38:50.000Z,0,7
2019-06-24T15:38:51.492Z,1,8
2019-06-24T15:44:25.000Z,0,8
2019-06-24T15:44:26.432Z,2,8
2019-06-24T15:45:12.000Z,0,8
2019-06-24T15:45:13.730Z,3,8
2019-06-24T15:45:52.000Z,0,8
2019-06-24T15:45:53.188Z,4,8
2019-06-24T15:48:08.000Z,0,8
2019-06-24T15:48:09.546Z,5,8
2019-06-24T15:48:09.000Z,0,8
2019-06-24T15:48:10.560Z,1,9
2019-06-24T15:49:36.000Z,0,9
2019-06-24T15:49:37.269Z,2,9
2019-06-24T15:50:19.000Z,0,9
2019-06-24T15:50:20.811Z,3,9
2019-06-24T15:51:16.000Z,0,9
2019-06-24T15:51:17.072Z,4,9
2019-06-24T15:54:13.000Z,0,9
2019-06-24T15:54:14.136Z,5,9
2019-06-24T15:54:14.000Z,0,9
2019-06-24T15:54:45.145Z,1,1
2019-06-24T15:55:43.000Z,0,1
2019-06-24T15:55:44.164Z,2,1
2019-06-24T15:55:44.000Z,0,1
2019-06-24T15:55:45.485Z,3,1
2019-06-24T15:55:47.000Z,0,1
2019-06-24T15:55:48.680Z,4,1
2019-06-24T15:56:48.000Z,0,1
2019-06-24T15:56:49.905Z,5,1
2019-06-24T15:56:52.000Z,0,1
2019-06-24T15:56:53.628Z,1,2
2019-06-24T15:57:31.000Z,0,2
2019-06-24T15:57:32.169Z,2,2
2019-06-24T15:58:34.000Z,0,2
2019-06-24T15:58:35.038Z,3,2
2019-06-24T15:59:11.000Z,0,2
2019-06-24T15:59:12.070Z,4,2
2019-06-24T16:02:01.000Z,0,2
2019-06-24T16:02:02.801Z,5,2
2019-06-24T16:02:03.000Z,0,2
2019-06-24T16:02:04.152Z,1,3
2019-06-24T16:03:10.000Z,0,3
2019-06-24T16:03:11.007Z,2,3
2019-06-24T16:03:37.000Z,0,3
2019-06-24T16:03:38.266Z,3,3
2019-06-24T16:05:35.000Z,0,3
2019-06-24T16:05:36.927Z,4,3
2019-06-24T16:07:46.000Z,0,3
2019-06-24T16:07:47.006Z,5,3
2019-06-24T16:07:51.000Z,0,3
2019-06-24T16:07:52.228Z,1,4
2019-06-24T16:10:13.000Z,0,4
2019-06-24T16:10:14.278Z,2,4
2019-06-24T16:11:15.000Z,0,4
2019-06-24T16:11:16.209Z,3,4
2019-06-24T16:12:25.000Z,0,4
2019-06-24T16:12:26.660Z,4,4
2019-06-24T16:16:19.000Z,0,4
2019-06-24T16:16:20.568Z,5,4
2019-06-24T16:16:22.000Z,0,4
2019-06-24T16:16:23.125Z,1,5
2019-06-24T16:17:28.000Z,0,5
2019-06-24T16:17:29.422Z,2,5
2019-06-24T16:18:37.000Z,0,5
2019-06-24T16:18:38.069Z,3,5
2019-06-24T16:19:30.000Z,0,5
2019-06-24T16:19:31.719Z,4,5
2019-06-24T16:24:31.000Z,0,5
2019-06-24T16:24:32.452Z,5,5
2019-06-24T16:24:32.000Z,0,5
2019-06-24T16:24:33.634Z,1,6
2019-06-24T16:30:41.000Z,0,6
2019-06-24T16:30:42.912Z,2,6
2019-06-24T16:31:47.000Z,0,6
2019-06-24T16:31:48.643Z,3,6
2019-06-24T16:32:33.000Z,0,6
2019-06-24T16:32:34.068Z,4,6
2019-06-24T16:35:53.000Z,0,6
2019-06-24T16:35:54.827Z,5,6
2019-06-24T16:35:54.000Z,0,6
2019-06-24T16:35:55.854Z,1,7
2019-06-24T16:43:27.000Z,0,7
2019-06-24T16:43:28.898Z,2,7
2019-06-24T16:43:30.000Z,0,7
2019-06-24T16:43:31.666Z,3,7
2019-06-24T16:43:37.000Z,0,7
2019-06-24T16:43:38.008Z,4,7
2019-06-24T16:47:00.000Z,0,7
2019-06-24T16:47:01.560Z,5,7
2019-06-24T16:47:01.000Z,0,7
2019-06-24T16:47:02.569Z,1,8
2019-06-24T16:53:13.000Z,0,8
2019-06-24T16:53:14.824Z,2,8
2019-06-24T16:54:11.000Z,0,8
2019-06-24T16:54:12.952Z,3,8
2019-06-24T16:55:34.000Z,0,8
2019-06-24T16:55:35.905Z,4,8
2019-06-24T16:58:03.000Z,0,8
2019-06-24T16:58:04.622Z,5,8
2019-06-24T16:58:04.000Z,0,8
2019-06-24T16:58:05.630Z,1,9
2019-06-24T16:59:15.000Z,0,9
2019-06-24T16:59:16.233Z,2,9
2019-06-24T16:59:56.000Z,0,9
2019-06-24T16:59:57.945Z,3,9
2019-06-24T17:01:10.000Z,0,9
2019-06-24T17:01:11.077Z,4,9
2019-06-24T17:03:54.000Z,0,9
2019-06-24T17:03:55.990Z,5,9
2019-06-24T17:03:57.000Z,0,9
2019-06-24T17:04:28.457Z,1,1
2019-06-24T17:05:38.000Z,0,1
2019-06-24T17:05:39.532Z,2,1
2019-06-24T17:05:41.000Z,0,1
2019-06-24T17:05:42.188Z,3,1
2019-06-24T17:05:45.000Z,0,1
2019-06-24T17:05:46.862Z,4,1
2019-06-24T17:06:44.000Z,0,1
2019-06-24T17:06:45.921Z,5,1
2019-06-24T17:06:52.000Z,0,1
2019-06-24T17:06:53.084Z,1,2
2019-06-24T17:07:30.000Z,0,2
2019-06-24T17:07:32.932Z,2,2
2019-06-24T17:08:54.000Z,0,2
2019-06-24T17:08:55.890Z,3,2
2019-06-24T17:09:47.000Z,0,2
2019-06-24T17:09:48.197Z,4,2
2019-06-24T17:12:55.000Z,0,2
2019-06-24T17:12:56.753Z,5,2
2019-06-24T17:12:59.000Z,0,2
2019-06-24T17:13:00.594Z,1,3
2019-06-24T17:14:32.000Z,0,3
2019-06-24T17:14:33.354Z,2,3
2019-06-24T17:15:26.000Z,0,3
2019-06-24T17:15:27.935Z,3,3
2019-06-24T17:16:31.000Z,0,3
2019-06-24T17:16:32.826Z,4,3
2019-06-24T17:18:53.000Z,0,3
2019-06-24T17:18:54.774Z,5,3
2019-06-24T17:18:54.000Z,0,3
2019-06-24T17:18:55.783Z,1,4
2019-06-24T17:21:16.000Z,0,4
2019-06-24T17:21:17.831Z,2,4
2019-06-24T17:22:50.000Z,0,4
2019-06-24T17:22:51.327Z,3,4
2019-06-24T17:24:03.000Z,0,4
2019-06-24T17:24:04.868Z,4,4
2019-06-24T17:26:34.000Z,0,4
2019-06-24T17:26:35.848Z,5,4
2019-06-24T17:26:41.000Z,0,4
2019-06-24T17:26:42.275Z,1,5
2019-06-24T17:28:42.000Z,0,5
2019-06-24T17:28:43.796Z,2,5
2019-06-24T17:30:28.000Z,0,5
2019-06-24T17:30:29.358Z,3,5
2019-06-24T17:30:51.000Z,0,5
2019-06-24T17:30:52.119Z,4,5
2019-06-24T17:33:47.000Z,0,5
2019-06-24T17:33:48.302Z,5,5
2019-06-24T17:33:48.000Z,0,5
2019-06-24T17:33:49.311Z,1,6
2019-06-24T17:40:10.000Z,0,6
2019-06-24T17:40:11.914Z,2,6
2019-06-24T17:40:58.000Z,0,6
2019-06-24T17:40:59.778Z,3,6
2019-06-24T17:41:52.000Z,0,6
2019-06-24T17:41:53.897Z,4,6
2019-06-24T17:47:43.000Z,0,6
2019-06-24T17:47:44.084Z,5,6
2019-06-24T17:47:44.000Z,0,6
2019-06-24T17:47:45.097Z,1,7
2019-06-24T17:55:22.000Z,0,7
2019-06-24T17:55:23.071Z,2,7
2019-06-24T17:56:34.000Z,0,7
2019-06-24T17:56:35.281Z,3,7
2019-06-24T17:57:43.000Z,0,7
2019-06-24T17:57:44.089Z,4,7
2019-06-24T18:00:51.000Z,0,7
2019-06-24T18:00:52.341Z,5,7
2019-06-24T18:00:52.000Z,0,7
2019-06-24T18:00:53.350Z,1,8
2019-06-24T18:06:53.000Z,0,8
2019-06-24T18:06:54.479Z,2,8
2019-06-24T18:08:33.000Z,0,8
2019-06-24T18:08:34.570Z,3,8
2019-06-24T18:09:22.000Z,0,8
2019-06-24T18:09:23.360Z,4,8
2019-06-24T18:11:43.000Z,0,8
2019-06-24T18:11:44.813Z,5,8
2019-06-24T18:11:45.000Z,0,8
2019-06-24T18:11:46.973Z,1,9
2019-06-24T18:13:28.000Z,0,9
2019-06-24T18:13:29.236Z,2,9
2019-06-24T18:14:39.000Z,0,9
2019-06-24T18:14:40.311Z,3,9
2019-06-24T18:15:47.000Z,0,9
2019-06-24T18:15:48.903Z,4,9
2019-06-24T18:18:01.000Z,0,9
2019-06-24T18:18:02.906Z,5,9
2019-06-24T18:18:04.000Z,0,9
2019-06-24T18:18:35.050Z,1,1
2019-06-24T18:20:14.000Z,0,1
2019-06-24T18:20:15.310Z,2,1
2019-06-24T18:21:05.000Z,0,1
2019-06-24T18:21:06.415Z,3,1
2019-06-24T18:22:01.000Z,0,1
2019-06-24T18:22:02.089Z,4,1
2019-06-24T18:24:01.000Z,0,1
2019-06-24T18:24:02.502Z,5,1
2019-06-24T18:24:07.000Z,0,1
2019-06-24T18:24:08.341Z,1,2
2019-06-24T18:24:46.000Z,0,2
2019-06-24T18:24:47.990Z,2,2
2019-06-24T18:25:41.000Z,0,2
2019-06-24T18:25:42.344Z,3,2
2019-06-24T18:26:20.000Z,0,2
2019-06-24T18:26:21.022Z,4,2
2019-06-24T18:28:19.000Z,0,2
2019-06-24T18:28:20.726Z,5,2
2019-06-24T18:28:34.000Z,0,2
2019-06-24T18:28:35.445Z,1,3
2019-06-24T18:30:06.000Z,0,3
2019-06-24T18:30:07.353Z,2,3
2019-06-24T18:30:46.000Z,0,3
2019-06-24T18:30:47.116Z,3,3
2019-06-24T18:32:07.000Z,0,3
2019-06-24T18:32:08.739Z,4,3
2019-06-24T18:34:44.000Z,0,3
2019-06-24T18:34:45.297Z,5,3
2019-06-24T18:34:57.000Z,0,3
2019-06-24T18:34:58.853Z,1,4
2019-06-24T18:36:58.000Z,0,4
2019-06-24T18:36:59.899Z,2,4
2019-06-24T18:37:09.000Z,0,4
2019-06-24T18:37:10.956Z,3,4
2019-06-24T18:37:40.000Z,0,4
2019-06-24T18:37:41.118Z,4,4
2019-06-24T18:39:49.000Z,0,4
2019-06-24T18:39:50.537Z,5,4
2019-06-24T18:39:59.000Z,0,4
2019-06-24T18:40:00.815Z,1,5
2019-06-24T18:40:47.000Z,0,5
2019-06-24T18:40:48.680Z,2,5
2019-06-24T18:42:42.000Z,0,5
2019-06-24T18:42:43.464Z,3,5
2019-06-24T18:42:53.000Z,0,5
2019-06-24T18:42:54.364Z,4,5
2019-06-24T18:45:10.000Z,0,5
2019-06-24T18:45:11.738Z,5,5
2019-06-24T18:45:14.000Z,0,5
2019-06-24T18:45:15.280Z,1,6
2019-06-24T18:52:18.000Z,0,6
2019-06-24T18:52:19.607Z,2,6
2019-06-24T18:53:20.000Z,0,6
2019-06-24T18:53:21.875Z,3,6
2019-06-24T18:54:14.000Z,0,6
2019-06-24T18:54:15.235Z,4,6
2019-06-24T18:56:23.000Z,0,6
2019-06-24T18:56:24.906Z,5,6
2019-06-24T18:56:35.000Z,0,6
2019-06-24T18:56:36.480Z,1,7
2019-06-24T19:04:34.000Z,0,7
2019-06-24T19:04:35.662Z,2,7
2019-06-24T19:04:35.000Z,0,7
2019-06-24T19:04:36.954Z,3,7
2019-06-24T19:04:43.000Z,0,7
2019-06-24T19:04:44.749Z,4,7
2019-06-24T19:07:39.000Z,0,7
2019-06-24T19:07:40.363Z,5,7
2019-06-24T19:07:40.000Z,0,7
2019-06-24T19:07:41.377Z,1,8
2019-06-24T19:15:27.000Z,0,8
2019-06-24T19:15:28.997Z,2,8
2019-06-24T19:15:40.000Z,0,8
2019-06-24T19:15:41.943Z,3,8
2019-06-24T19:16:18.000Z,0,8
2019-06-24T19:16:19.027Z,4,8
2019-06-24T19:18:09.000Z,0,8
2019-06-24T19:18:10.574Z,5,8
2019-06-24T19:18:10.000Z,0,8
2019-06-24T19:18:11.582Z,1,9
2019-06-24T19:19:42.000Z,0,9
2019-06-24T19:19:43.774Z,2,9
2019-06-24T19:20:43.000Z,0,9
2019-06-24T19:20:44.928Z,3,9
2019-06-24T19:22:14.000Z,0,9
2019-06-24T19:22:15.144Z,4,9
2019-06-24T19:24:38.000Z,0,9
2019-06-24T19:24:39.127Z,5,9
2019-06-24T19:24:39.000Z,0,9
2019-06-24T19:25:10.452Z,1,1
2019-06-24T19:26:18.000Z,0,1
2019-06-24T19:26:19.779Z,2,1
2019-06-24T19:26:23.000Z,0,1
2019-06-24T19:26:24.118Z,3,1
2019-06-24T19:26:28.000Z,0,1
2019-06-24T19:26:29.407Z,4,1
2019-06-24T19:28:03.000Z,0,1
2019-06-24T19:28:04.479Z,5,1
2019-06-24T19:28:18.000Z,0,1
2019-06-24T19:28:19.015Z,1,2
2019-06-24T19:29:10.000Z,0,2
2019-06-24T19:29:11.372Z,2,2
2019-06-24T19:30:08.000Z,0,2
2019-06-24T19:30:09.677Z,3,2
2019-06-24T19:31:25.000Z,0,2
2019-06-24T19:31:26.146Z,4,2
2019-06-24T19:35:18.000Z,0,2
2019-06-24T19:35:19.717Z,5,2
2019-06-24T19:35:19.000Z,0,2
2019-06-24T19:35:20.726Z,1,3
2019-06-24T19:37:10.000Z,0,3
2019-06-24T19:37:11.146Z,2,3
2019-06-24T19:37:19.000Z,0,3
2019-06-24T19:37:20.894Z,3,3
2019-06-24T19:37:25.000Z,0,3
2019-06-24T19:37:26.623Z,4,3
2019-06-24T19:39:47.000Z,0,3
2019-06-24T19:39:48.592Z,5,3
2019-06-24T19:39:48.000Z,0,3
2019-06-24T19:39:49.601Z,1,4
2019-06-24T19:41:50.000Z,0,4
2019-06-24T19:41:51.465Z,2,4
2019-06-24T19:42:43.000Z,0,4
2019-06-24T19:42:44.564Z,3,4
2019-06-24T19:42:48.000Z,0,4
2019-06-24T19:42:49.909Z,4,4
2019-06-24T19:45:37.000Z,0,4
2019-06-24T19:45:38.934Z,5,4
2019-06-24T19:45:38.000Z,0,4
2019-06-24T19:45:39.943Z,1,5
2019-06-24T19:47:14.000Z,0,5
2019-06-24T19:47:15.878Z,2,5
2019-06-24T19:48:56.000Z,0,5
2019-06-24T19:48:57.503Z,3,5
2019-06-24T19:49:25.000Z,0,5
2019-06-24T19:49:26.416Z,4,5
2019-06-24T19:51:47.000Z,0,5
2019-06-24T19:51:48.000Z,5,5
2019-06-24T19:51:51.000Z,0,5
2019-06-24T19:51:52.498Z,1,6
2019-06-24T19:57:57.000Z,0,6
2019-06-24T19:57:58.049Z,2,6
2019-06-24T20:00:12.000Z,0,6
2019-06-24T20:00:13.550Z,3,6
2019-06-24T20:01:51.000Z,0,6
2019-06-24T20:01:52.574Z,4,6
2019-06-24T20:04:16.000Z,0,6
2019-06-24T20:04:25.403Z,5,6
2019-06-24T20:04:31.000Z,0,6
2019-06-24T20:04:32.044Z,1,7
2019-06-24T20:10:35.000Z,0,7
2019-06-24T20:10:36.928Z,2,7
2019-06-24T20:11:58.000Z,0,7
2019-06-24T20:11:59.220Z,3,7
2019-06-24T20:16:15.000Z,0,7
2019-06-24T20:16:16.314Z,4,7
2019-06-24T20:19:18.000Z,0,7
2019-06-24T20:19:19.144Z,5,7
2019-06-24T20:19:19.000Z,0,7
2019-06-24T20:19:20.152Z,1,8
2019-06-24T20:25:03.000Z,0,8
2019-06-24T20:25:04.484Z,2,8
2019-06-24T20:25:09.000Z,0,8
2019-06-24T20:25:10.872Z,3,8
2019-06-24T20:25:45.000Z,0,8
2019-06-24T20:25:46.547Z,4,8
2019-06-24T20:27:40.000Z,0,8
2019-06-24T20:27:41.330Z,5,8
2019-06-24T20:27:41.000Z,0,8
2019-06-24T20:27:42.339Z,1,9
2019-06-24T20:29:44.000Z,0,9
2019-06-24T20:29:45.533Z,2,9
2019-06-24T20:30:33.000Z,0,9
2019-06-24T20:30:35.000Z,3,9
2019-06-24T20:30:42.000Z,0,9
2019-06-24T20:30:43.824Z,4,9
2019-06-24T20:33:13.000Z,0,9
2019-06-24T20:33:14.616Z,5,9
2019-06-24T20:33:14.000Z,0,9
2019-06-24T20:33:45.629Z,1,1
2019-06-24T20:35:01.000Z,0,1
2019-06-24T20:35:02.206Z,2,1
2019-06-24T20:36:23.000Z,0,1
2019-06-24T20:36:24.162Z,3,1
2019-06-24T20:37:50.000Z,0,1
2019-06-24T20:37:51.191Z,4,1
2019-06-24T20:41:12.000Z,0,1
2019-06-24T20:41:13.567Z,5,1
2019-06-24T20:41:17.000Z,0,1
2019-06-24T20:41:18.871Z,1,2
2019-06-24T20:43:21.000Z,0,2
2019-06-24T20:43:22.742Z,2,2
2019-06-24T20:45:15.000Z,0,2
2019-06-24T20:45:16.232Z,3,2
2019-06-24T20:46:09.000Z,0,2
2019-06-24T20:46:10.865Z,4,2
2019-06-24T20:48:48.000Z,0,2
2019-06-24T20:48:49.933Z,5,2
2019-06-24T20:48:49.000Z,0,2
2019-06-24T20:48:50.942Z,1,3
2019-06-24T20:50:05.000Z,0,3
2019-06-24T20:50:06.212Z,2,3
2019-06-24T20:51:11.000Z,0,3
2019-06-24T20:51:12.516Z,3,3
2019-06-24T20:52:26.000Z,0,3
2019-06-24T20:52:27.342Z,4,3
2019-06-24T20:54:42.000Z,0,3
2019-06-24T20:54:43.539Z,5,3
2019-06-24T20:55:15.000Z,0,3
2019-06-24T20:55:16.621Z,1,4
2019-06-24T20:57:28.000Z,0,4
2019-06-24T20:57:29.508Z,2,4
2019-06-24T20:58:41.000Z,0,4
2019-06-24T20:58:42.148Z,3,4
2019-06-24T21:00:03.000Z,0,4
2019-06-24T21:00:04.853Z,4,4
2019-06-24T21:02:41.000Z,0,4
2019-06-24T21:02:42.547Z,5,4
2019-06-24T21:02:42.000Z,0,4
2019-06-24T21:02:43.556Z,1,5
2019-06-24T21:04:05.000Z,0,5
2019-06-24T21:04:06.425Z,2,5
2019-06-24T21:05:41.000Z,0,5
2019-06-24T21:05:42.439Z,3,5
2019-06-24T21:06:33.000Z,0,5
2019-06-24T21:06:34.515Z,4,5
2019-06-24T21:09:42.000Z,0,5
2019-06-24T21:09:43.503Z,5,5
2019-06-24T21:09:43.000Z,0,5
2019-06-24T21:09:44.511Z,1,6
2019-06-24T21:16:05.000Z,0,6
2019-06-24T21:16:06.920Z,2,6
2019-06-24T21:16:52.000Z,0,6
2019-06-24T21:16:53.166Z,3,6
2019-06-24T21:17:46.000Z,0,6
2019-06-24T21:17:47.576Z,4,6
2019-06-24T21:23:08.000Z,0,6
2019-06-24T21:23:09.824Z,5,6
2019-06-24T21:23:11.000Z,0,6
2019-06-24T21:23:12.984Z,1,7
2019-06-24T21:30:09.000Z,0,7
2019-06-24T21:30:10.737Z,2,7
2019-06-24T21:31:08.000Z,0,7
2019-06-24T21:31:09.576Z,3,7
2019-06-24T21:31:57.000Z,0,7
2019-06-24T21:31:58.627Z,4,7
2019-06-24T21:34:40.000Z,0,7
2019-06-24T21:34:41.003Z,5,7
2019-06-24T21:34:45.000Z,0,7
2019-06-24T21:34:46.677Z,1,8
2019-06-24T21:40:19.000Z,0,8
2019-06-24T21:40:20.487Z,2,8
2019-06-24T21:40:46.000Z,0,8
2019-06-24T21:40:47.137Z,3,8
2019-06-24T21:41:50.000Z,0,8
2019-06-24T21:41:51.077Z,4,8
2019-06-24T21:44:18.000Z,0,8
2019-06-24T21:44:19.534Z,5,8
2019-06-24T21:44:19.000Z,0,8
2019-06-24T21:44:20.550Z,1,9
2019-06-24T21:45:36.000Z,0,9
2019-06-24T21:45:37.805Z,2,9
2019-06-24T21:46:39.000Z,0,9
2019-06-24T21:46:40.530Z,3,9
2019-06-24T21:47:52.000Z,0,9
2019-06-24T21:47:53.935Z,4,9
2019-06-24T21:50:48.000Z,0,9
2019-06-24T21:50:49.397Z,5,9
2019-06-24T21:50:53.000Z,0,9
2019-06-24T21:51:24.570Z,1,1
2019-06-24T21:52:14.000Z,0,1
2019-06-24T21:52:15.266Z,2,1
2019-06-24T21:53:23.000Z,0,1
2019-06-24T21:53:24.083Z,3,1
2019-06-24T21:54:08.000Z,0,1
2019-06-24T21:54:09.470Z,4,1
2019-06-24T21:56:09.000Z,0,1
2019-06-24T21:56:10.025Z,5,1
2019-06-24T21:56:10.000Z,0,1
2019-06-24T21:56:11.035Z,1,2
2019-06-24T21:57:26.000Z,0,2
2019-06-24T21:57:27.191Z,2,2
2019-06-24T21:58:37.000Z,0,2
2019-06-24T21:58:38.250Z,3,2
2019-06-24T21:59:19.000Z,0,2
2019-06-24T21:59:20.400Z,4,2
2019-06-24T22:01:32.000Z,0,2
2019-06-24T22:01:33.317Z,5,2
2019-06-24T22:01:40.000Z,0,2
2019-06-24T22:01:41.693Z,1,3
2019-06-24T22:03:03.000Z,0,3
2019-06-24T22:03:04.180Z,2,3
2019-06-24T22:03:06.000Z,0,3
2019-06-24T22:03:07.431Z,3,3
2019-06-24T22:03:21.000Z,0,3
2019-06-24T22:03:22.055Z,4,3
2019-06-24T22:05:04.000Z,0,3
2019-06-24T22:05:05.872Z,5,3
2019-06-24T22:05:05.000Z,0,3
2019-06-24T22:05:06.882Z,1,4
2019-06-24T22:06:03.000Z,0,4
2019-06-24T22:06:04.166Z,2,4
2019-06-24T22:07:18.000Z,0,4
2019-06-24T22:07:19.873Z,3,4
2019-06-24T22:08:35.000Z,0,4
2019-06-24T22:08:36.405Z,4,4
2019-06-24T22:10:23.000Z,0,4
2019-06-24T22:10:24.292Z,5,4
2019-06-24T22:10:24.000Z,0,4
2019-06-24T22:10:25.302Z,1,5
2019-06-24T22:11:44.000Z,0,5
2019-06-24T22:11:45.842Z,2,5
2019-06-24T22:14:06.000Z,0,5
2019-06-24T22:14:07.504Z,3,5
2019-06-24T22:16:13.000Z,0,5
2019-06-24T22:16:14.203Z,4,5
2019-06-24T22:18:27.000Z,0,5
2019-06-24T22:18:28.692Z,5,5
2019-06-24T22:18:28.000Z,0,5
2019-06-24T22:18:29.703Z,1,6
2019-06-24T22:24:47.000Z,0,6
2019-06-24T22:24:48.601Z,2,6
2019-06-24T22:25:21.000Z,0,6
2019-06-24T22:25:22.611Z,3,6
2019-06-24T22:27:48.000Z,0,6
2019-06-24T22:27:49.227Z,4,6
2019-06-24T22:29:47.000Z,0,6
2019-06-24T22:29:48.957Z,5,6
2019-06-24T22:30:01.000Z,0,6
2019-06-24T22:30:02.085Z,1,7
2019-06-24T22:36:26.000Z,0,7
2019-06-24T22:36:27.506Z,2,7
2019-06-24T22:37:56.000Z,0,7
2019-06-24T22:37:57.786Z,3,7
2019-06-24T22:39:32.000Z,0,7
2019-06-24T22:39:33.697Z,4,7
2019-06-24T22:42:02.000Z,0,7
2019-06-24T22:42:03.239Z,5,7
2019-06-24T22:42:15.000Z,0,7
2019-06-24T22:42:16.495Z,1,8
2019-06-24T22:48:08.000Z,0,8
2019-06-24T22:48:09.808Z,2,8
2019-06-24T22:48:45.000Z,0,8
2019-06-24T22:48:46.29