,time_since_last_recording_server_3_tactic_1,latency_server_3_tactic_1,cost_server_3_tactic_1,reliability_server_3_tactic_1,time_since_last_ping_server_3_tactic_1,ping_time_server_3_tactic_1,day1_server_3_tactic_1,day2_server_3_tactic_1,day3_server_3_tactic_1,day4_server_3_tactic_1,day5_server_3_tactic_1,day6_server_3_tactic_1,day7_server_3_tactic_1,predicted_Latency 2,predicted_Cost 2,predicted_Reliability 2
0,0.0028768314711982,0.0456386341533246,0.060546875,1,0.0077477232567622,0.0394652472177571,0.0,0.0,0.0,0.0,1.0,0.0,0.0,0.048068654,0.06046655,1.0
1,0.0016056733792734,0.0490844200765312,0.078125,1,0.0008155498165012,0.03985612269098,0.0,0.0,0.0,0.0,1.0,0.0,0.0,0.069936834,0.056244947,1.0
2,0.0033451528734863,0.078082346108981,0.0566406249999999,1,0.0002718499388337,0.0398385552539812,0.0,0.0,0.0,0.0,1.0,0.0,0.0,0.05300298,0.059435412,1.0
3,0.0031444437010771,0.049675133733175,0.068359375,1,0.009106972950931,0.0401503772607095,0.0,0.0,0.0,0.0,1.0,0.0,0.0,0.060373005,0.05812589,1.0
4,0.001204255034455,0.067158391893057,0.072265625,1,0.001087399755335,0.0401547691199592,0.0,0.0,0.0,0.0,1.0,0.0,0.0,0.06004778,0.058094323,1.0
5,0.0068910149193818,0.06026301356916,0.05859375,1,0.004009786597798,0.0401196342459616,0.0,0.0,0.0,0.0,1.0,0.0,0.0,0.068734206,0.05640974,1.0
6,0.0024085100689101,0.0736746572369378,0.0566406249999999,1,0.0019029495718363,0.0396057867137474,0.0,0.0,0.0,0.0,1.0,0.0,0.0,0.07130042,0.055930443,1.0
7,0.0020739947815615,0.0777263764280843,0.0625,1,0.0038058991436726,0.0397024076172406,0.0,0.0,0.0,0.0,1.0,0.0,0.0,0.064732105,0.057166375,1.0
8,0.0022078008965009,0.0658660665429833,0.05859375,1,0.0007475873317928,0.040128417964461,0.0,0.0,0.0,0.0,1.0,0.0,0.0,0.038900338,0.062228516,1.0
9,0.0002676122298789,0.0330192500914767,0.0839843749999999,1,0.0044855239907571,0.0399790947499714,0.0,0.0,0.0,0.0,1.0,0.0,0.0,0.0700469,0.056236267,1.0
10,0.0042148926205927,0.0800458229344291,0.0546874999999999,1,0.0015631371482941,0.0397770692244855,0.0,0.0,0.0,0.0,1.0,0.0,0.0,0.04876354,0.06031421,1.0
11,0.0013380611493945,0.0460964591249939,0.0800781249999999,1,0.0065243985320103,0.0398297715354818,0.0,0.0,0.0,0.0,1.0,0.0,0.0,0.10103668,0.05035861,1.0
12,0.0002676122298789,0.1246612683817458,0.05078125,1,0.0008155498165012,0.0396101785729971,0.0,0.0,0.0,0.0,1.0,0.0,0.0,0.05307597,0.059335098,1.0
13,0.0058205659998661,0.0422196216448302,0.0644531249999999,1,0.0043495990213402,0.040128417964461,0.0,0.0,0.0,0.0,1.0,0.0,0.0,0.041858077,0.061677106,1.0
14,0.003412055930956,0.0394634758019192,0.078125,1,0.0045534864754655,0.0399790947499714,0.0,0.0,0.0,0.0,1.0,0.0,0.0,0.05331883,0.059481993,1.0
15,0.0010035458620458,0.0563633834141127,0.068359375,1,0.013728421911105,0.0401635528384586,0.0,0.0,0.0,0.0,1.0,0.0,0.0,0.061668802,0.05772218,1.0
16,0.0001338061149394,0.061583938939247,0.05078125,1,0.0004077749082506,0.0401679446977083,0.0,0.0,0.0,0.0,1.0,0.0,0.0,0.06861839,0.056381635,1.0
17,0.002676122298789,0.0735095342172648,0.05859375,1,0.0012912872094603,0.0398341633947315,0.0,0.0,0.0,0.0,1.0,0.0,0.0,0.048363186,0.060349457,1.0
18,0.0045494079079413,0.0440153699136183,0.072265625,1,0.00740791083322,0.0396936238987412,0.0,0.0,0.0,0.0,1.0,0.0,0.0,0.10034469,0.050418153,1.0
19,0.0076269485515488,0.1210577960319427,0.04296875,1,0.0036699741742558,0.039597002995248,0.0,0.0,0.0,0.0,1.0,0.0,0.0,0.050659098,0.059808902,1.0
20,0.0030775406436074,0.0389350598837746,0.06640625,1,0.0022427619953785,0.0401020668089629,0.0,0.0,0.0,0.0,1.0,0.0,0.0,0.2521921,0.022307282,1.0
21,0.0066234026895029,0.3256843466516172,0.02734375,1,0.0014951746635857,0.0401415935422101,0.0,0.0,0.0,0.0,1.0,0.0,0.0,0.10379596,0.04952214,1.0
22,0.0064226935170937,0.0904197254073488,0.0546874999999999,1,0.0095827103438901,0.040071323794215,0.0,0.0,0.0,0.0,1.0,0.0,0.0,0.05042764,0.059910595,1.0
23,0.0121763564594902,0.0431547469798619,0.06640625,1,0.0001359249694168,0.0383541068275844,0.0,0.0,0.0,0.0,1.0,0.0,0.0,0.07385221,0.055387504,1.0
24,0.0006690305746972,0.0788730688470024,0.0390625,1,0.0084273481038466,0.039597002995248,0.0,0.0,0.0,0.0,1.0,0.0,0.0,0.07727444,0.05459994,1.0
25,0.0052853415401083,0.0799665041738886,0.0449218749999999,1,0.0108739975533505,0.039553084402751,0.0,0.0,0.0,0.0,1.0,0.0,0.0,0.056562025,0.058666855,1.0
26,0.0006690305746972,0.0520957405804594,0.060546875,1,0.0142041593040641,0.0399395680167242,0.0,0.0,0.0,0.0,1.0,0.0,0.0,0.043587767,0.061291695,1.0
27,0.0001338061149394,0.0402212440608532,0.076171875,1,0.009718635313307,0.0401108505274622,0.0,0.0,0.0,0.0,1.0,0.0,0.0,0.042825673,0.06154357,1.0
28,0.0002007091724091,0.0432260601702724,0.08203125,1,0.0061845861084681,0.0399790947499714,0.0,0.0,0.0,0.0,1.0,0.0,0.0,0.124371335,0.045904458,1.0
29,0.0009366428045761,0.1553922061393031,0.0371093749999999,1,0.0038738616283811,0.0399439598759739,0.0,0.0,0.0,0.0,1.0,0.0,0.0,0.059897024,0.05796005,1.0
30,0.0076938516090185,0.0479073493218642,0.0625,1,0.0023786869647954,0.0395355169657522,0.0,0.0,0.0,0.0,1.0,0.0,0.0,0.057421904,0.058496,1.0
31,0.0040810865056533,0.0536611224275841,0.0449218749999999,1,0.001087399755335,0.0398649064094793,0.0,0.0,0.0,0.0,1.0,0.0,0.0,0.08307698,0.05351755,1.0
32,0.0002676122298789,0.0907716954525,0.0390625,1,0.0047573739295908,0.0394696390770068,0.0,0.0,0.0,0.0,1.0,0.0,0.0,0.047927935,0.06039886,1.0
33,0.006088178229745,0.043078804289809,0.08203125,1,0.0004077749082506,0.0401020668089629,0.0,0.0,0.0,0.0,1.0,0.0,0.0,0.051861994,0.05970525,1.0
34,6.690305746972637e-05,0.0500262828557138,0.0566406249999999,1,0.0023107244800869,0.0395662599805001,0.0,0.0,0.0,0.0,1.0,0.0,0.0,0.053724144,0.05924362,1.0
35,0.0006690305746972,0.0519890269394951,0.060546875,1,0.00740791083322,0.0396892320394916,0.0,0.0,0.0,0.0,1.0,0.0,0.0,0.1260475,0.0455,1.0
36,0.003412055930956,0.1556104350836726,0.0371093749999999,1,0.000475737392959,0.039755109928237,0.0,0.0,0.0,0.0,1.0,0.0,0.0,0.15556134,0.039876815,1.0
37,0.0002007091724091,0.1825943461111309,0.0371093749999999,1,0.0061845861084681,0.0401152423867119,0.0,0.0,0.0,0.0,1.0,0.0,0.0,0.116755754,0.047083206,1.0
38,0.0021408978390312,0.124117502680433,0.0390625,1,0.0033301617507136,0.0396101785729971,0.0,0.0,0.0,0.0,1.0,0.0,0.0,0.12184806,0.046139,1.0
39,0.0037465712183046,0.1376176338275443,0.033203125,1,0.0005436998776675,0.0395047739510044,0.0,0.0,0.0,0.0,1.0,0.0,0.0,0.06481943,0.05698038,1.0
40,0.020271626413327,0.0554103468493986,0.0546874999999999,1,0.0053010738072583,0.0400757156534647,0.0,0.0,0.0,0.0,1.0,0.0,0.0,0.049098544,0.06032002,1.0
41,0.0004014183448183,0.0492225303332112,0.078125,1,0.0012233247247519,0.0400888912312138,0.0,0.0,0.0,0.0,1.0,0.0,0.0,0.118032426,0.04709643,1.0
42,0.0045494079079413,0.1463502789487688,0.041015625,1,0.0048253364142993,0.0401020668089629,0.0,0.0,0.0,0.0,1.0,0.0,0.0,0.067435145,0.056570522,1.0
43,0.0015387703218037,0.0613239836112521,0.0625,1,0.0008155498165012,0.0401547691199592,0.0,0.0,0.0,0.0,1.0,0.0,0.0,0.04352741,0.061311014,1.0
44,0.0076938516090185,0.0390500772304467,0.076171875,1,0.0005436998776675,0.0402118632902052,0.0,0.0,0.0,0.0,1.0,0.0,0.0,0.047508486,0.06059561,1.0
45,0.0013380611493945,0.046794140467707,0.068359375,1,0.0046894114448824,0.0400844993719641,0.0,0.0,0.0,0.0,1.0,0.0,0.0,0.057734486,0.05845967,1.0
46,0.0045494079079413,0.0558619025757471,0.048828125,1,0.0,0.03971119133574,0.0,0.0,0.0,0.0,1.0,0.0,0.0,0.044412863,0.061088815,1.0
47,0.001204255034455,0.0398312659286149,0.0742187499999999,1,0.0003398124235422,0.0399263924389751,0.0,0.0,0.0,0.0,1.0,0.0,0.0,0.08973567,0.05245915,1.0
48,0.0011373519769853,0.1080435838858501,0.05078125,1,0.006320511077885,0.0397726773652358,0.0,0.0,0.0,0.0,1.0,0.0,0.0,0.09570359,0.051207677,1.0
49,0.0016056733792734,0.1069490420980516,0.05078125,1,0.0003398124235422,0.0400625400757156,0.0,0.0,0.0,0.0,1.0,0.0,0.0,0.060879838,0.05783099,1.0
50,0.0044825048504716,0.0552725011355553,0.05859375,1,0.0018349870871279,0.0400449726387168,0.0,0.0,0.0,0.0,1.0,0.0,0.0,0.052172225,0.059550136,1.0
51,0.0094333311032314,0.0482745893674233,0.05859375,1,0.0029223868424629,0.0394696390770068,0.0,0.0,0.0,0.0,1.0,0.0,0.0,0.05658791,0.05880455,1.0
52,0.0006021275172275,0.0594642600664527,0.068359375,1,0.0087671605273888,0.0397243669134891,0.0,0.0,0.0,0.0,1.0,0.0,0.0,0.047169812,0.06061352,1.0
53,0.0119087442296112,0.0444012497314339,0.072265625,1,0.0054369987766752,0.0395399088250019,0.0,0.0,0.0,0.0,1.0,0.0,0.0,0.08284947,0.053832993,1.0
54,0.0024754131263798,0.0985756965381922,0.0566406249999999,1,0.0044175615060486,0.0402030795717058,0.0,0.0,0.0,0.0,1.0,0.0,0.0,0.048231043,0.06042032,1.0
55,0.0004014183448183,0.0435663189460332,0.08203125,1,0.0008155498165012,0.0396409215877449,0.0,0.0,0.0,0.0,1.0,0.0,0.0,0.04256954,0.06157641,1.0
56,0.0008697397471064,0.040840186117811,0.076171875,1,0.0087671605273888,0.039597002995248,0.0,0.0,0.0,0.0,1.0,0.0,0.0,0.042545367,0.061546847,1.0
57,0.0088981066434736,0.0401964001292119,0.0742187499999999,1,0.0,0.0395794355582492,0.0,0.0,0.0,0.0,1.0,0.0,0.0,0.055930156,0.05892878,1.0
58,0.0011373519769853,0.0572124777390089,0.05859375,1,0.0030583118118798,0.0399307842982248,0.0,0.0,0.0,0.0,1.0,0.0,0.0,0.048666272,0.060239375,1.0
59,0.0033451528734863,0.0441273177235661,0.0644531249999999,1,0.0047573739295908,0.0396321378692455,0.0,0.0,0.0,0.0,1.0,0.0,0.0,0.12447095,0.045759767,1.0
60,0.0040141834481835,0.1515307478359561,0.02734375,1,0.0114856599157265,0.0400317970609677,0.0,0.0,0.0,0.0,1.0,0.0,0.0,0.057160135,0.058519952,1.0
61,0.0006021275172275,0.0465534043867538,0.072265625,1,0.001699062117711,0.0397507180689873,0.0,0.0,0.0,0.0,1.0,0.0,0.0,0.09375125,0.051610775,1.0
62,0.0064895965745634,0.1095256977258006,0.0390625,1,0.0038058991436726,0.0400844993719641,0.0,0.0,0.0,0.0,1.0,0.0,0.0,0.15662624,0.039698802,1.0
63,0.011239713654914,0.1891793673980008,0.033203125,1,0.0007475873317928,0.03971119133574,0.0,0.0,0.0,0.0,1.0,0.0,0.0,0.07895124,0.054344483,1.0
64,0.001940188666622,0.0721565445757314,0.05859375,1,0.0003398124235422,0.0399878784684708,0.0,0.0,0.0,0.0,1.0,0.0,0.0,0.09535225,0.05131366,1.0
65,0.0008697397471064,0.1109327590833391,0.048828125,1,0.0059127361696343,0.0396453134469946,0.0,0.0,0.0,0.0,1.0,0.0,0.0,0.056449056,0.058683507,1.0
66,0.0101692647353984,0.0487407852302828,0.0625,1,0.0068642109555525,0.0396453134469946,0.0,0.0,0.0,0.0,1.0,0.0,0.0,0.08073303,0.054115064,1.0
67,0.0022747039539706,0.0911492715646077,0.0468749999999999,1,0.0017670246024194,0.039812204098483,0.0,0.0,0.0,0.0,1.0,0.0,0.0,0.053272642,0.05926664,1.0
68,0.0009366428045761,0.0447906336920627,0.05859375,1,0.0082914231344297,0.0401503772607095,0.0,0.0,0.0,0.0,1.0,0.0,0.0,0.057909776,0.058464646,1.0
69,0.0074262393791396,0.0595730606564622,0.060546875,1,0.0125730596710615,0.0395399088250019,0.0,0.0,0.0,0.0,1.0,0.0,0.0,0.047344264,0.06056519,1.0
70,0.0002007091724091,0.0436275417168149,0.0703125,1,0.0034660867201304,0.0401547691199592,0.0,0.0,0.0,0.0,1.0,0.0,0.0,0.045545727,0.060921945,1.0
71,0.0006021275172275,0.0432419957268647,0.0703125,1,0.0018349870871279,0.039869298268729,0.0,0.0,0.0,0.0,1.0,0.0,0.0,0.042816095,0.0614425,1.0
72,0.0036796681608349,0.0387632876008963,0.0703125,1,0.0006116623623759,0.0399922703277205,0.0,0.0,0.0,0.0,1.0,0.0,0.0,0.05201264,0.05964587,1.0
73,0.003412055930956,0.0514114249496391,0.060546875,1,0.0002718499388337,0.0401547691199592,0.0,0.0,0.0,0.0,1.0,0.0,0.0,0.10975942,0.04855641,1.0
74,0.0003345152873486,0.1317513859257496,0.0371093749999999,1,0.0015631371482941,0.0400449726387168,0.0,0.0,0.0,0.0,1.0,0.0,0.0,0.07249381,0.055573568,1.0
75,0.0074262393791396,0.0703808469743289,0.060546875,1,0.0019029495718363,0.0398253796762321,0.0,0.0,0.0,0.0,1.0,0.0,0.0,0.048238453,0.0603773,1.0
76,0.0042817956780624,0.0430902573150015,0.068359375,1,0.0002718499388337,0.0400493644979665,0.0,0.0,0.0,0.0,1.0,0.0,0.0,0.05254925,0.059457295,1.0
77,0.0095671372181708,0.0479092242167308,0.048828125,1,0.0025146119342123,0.0396189622914964,0.0,0.0,0.0,0.0,1.0,0.0,0.0,0.044702593,0.061019883,1.0
78,0.018331437746705,0.0394800811137886,0.068359375,1,0.0012912872094603,0.0396804483209922,0.0,0.0,0.0,0.0,1.0,0.0,0.0,0.050951008,0.059890985,1.0
79,0.0082290760687763,0.0488756957783664,0.05859375,1,0.0035340492048389,0.0402557818827022,0.0,0.0,0.0,0.0,1.0,0.0,0.0,0.050087,0.060044833,1.0
80,0.0006021275172275,0.0494052328542475,0.0703125,1,0.0059127361696343,0.0396936238987412,0.0,0.0,0.0,0.0,1.0,0.0,0.0,0.04538522,0.06097818,1.0
81,0.0056867598849267,0.0434769517567904,0.0742187499999999,1,0.0023107244800869,0.0399395680167242,0.0,0.0,0.0,0.0,1.0,0.0,0.0,0.051468387,0.059745654,1.0
82,0.0002007091724091,0.0488957317489277,0.0566406249999999,1,0.0092428979203479,0.0403524027861955,0.0,0.0,0.0,0.0,1.0,0.0,0.0,0.04412477,0.061305307,1.0
83,0.0048170201378202,0.0475109402792383,0.095703125,1,0.0093108604050564,0.0399527435944732,0.0,0.0,0.0,0.0,1.0,0.0,0.0,0.041313335,0.06202188,1.0
84,0.0046163109654111,0.0452521517657143,0.095703125,1,0.0002038874541253,0.0402338225864537,0.0,0.0,0.0,0.0,1.0,0.0,0.0,0.04632476,0.060963973,1.0
85,0.0033451528734863,0.0488633567446255,0.0800781249999999,1,0.0031262742965882,0.0401108505274622,0.0,0.0,0.0,0.0,1.0,0.0,0.0,0.042861134,0.061669424,1.0
86,0.0027430253562587,0.0473786730599755,0.09765625,1,0.0030583118118798,0.0394257204845099,0.0,0.0,0.0,0.0,1.0,0.0,0.0,0.045464545,0.061086327,1.0
87,0.0014049642068642,0.045415076560387,0.0742187499999999,1,0.0032621992660051,0.0400757156534647,0.0,0.0,0.0,0.0,1.0,0.0,0.0,0.047805093,0.06048712,1.0
88,0.0003345152873486,0.045723508313436,0.06640625,1,0.0032621992660051,0.0395179495287535,0.0,0.0,0.0,0.0,1.0,0.0,0.0,0.06575316,0.056982905,1.0
89,0.0126446778617782,0.0712424315003013,0.0566406249999999,1,0.0008835123012097,0.0394608553585074,0.0,0.0,0.0,0.0,1.0,0.0,0.0,0.041922648,0.061716244,1.0
90,0.0050846323676992,0.0385318483110618,0.087890625,1,0.0021068370259616,0.0397375424912382,0.0,0.0,0.0,0.0,1.0,0.0,0.0,0.050987575,0.059906095,1.0
91,0.00976784639058,0.0501259924101442,0.05859375,1,0.0001359249694168,0.0396057867137474,0.0,0.0,0.0,0.0,1.0,0.0,0.0,0.04316207,0.061472148,1.0
92,0.0057536629423964,0.0427810130375255,0.0859375,1,0.0006796248470844,0.0403831458009433,0.0,0.0,0.0,0.0,1.0,0.0,0.0,0.043628167,0.06140233,1.0
93,0.0013380611493945,0.042309879041714,0.0742187499999999,1,0.0012912872094603,0.0400361889202174,0.0,0.0,0.0,0.0,1.0,0.0,0.0,0.043911085,0.061240993,1.0
94,0.000468321402288,0.0403039976791782,0.068359375,1,6.796248470844094e-05,0.0400537563572162,0.0,0.0,0.0,0.0,1.0,0.0,0.0,0.038246203,0.062436476,1.0
95,0.0033451528734863,0.0376130553468775,0.0898437499999999,1,0.0142721217887725,0.0394257204845099,0.0,0.0,0.0,0.0,1.0,0.0,0.0,0.048015602,0.060470752,1.0
96,0.0020739947815615,0.0454721653244585,0.05859375,1,0.0014951746635857,0.039654097165494,0.0,0.0,0.0,0.0,1.0,0.0,0.0,0.04947341,0.060082294,1.0
97,0.0002676122298789,0.0463471995441767,0.0625,1,0.0026505369036291,0.0397375424912382,0.0,0.0,0.0,0.0,1.0,0.0,0.0,0.04242529,0.061428644,1.0
98,0.0050846323676992,0.0347856299062972,0.0625,1,0.0,0.0401942958532064,0.0,0.0,0.0,0.0,1.0,0.0,0.0,0.042720802,0.06138573,1.0
99,0.0078276577239579,0.036149148772641,0.060546875,1,0.0016310996330025,0.040014229623969,0.0,0.0,0.0,0.0,1.0,0.0,0.0,0.04417644,0.06120544,1.0
100,0.0007359336321669,0.0426374649558687,0.0742187499999999,1,0.0099904852521408,0.0401986877124562,0.0,0.0,0.0,0.0,1.0,0.0,0.0,0.043673865,0.061309725,1.0
101,0.0080952699538368,0.0411092177845606,0.072265625,1,0.0029903493271714,0.0401459854014598,0.0,0.0,0.0,0.0,0.0,1.0,0.0,0.041438468,0.059555717,1.0
102,0.0020070917240917,0.0396679590165114,0.078125,1,0.0012233247247519,0.0381652568798475,0.0,0.0,0.0,0.0,0.0,1.0,0.0,0.04351792,0.059051856,1.0
103,0.0008028366896367,0.0387314563790918,0.0625,1,0.0132526845181459,0.0401328098237107,0.0,0.0,0.0,0.0,0.0,1.0,0.0,0.041950602,0.05944077,1.0
104,0.0022078008965009,0.04277658509433,0.0859375,1,0.0001359249694168,0.0396189622914964,0.0,0.0,0.0,0.0,0.0,1.0,0.0,0.040315855,0.059758864,1.0
105,0.0074931424366093,0.0363488786143577,0.072265625,1,0.002786461873046,0.0400449726387168,0.0,0.0,0.0,0.0,0.0,1.0,0.0,0.04630039,0.058535628,1.0
106,0.0,0.0442303193666312,0.0644531249999999,1,0.0118254723392687,0.0398209878169824,0.0,0.0,0.0,0.0,0.0,1.0,0.0,0.043174393,0.059079096,1.0
107,0.0009366428045761,0.0381228419904973,0.06640625,1,0.0012912872094603,0.0396233541507461,0.0,0.0,0.0,0.0,0.0,1.0,0.0,0.04406246,0.058923736,1.0
108,0.006088178229745,0.0404887556560649,0.06640625,1,0.0042816365366317,0.0397638936467364,0.0,0.0,0.0,0.0,0.0,1.0,0.0,0.04173243,0.05942919,1.0
109,0.0025423161838496,0.0380854553691218,0.072265625,1,0.0002038874541253,0.039597002995248,0.0,0.0,0.0,0.0,0.0,1.0,0.0,0.043400288,0.059080258,1.0
110,0.0064226935170937,0.0396639383853027,0.06640625,1,0.0008835123012097,0.039597002995248,0.0,0.0,0.0,0.0,0.0,1.0,0.0,0.051999062,0.057458207,1.0
111,0.002676122298789,0.055020906201019,0.0703125,1,0.0062525485931765,0.0403260516306973,0.0,0.0,0.0,0.0,0.0,1.0,0.0,0.041574843,0.059466697,1.0
112,0.0044156017930019,0.0368513042485686,0.0742187499999999,1,0.001699062117711,0.0399044331427266,0.0,0.0,0.0,0.0,0.0,1.0,0.0,0.033586428,0.061180927,1.0
113,0.0064895965745634,0.0328765229324322,0.09765625,1,0.0033301617507136,0.0400976749497132,0.0,0.0,0.0,0.0,0.0,1.0,0.0,0.0464143,0.058675557,1.0
114,0.0072255302067304,0.0492058557363131,0.0742187499999999,1,0.0069321734402609,0.0397770692244855,0.0,0.0,0.0,0.0,0.0,1.0,0.0,0.043718353,0.05915951,1.0
115,0.0010704489195156,0.0445375081882569,0.0839843749999999,1,0.0097865977980154,0.0397243669134891,0.0,0.0,0.0,0.0,0.0,1.0,0.0,0.09023185,0.050102398,1.0
116,0.0,0.1106433093285973,0.048828125,1,0.0012233247247519,0.0396892320394916,0.0,0.0,0.0,0.0,0.0,1.0,0.0,0.053663734,0.057077274,1.0
117,0.0014718672643339,0.0513191981783042,0.0800781249999999,1,0.0006116623623759,0.0396321378692455,0.0,0.0,0.0,0.0,0.0,1.0,0.0,0.043814592,0.059099436,1.0
118,0.0046163109654111,0.042861404666237,0.078125,1,0.002786461873046,0.0396936238987412,0.0,0.0,0.0,0.0,0.0,1.0,0.0,0.0394041,0.060042635,1.0
119,0.0040810865056533,0.040571217437451,0.091796875,1,0.0005436998776675,0.0400757156534647,0.0,0.0,0.0,0.0,0.0,1.0,0.0,0.092450485,0.049690112,1.0
120,0.003412055930956,0.1131589164479095,0.04296875,1,0.0006796248470844,0.0394476797807583,0.0,0.0,0.0,0.0,0.0,1.0,0.0,0.08075924,0.051723957,1.0
121,0.0072255302067304,0.0858125754355184,0.05078125,1,0.0081554981650129,0.0398429471132309,0.0,0.0,0.0,0.0,0.0,1.0,0.0,0.06881027,0.05402468,1.0
122,0.0066903057469726,0.0690756975953138,0.0468749999999999,1,0.0081554981650129,0.0400801075127144,0.0,0.0,0.0,0.0,0.0,1.0,0.0,0.080613345,0.051723577,1.0
123,0.0029437345286679,0.0875887055434634,0.0390625,1,0.0022427619953785,0.0395223413880032,0.0,0.0,0.0,0.0,0.0,1.0,0.0,0.09652749,0.04858101,1.0
124,0.0011373519769853,0.1064106071448531,0.02734375,1,0.0036699741742558,0.0399878784684708,0.0,0.0,0.0,0.0,0.0,1.0,0.0,0.10350551,0.047240853,1.0
125,0.0005352244597578,0.116160927563441,0.033203125,1,0.0049612613837161,0.0396013948544977,0.0,0.0,0.0,0.0,0.0,1.0,0.0,0.12864573,0.042521924,1.0
126,0.0062888874021542,0.1526309290051785,0.03125,1,0.0068642109555525,0.0400493644979665,0.0,0.0,0.0,0.0,0.0,1.0,0.0,0.067276165,0.05428122,1.0
127,0.0081621730113066,0.0610647715226556,0.05859375,1,0.0031262742965882,0.0397946366614842,0.0,0.0,0.0,0.0,0.0,1.0,0.0,0.10460693,0.0471835,1.0
128,0.0054191476550478,0.1237376002709993,0.029296875,1,0.008019573195596,0.0396233541507461,0.0,0.0,0.0,0.0,0.0,1.0,0.0,0.06020101,0.05557725,1.0
129,0.000468321402288,0.0504374454103521,0.05078125,1,0.0002038874541253,0.039495990232505,0.0,0.0,0.0,0.0,0.0,1.0,0.0,0.05845501,0.0560582,1.0
130,0.004147989563123,0.0600237450710866,0.05859375,1,0.0019709120565447,0.0397946366614842,0.0,0.0,0.0,0.0,0.0,1.0,0.0,0.07327102,0.053297825,1.0
131,0.0018063825516826,0.0841519266739829,0.060546875,1,0.0076797607720538,0.0400581482164659,0.0,0.0,0.0,0.0,0.0,1.0,0.0,0.095483005,0.049042165,1.0
132,0.000468321402288,0.1146626178231541,0.0546874999999999,1,0.0211363327443251,0.0401152423867119,0.0,0.0,0.0,0.0,0.0,1.0,0.0,0.053767305,0.057028905,1.0
133,0.0055529537699872,0.0488304526546498,0.072265625,1,0.0026505369036291,0.0400230133424684,0.0,0.0,0.0,0.0,0.0,1.0,0.0,0.04039244,0.059741415,1.0
134,0.000468321402288,0.036921343014361,0.078125,1,0.0011553622400434,0.040014229623969,0.0,0.0,0.0,0.0,0.0,1.0,0.0,0.045983523,0.058653317,1.0
135,0.0040141834481835,0.0469712560959776,0.0742187499999999,1,0.0003398124235422,0.0414459757393695,0.0,0.0,0.0,0.0,0.0,1.0,0.0,0.08107264,0.05183404,1.0
136,0.0024085100689101,0.0966018332570837,0.052734375,1,0.001087399755335,0.0396057867137474,0.0,0.0,0.0,0.0,0.0,1.0,0.0,0.050047994,0.057760097,1.0
137,0.0101023616779286,0.0453169038738651,0.0742187499999999,1,0.0013592496941688,0.0399088250019763,0.0,0.0,0.0,0.0,0.0,1.0,0.0,0.04443964,0.058970988,1.0
138,0.0005352244597578,0.0431653055983208,0.0742187499999999,1,0.0013592496941688,0.0399351761574745,0.0,0.0,0.0,0.0,0.0,1.0,0.0,0.059914444,0.05586333,1.0
139,0.0147186726433398,0.0638726165942266,0.0566406249999999,1,0.0055049612613837,0.039654097165494,0.0,0.0,0.0,0.0,0.0,1.0,0.0,0.050053164,0.05780337,1.0
140,0.0084966882986552,0.0477164249774266,0.068359375,1,0.0036699741742558,0.0399263924389751,0.0,0.0,0.0,0.0,0.0,1.0,0.0,0.06061784,0.055816814,1.0
141,0.0010704489195156,0.0679019630197542,0.068359375,1,0.0046214489601739,0.0398956494242272,0.0,0.0,0.0,0.0,0.0,1.0,0.0,0.0440571,0.05902411,1.0
142,0.0113735197698534,0.0419000496989908,0.08203125,1,0.0,0.0394432879215086,0.0,0.0,0.0,0.0,0.0,1.0,0.0,0.045376655,0.058803752,1.0
143,0.0023416070114404,0.0443428214568083,0.0703125,1,0.0078836482261791,0.039438896062259,0.0,0.0,0.0,0.0,0.0,1.0,0.0,0.05143324,0.05754883,1.0
144,0.008295979126246,0.0530591237094537,0.068359375,1,0.0031262742965882,0.0395267332472528,0.0,0.0,0.0,0.0,0.0,1.0,0.0,0.053924423,0.057062358,1.0
145,0.0010704489195156,0.0548736923114821,0.0644531249999999,1,0.0001359249694168,0.0402909167566997,0.0,0.0,0.0,0.0,0.0,1.0,0.0,0.048262294,0.058094673,1.0
146,0.0050846323676992,0.0448858754119176,0.0644531249999999,1,0.0010194372706266,0.0401240261052113,0.0,0.0,0.0,0.0,0.0,1.0,0.0,0.048393745,0.05810424,1.0
147,0.011975647287081,0.0469599710344909,0.06640625,1,0.0017670246024194,0.0399966621869702,0.0,0.0,0.0,0.0,0.0,1.0,0.0,0.0965997,0.048850715,1.0
148,0.0055529537699872,0.1183010035287642,0.0449218749999999,1,0.0017670246024194,0.0399878784684708,0.0,0.0,0.0,0.0,0.0,1.0,0.0,0.05241632,0.057255223,1.0
149,0.0016725764367431,0.0450417646268616,0.0703125,1,0.009718635313307,0.0400757156534647,0.0,0.0,0.0,0.0,0.0,1.0,0.0,0.041824806,0.059405833,1.0
150,0.0064895965745634,0.0378688829668012,0.072265625,1,0.0002718499388337,0.0396233541507461,0.0,0.0,0.0,0.0,0.0,1.0,0.0,0.052507583,0.057294525,1.0
151,0.0018732856091523,0.0520776382920616,0.0566406249999999,1,0.0111458474921843,0.039452071640008,0.0,0.0,0.0,0.0,0.0,1.0,0.0,0.05861382,0.056017518,1.0
152,0.0022078008965009,0.0585365041390151,0.052734375,1,0.0050292238684246,0.0396409215877449,0.0,0.0,0.0,0.0,0.0,1.0,0.0,0.03963061,0.059817612,1.0
153,0.0008028366896367,0.0346556994820921,0.08203125,1,0.0081554981650129,0.0400801075127144,0.0,0.0,0.0,0.0,0.0,1.0,0.0,0.05492133,0.056914546,1.0
154,0.0051515354251689,0.0600573105181541,0.06640625,1,0.0071360608943862,0.0395355169657522,0.0,0.0,0.0,0.0,0.0,1.0,0.0,0.06496674,0.054871246,1.0
155,0.0013380611493945,0.0691541324468522,0.0546874999999999,1,0.0031262742965882,0.0400801075127144,0.0,0.0,0.0,0.0,0.0,1.0,0.0,0.048647568,0.05795172,1.0
156,0.0006690305746972,0.0420767349202652,0.060546875,1,0.0006796248470844,0.040014229623969,0.0,0.0,0.0,0.0,0.0,1.0,0.0,0.076185286,0.052693523,1.0
157,0.0070917240917909,0.0887225928293568,0.052734375,1,0.0046214489601739,0.0412878688063804,0.0,0.0,0.0,0.0,0.0,1.0,0.0,0.067044444,0.05443093,1.0
158,0.0070917240917909,0.0689863912929143,0.0566406249999999,1,0.000475737392959,0.0400405807794671,0.0,0.0,0.0,0.0,0.0,1.0,0.0,0.05556653,0.056574196,1.0
159,0.0016056733792734,0.0495549745975575,0.0468749999999999,1,0.0019029495718363,0.0397331506319885,0.0,0.0,0.0,0.0,0.0,1.0,0.0,0.07072519,0.053650208,1.0
160,0.0066234026895029,0.0770849692254693,0.048828125,1,0.0006116623623759,0.039970311031472,0.0,0.0,0.0,0.0,0.0,1.0,0.0,0.2790128,0.014909863,1.0
161,0.0005352244597578,0.3600991903786156,0.015625,1,0.0013592496941688,0.039913216861226,0.0,0.0,0.0,0.0,0.0,1.0,0.0,0.07587829,0.05244811,1.0
162,0.0014718672643339,0.0485608163185591,0.05859375,1,0.0038058991436726,0.0398385552539812,0.0,0.0,0.0,0.0,0.0,1.0,0.0,0.058447022,0.056030817,1.0
163,0.015387703218037,0.057556805435544,0.048828125,1,0.0024466494495038,0.0395135576695038,0.0,0.0,0.0,0.0,0.0,1.0,0.0,0.1565747,0.037426874,1.0
164,0.0008028366896367,0.1997341982753138,0.025390625,1,0.004009786597798,0.0398209878169824,0.0,0.0,0.0,0.0,0.0,1.0,0.0,0.07482615,0.052724995,1.0
165,0.0050177293102294,0.0647411947090013,0.05078125,1,0.0009514747859181,0.0397287587727388,0.0,0.0,0.0,0.0,0.0,1.0,0.0,0.07457173,0.052969858,1.0
166,0.0045494079079413,0.0828606573957097,0.052734375,1,0.0040777490825064,0.0401415935422101,0.0,0.0,0.0,0.0,0.0,1.0,0.0,0.14013779,0.04044584,1.0
167,0.0059543721148056,0.1728413109791473,0.025390625,1,0.0214761451678673,0.039553084402751,0.0,0.0,0.0,0.0,0.0,1.0,0.0,0.06200209,0.05526253,1.0
168,0.0032782498160165,0.0502592611130031,0.060546875,1,0.0047573739295908,0.0405017260006851,0.0,0.0,0.0,0.0,0.0,1.0,0.0,0.06819722,0.05419138,1.0
169,0.0020070917240917,0.0735308572097223,0.048828125,1,0.004009786597798,0.0401635528384586,0.0,0.0,0.0,0.0,0.0,1.0,0.0,0.053589463,0.056974046,1.0
170,0.0002676122298789,0.0489716933348976,0.05859375,1,0.0025146119342123,0.0396453134469946,0.0,0.0,0.0,0.0,0.0,1.0,0.0,0.05704194,0.056331933,1.0
171,0.0039472803907138,0.0570025860930884,0.0546874999999999,1,0.0044175615060486,0.0396321378692455,0.0,0.0,0.0,0.0,0.0,1.0,0.0,0.04987874,0.057772316,1.0
172,0.0007359336321669,0.0475024938043805,0.06640625,1,0.0095147478591817,0.0401591609792089,0.0,0.0,0.0,0.0,0.0,1.0,0.0,0.06980489,0.053925328,1.0
173,0.0006021275172275,0.0779911817080856,0.052734375,1,0.0133886094875628,0.040071323794215,0.0,0.0,0.0,0.0,0.0,1.0,0.0,0.07001556,0.05368734,1.0
174,0.0015387703218037,0.0678027447591633,0.033203125,1,0.0010194372706266,0.0400054459054696,0.0,0.0,0.0,0.0,0.0,1.0,0.0,0.053098377,0.057032384,1.0
175,0.0002007091724091,0.0493021787225244,0.0625,1,0.0072040233790947,0.0399659191722223,0.0,0.0,0.0,0.0,0.0,1.0,0.0,0.0408353,0.059620947,1.0
176,0.0006690305746972,0.0383386795516048,0.08203125,1,0.0006796248470844,0.0399000412834769,0.0,0.0,0.0,0.0,0.0,1.0,0.0,0.077140346,0.05259914,1.0
177,0.0111728105974443,0.0917343773330224,0.052734375,1,0.00740791083322,0.0395926111359983,0.0,0.0,0.0,0.0,0.0,1.0,0.0,0.13944127,0.0406655,1.0
178,0.0008697397471064,0.173660425882096,0.03515625,1,0.0025146119342123,0.0398517308317303,0.0,0.0,0.0,0.0,0.0,1.0,0.0,0.06358809,0.05497714,1.0
179,0.0058874690573359,0.0532240052812996,0.060546875,1,0.0089710479815142,0.0397243669134891,0.0,0.0,0.0,0.0,0.0,1.0,0.0,0.045308366,0.058729663,1.0
180,0.000468321402288,0.0429752903574411,0.0742187499999999,1,0.0006116623623759,0.0396013948544977,0.0,0.0,0.0,0.0,0.0,1.0,0.0,0.12736903,0.042997587,1.0
181,0.0096340402756405,0.1635669157210801,0.0371093749999999,1,0.0038738616283811,0.0397507180689873,0.0,0.0,0.0,0.0,0.0,1.0,0.0,0.064313196,0.054863796,1.0
182,0.0052184384826386,0.0545495790469459,0.0566406249999999,1,0.0091749354356395,0.0397990285207339,0.0,0.0,0.0,0.0,0.0,1.0,0.0,0.04931707,0.057867758,1.0
183,0.0006021275172275,0.0457221814001598,0.0625,1,0.0153595215441076,0.0400976749497132,0.0,0.0,0.0,0.0,0.0,1.0,0.0,0.06120219,0.055649124,1.0
184,0.0192680805512812,0.068801694202871,0.068359375,1,0.0138643468805219,0.0399044331427266,0.0,0.0,0.0,0.0,0.0,1.0,0.0,0.057543237,0.05637466,1.0
185,0.0072255302067304,0.0571807640917985,0.05859375,1,0.0025146119342123,0.0395838274174989,0.0,0.0,0.0,0.0,0.0,1.0,0.0,0.06576717,0.0546595,1.0
186,0.0026092192413193,0.0686145133495275,0.048828125,1,0.0023107244800869,0.0395003820917547,0.0,0.0,0.0,0.0,0.0,1.0,0.0,0.1023013,0.047590315,1.0
187,0.0021408978390312,0.1206100152898831,0.03515625,1,0.0012912872094603,0.0396321378692455,0.0,0.0,0.0,0.0,0.0,1.0,0.0,0.079740494,0.051850922,1.0
188,0.0030106375861376,0.081674100890755,0.0468749999999999,1,0.0046214489601739,0.0398385552539812,0.0,0.0,0.0,0.0,0.0,1.0,0.0,0.05144656,0.057453543,1.0
189,0.0006021275172275,0.0479740771031051,0.0703125,1,0.0018349870871279,0.0400976749497132,0.0,0.0,0.0,0.0,0.0,1.0,0.0,0.045190826,0.05875691,1.0
190,0.0020070917240917,0.043265403568821,0.072265625,1,0.0019709120565447,0.0401679446977083,0.0,0.0,0.0,0.0,0.0,1.0,0.0,0.1362815,0.04127729,1.0
191,0.0076269485515488,0.1742459473606827,0.029296875,1,0.0024466494495038,0.0396321378692455,0.0,0.0,0.0,0.0,0.0,1.0,0.0,0.057975914,0.056076966,1.0
192,0.0046832140228808,0.0448570969304668,0.0644531249999999,1,0.0046894114448824,0.0395399088250019,0.0,0.0,0.0,0.0,0.0,1.0,0.0,0.04600748,0.058519118,1.0
193,0.001204255034455,0.0410560740680303,0.060546875,1,0.0032621992660051,0.0396453134469946,0.0,0.0,0.0,0.0,0.0,1.0,0.0,0.05907729,0.055959515,1.0
194,0.0,0.061462457089446,0.0546874999999999,1,0.0008835123012097,0.0402030795717058,0.0,0.0,0.0,0.0,0.0,1.0,0.0,0.1081333,0.04653331,1.0
195,0.0036127651033652,0.1319461461413195,0.0390625,1,0.0008155498165012,0.0396453134469946,0.0,0.0,0.0,0.0,0.0,1.0,0.0,0.049366977,0.057785995,1.0
196,0.0046163109654111,0.0373273742777857,0.068359375,1,0.017738208508903,0.0398341633947315,0.0,0.0,0.0,0.0,0.0,1.0,0.0,0.08333331,0.051363632,1.0
197,0.0002676122298789,0.0999151693004974,0.048828125,1,0.0028544243577545,0.0396145704322467,0.0,0.0,0.0,0.0,0.0,1.0,0.0,0.09198648,0.049485967,1.0
198,0.0015387703218037,0.0994156662347682,0.03125,1,0.0028544243577545,0.0396365297284952,0.0,0.0,0.0,0.0,0.0,1.0,0.0,0.11239852,0.045652788,1.0
199,0.0042817956780624,0.1338480453726573,0.04296875,1,0.0005436998776675,0.0400757156534647,0.0,0.0,0.0,0.0,0.0,1.0,0.0,0.07842298,0.05223854,1.0
200,0.0099016525055195,0.0831713881519825,0.0625,1,0.0012233247247519,0.038617618382566,0.0,0.0,0.0,0.0,0.0,1.0,0.0,0.047944136,0.05816056,1.0
201,0.006088178229745,0.040219092025872,0.0625,1,0.0067282859861356,0.0403611865046949,0.0,0.0,0.0,0.0,0.0,1.0,0.0,0.045340504,0.058646813,1.0
202,0.0060212751722753,0.0403912338289031,0.060546875,1,0.0113497349463096,0.0397858529429848,0.0,0.0,0.0,0.0,0.0,1.0,0.0,0.10133128,0.0479381,1.0
203,0.0016725764367431,0.1274103891426597,0.048828125,1,0.0009514747859181,0.0399966621869702,0.0,0.0,0.0,0.0,0.0,1.0,0.0,0.06876688,0.053994834,1.0
204,0.0027430253562587,0.0643747482919524,0.048828125,1,0.0039418241130895,0.0395047739510044,0.0,0.0,0.0,0.0,0.0,1.0,0.0,0.09699012,0.04858125,1.0
205,0.0002676122298789,0.112295694275805,0.033203125,1,0.0050292238684246,0.0402118632902052,0.0,0.0,0.0,0.0,0.0,1.0,0.0,0.07381432,0.052988596,1.0
206,0.0037465712183046,0.0742984702413653,0.05078125,1,0.006320511077885,0.0399922703277205,0.0,0.0,0.0,0.0,0.0,1.0,0.0,0.08968672,0.050007127,1.0
207,0.0044825048504716,0.1015192205918011,0.0390625,1,0.0014951746635857,0.0400801075127144,0.0,0.0,0.0,0.0,0.0,1.0,0.0,0.052683603,0.05721017,1.0
208,0.0032782498160165,0.0484779640215569,0.0742187499999999,1,0.0006796248470844,0.0399176087204757,0.0,0.0,0.0,0.0,0.0,1.0,0.0,0.04190687,0.05948881,1.0
209,0.0069579179768515,0.0415086207802433,0.0839843749999999,1,0.0106701100992252,0.0395135576695038,0.0,0.0,0.0,0.0,0.0,1.0,0.0,0.07508387,0.052983753,1.0
210,0.0088981066434736,0.0863056139981187,0.0468749999999999,1,0.0025825744189207,0.0396145704322467,0.0,0.0,0.0,0.0,0.0,1.0,0.0,0.047844388,0.058125265,1.0
211,0.0074931424366093,0.0394975850314843,0.0644531249999999,1,0.0037379366589642,0.0401108505274622,0.0,0.0,0.0,0.0,0.0,1.0,0.0,0.045905817,0.058591858,1.0
212,0.0018063825516826,0.0433990291945548,0.06640625,1,0.0044175615060486,0.0397024076172406,0.0,0.0,0.0,0.0,0.0,1.0,0.0,0.04351428,0.059107855,1.0
213,0.0099685555629892,0.0426197153912532,0.078125,1,0.0004077749082506,0.040071323794215,0.0,0.0,0.0,0.0,0.0,1.0,0.0,0.036492467,0.060661636,1.0
214,0.0036127651033652,0.0374596205015852,0.09765625,1,0.006796248470844,0.0402030795717058,0.0,0.0,0.0,0.0,0.0,1.0,0.0,0.04596119,0.05870878,1.0
215,0.0170602796547802,0.0460131512264395,0.068359375,1,0.0041457115672148,0.0396145704322467,0.0,0.0,0.0,0.0,0.0,1.0,0.0,0.050106004,0.05787033,1.0
216,0.0046163109654111,0.0511959443114065,0.0703125,1,0.0001359249694168,0.0401328098237107,0.0,0.0,0.0,0.0,0.0,1.0,0.0,0.047284,0.058373302,1.0
217,0.0002676122298789,0.0464509213316306,0.072265625,1,0.0031262742965882,0.0399439598759739,0.0,0.0,0.0,0.0,0.0,1.0,0.0,0.0520891,0.057434537,1.0
218,0.0145179634709306,0.054610031284227,0.0703125,1,0.0049612613837161,0.0397067994764903,0.0,0.0,0.0,0.0,0.0,1.0,0.0,0.044115223,0.05905865,1.0
219,0.001204255034455,0.0425398549477613,0.078125,1,0.0070680984096778,0.0397770692244855,0.0,0.0,0.0,0.0,0.0,1.0,0.0,0.046573095,0.058489688,1.0
220,0.0084966882986552,0.0448245392656345,0.06640625,1,0.0055049612613837,0.0400054459054696,0.0,0.0,0.0,0.0,0.0,1.0,0.0,0.045432635,0.058653064,1.0
221,0.0044156017930019,0.0401952327814563,0.060546875,1,0.0002718499388337,0.0400493644979665,0.0,0.0,0.0,0.0,0.0,1.0,0.0,0.06716704,0.054370366,1.0
222,0.0026092192413193,0.0718659043782244,0.0449218749999999,1,0.0003398124235422,0.0400361889202174,0.0,0.0,0.0,0.0,0.0,1.0,0.0,0.05170271,0.057308704,1.0
223,0.0053522445975781,0.0451950420061796,0.0566406249999999,1,0.0059806986543428,0.040172336556958,0.0,0.0,0.0,0.0,0.0,1.0,0.0,0.06106469,0.05560807,1.0
224,0.0053522445975781,0.0653018638577614,0.05859375,1,0.0057768112002174,0.0399263924389751,0.0,0.0,0.0,0.0,0.0,1.0,0.0,0.07001996,0.05377493,1.0
225,0.013915835953703,0.0715024666110565,0.0390625,1,0.0091749354356395,0.0405236852969336,0.0,0.0,0.0,0.0,0.0,1.0,0.0,0.06901833,0.05401312,1.0
226,0.0011373519769853,0.0724737167401235,0.052734375,1,0.0022427619953785,0.0405719957486802,0.0,0.0,0.0,0.0,0.0,1.0,0.0,0.043972835,0.059002988,1.0
227,0.001204255034455,0.0416449611193729,0.0859375,1,0.004009786597798,0.0396365297284952,0.0,0.0,0.0,0.0,0.0,1.0,0.0,0.04384064,0.059042543,1.0
228,0.0031444437010771,0.0406699989924067,0.06640625,1,0.0095827103438901,0.0399000412834769,0.0,0.0,0.0,0.0,0.0,0.0,1.0,0.05324296,0.056281947,1.0
229,0.006355790459624,0.0645545786336187,0.060546875,1,0.0053010738072583,0.0398736901279787,0.0,0.0,0.0,0.0,0.0,0.0,1.0,0.23813154,0.02183146,1.0
230,0.0008697397471064,0.3323747147747949,0.025390625,1,0.0068642109555525,0.0396277460099958,0.0,0.0,0.0,0.0,0.0,0.0,1.0,0.061858986,0.054342926,1.0
231,0.0009366428045761,0.0439659339958945,0.06640625,1,0.0032621992660051,0.0394696390770068,0.0,0.0,0.0,0.0,0.0,0.0,1.0,0.041399024,0.058627017,1.0
232,0.0040810865056533,0.0486818866572808,0.078125,1,0.0110099225227674,0.0449858142946234,0.0,0.0,0.0,0.0,0.0,0.0,1.0,0.046014905,0.05770587,1.0
233,0.0004014183448183,0.0520282443652643,0.0625,1,0.0038738616283811,0.0401196342459616,0.0,0.0,0.0,0.0,0.0,0.0,1.0,0.03717218,0.059329204,1.0
234,0.0042817956780624,0.0362385411564397,0.06640625,1,0.0012912872094603,0.0402909167566997,0.0,0.0,0.0,0.0,0.0,0.0,1.0,0.039833948,0.05885233,1.0
235,0.0125777748043085,0.0425203690583366,0.0644531249999999,1,0.0036699741742558,0.0395794355582492,0.0,0.0,0.0,0.0,0.0,0.0,1.0,0.051268246,0.05667504,1.0
236,0.0002676122298789,0.0601851225001192,0.05859375,1,0.0044855239907571,0.0401635528384586,0.0,0.0,0.0,0.0,0.0,0.0,1.0,0.04058206,0.05874016,1.0
237,0.0024085100689101,0.0448902298709917,0.078125,1,0.0046214489601739,0.0402557818827022,0.0,0.0,0.0,0.0,0.0,0.0,1.0,0.058213245,0.055266604,1.0
238,0.0014718672643339,0.0677756039238446,0.04296875,1,0.0021747995106701,0.0396233541507461,0.0,0.0,0.0,0.0,0.0,0.0,1.0,0.051484227,0.0565281,1.0
239,0.0002007091724091,0.0582978046179953,0.0644531249999999,1,0.0106701100992252,0.0397595017874867,0.0,0.0,0.0,0.0,0.0,0.0,1.0,0.11746672,0.04411259,1.0
240,0.0016725764367431,0.1641396341661885,0.0468749999999999,1,0.009106972950931,0.039394977469762,0.0,0.0,0.0,0.0,0.0,0.0,1.0,0.05259875,0.05639217,1.0
241,0.0033451528734863,0.0542911983786933,0.08203125,1,0.0020388745412532,0.0395091658102541,0.0,0.0,0.0,0.0,0.0,0.0,1.0,0.052846428,0.05643546,1.0
242,0.0002007091724091,0.0641786086744482,0.0644531249999999,1,0.0037379366589642,0.0400888912312138,0.0,0.0,0.0,0.0,0.0,0.0,1.0,0.07646672,0.05181986,1.0
243,0.0160567337927343,0.0989051636458523,0.052734375,1,0.0059127361696343,0.039970311031472,0.0,0.0,0.0,0.0,0.0,0.0,1.0,0.05995198,0.054947533,1.0
244,0.0066234026895029,0.0667072203836856,0.0546874999999999,1,0.0127769471251868,0.0396716646024928,0.0,0.0,0.0,0.0,0.0,0.0,1.0,0.09222077,0.04877533,1.0
245,0.0004014183448183,0.1205619545750009,0.041015625,1,0.0027184993883376,0.0395794355582492,0.0,0.0,0.0,0.0,0.0,0.0,1.0,0.07849921,0.05132868,1.0
246,0.0014718672643339,0.094934392463193,0.0546874999999999,1,0.0017670246024194,0.0402206470087046,0.0,0.0,0.0,0.0,0.0,0.0,1.0,0.06713199,0.05348833,1.0
247,0.0030775406436074,0.0771344492336659,0.0468749999999999,1,0.0070680984096778,0.0401108505274622,0.0,0.0,0.0,0.0,0.0,0.0,1.0,0.07453203,0.052108526,1.0
248,0.0084966882986552,0.09267602595848,0.05078125,1,0.0066603235014272,0.0405412527339323,0.0,0.0,0.0,0.0,0.0,0.0,1.0,0.058370385,0.055183373,1.0
249,0.0018063825516826,0.0634126038952887,0.05078125,1,0.006320511077885,0.0401635528384586,0.0,0.0,0.0,0.0,0.0,0.0,1.0,0.12561847,0.04248272,1.0
250,0.001204255034455,0.1726544492568449,0.0371093749999999,1,0.0017670246024194,0.0402426063049531,0.0,0.0,0.0,0.0,0.0,0.0,1.0,0.079211965,0.051073812,1.0
251,0.0073593363216699,0.0859330138107968,0.04296875,1,0.003398124235422,0.0396233541507461,0.0,0.0,0.0,0.0,0.0,0.0,1.0,0.050419036,0.056731947,1.0
252,0.0026092192413193,0.0536382520694865,0.0625,1,0.0034660867201304,0.0401152423867119,0.0,0.0,0.0,0.0,0.0,0.0,1.0,0.0476472,0.05728969,1.0
253,0.0058874690573359,0.051735198087671,0.0566406249999999,1,0.0021747995106701,0.0397243669134891,0.0,0.0,0.0,0.0,0.0,0.0,1.0,0.038446985,0.059050746,1.0
254,0.0038134742757744,0.0364662957424771,0.060546875,1,0.0020388745412532,0.03971119133574,0.0,0.0,0.0,0.0,0.0,0.0,1.0,0.09631349,0.048062198,1.0
255,0.0007359336321669,0.1324103978242838,0.0449218749999999,1,0.0030583118118798,0.0395838274174989,0.0,0.0,0.0,0.0,0.0,0.0,1.0,0.045311455,0.05767528,1.0
256,0.0012711580919248,0.0403218375242856,0.06640625,1,0.0065923610167187,0.0396013948544977,0.0,0.0,0.0,0.0,0.0,0.0,1.0,0.0393012,0.0589765,1.0
257,0.0145179634709306,0.0429017012588163,0.0703125,1,0.0019029495718363,0.039597002995248,0.0,0.0,0.0,0.0,0.0,0.0,1.0,0.07575922,0.05205013,1.0
258,0.003412055930956,0.1005953593227928,0.052734375,1,0.0034660867201304,0.0397507180689873,0.0,0.0,0.0,0.0,0.0,0.0,1.0,0.04124416,0.058454305,1.0
259,0.0032782498160165,0.0348324434906634,0.05859375,1,0.0018349870871279,0.039755109928237,0.0,0.0,0.0,0.0,0.0,0.0,1.0,0.038324453,0.059182256,1.0
260,0.0092326219308222,0.0432577381251953,0.076171875,1,0.0006796248470844,0.0396013948544977,0.0,0.0,0.0,0.0,0.0,0.0,1.0,,,
