Unnamed: 0,time_since_last_recording_server_1_tactic_1,latency_server_1_tactic_1,cost_server_1_tactic_1,reliability_server_1_tactic_1,time_since_last_ping_server_1_tactic_1,ping_time_server_1_tactic_1,day1_server_1_tactic_1,day2_server_1_tactic_1,day3_server_1_tactic_1,day4_server_1_tactic_1,day5_server_1_tactic_1,day6_server_1_tactic_1,day7_server_1_tactic_1,predicted_Latency 9,predicted_Cost 9,predicted_Reliability 9,timestamp
0,0.0052184384826386,0.0163601247502555,0.1679687499999999,1,0.0024466494495038,0.0952199003926322,0.0,0.0,0.0,0.0,1.0,0.0,0.0,0.014924189,0.17829591,1.0,2020-04-17 05:33:51.000157
1,0.0064895965745634,0.0148790123939011,0.189453125,1,0.0013592496941688,0.0951496306446371,0.0,0.0,0.0,0.0,1.0,0.0,0.0,0.014825946000000001,0.17907420000000002,1.0,2020-04-17 05:41:33.000029
2,0.0143172542985214,0.0149850961709685,0.18359375,1,0.0033981242354220002,0.0970556975590046,0.0,0.0,0.0,0.0,1.0,0.0,0.0,0.013299121,0.17536342,1.0,2020-04-17 05:55:33.000253
3,0.0010704489195156,0.0159655885029498,0.1699218749999999,1,0.0014272121788772,0.0946928772826688,0.0,0.0,0.0,0.0,1.0,0.0,0.0,0.015352858,0.17704499,1.0,2020-04-17 06:05:03.000728
4,0.000468321402288,0.0151234163822808,0.185546875,1,0.0043495990213402,0.0948378086379087,0.0,0.0,0.0,0.0,1.0,0.0,0.0,0.015475107,0.17707884,1.0,2020-04-17 06:17:14.000839
5,0.0,0.0155437602529901,0.1796874999999999,1,0.0016310996330025,0.09456112150517801,0.0,0.0,0.0,0.0,1.0,0.0,0.0,0.01561982,0.17802167,1.0,2020-04-17 06:22:46.000558
6,0.0060881782297450004,0.0150017161796622,0.185546875,1,0.0065923610167187,0.4914139151668467,0.0,0.0,0.0,0.0,1.0,0.0,0.0,0.0149643775,0.17858197,1.0,2020-04-17 06:37:57.000592
7,0.0018063825516826,0.0160760687300177,0.18359375,1,0.0046894114448824,0.4924284346535263,0.0,0.0,0.0,0.0,1.0,0.0,0.0,0.015383853000000001,0.17656678,1.0,2020-04-17 06:49:18.000218
8,0.013915835953703002,0.0166046946027947,0.1777343749999999,1,0.0006796248470844,0.4918838441065641,0.0,0.0,0.0,0.0,1.0,0.0,0.0,0.01332072,0.17545183,1.0,2020-04-17 07:03:16.000741
9,0.0042148926205927,0.0152451816708354,0.171875,1,0.0066603235014272,0.4921561393800452,0.0,0.0,0.0,0.0,1.0,0.0,0.0,0.014455688999999999,0.17426129999999998,1.0,2020-04-17 07:09:18.000424
10,0.0017394794942128,0.0150139124442531,0.173828125,1,0.0036699741742558,0.4918355336548175,0.0,0.0,0.0,0.0,1.0,0.0,0.0,0.015523931000000001,0.17898464,1.0,2020-04-17 07:21:40.000098
11,0.0024754131263798,0.0151944902244104,0.19140625,1,0.0113497349463096,0.4920902614912998,0.0,0.0,0.0,0.0,1.0,0.0,0.0,0.0152277555,0.17795603,1.0,2020-04-17 07:33:19.000236
12,0.0020070917240917,0.0148705617199507,0.1796874999999999,1,0.0044855239907571,0.4924855288237723,0.0,0.0,0.0,0.0,1.0,0.0,0.0,0.015211029,0.17702264,1.0,2020-04-17 07:42:54.000134
13,0.0028099284137285,0.0153368961528675,0.181640625,1,0.0023107244800869,0.492850053141497,0.0,0.0,0.0,0.0,1.0,0.0,0.0,0.014562985,0.1731672,1.0,2020-04-17 07:52:58.000121
14,0.0013380611493945,0.0154918321737808,0.166015625,1,6.796248470844094e-05,0.4917740476253217,0.0,0.0,0.0,0.0,1.0,0.0,0.0,0.015924161000000003,0.18128851,1.0,2020-04-17 08:01:08.000092
15,0.0036127651033652,0.0151057843922594,0.203125,1,0.0050971863531329995,0.4918047906400696,0.0,0.0,0.0,0.0,1.0,0.0,0.0,0.01578564,0.18147497,1.0,2020-04-17 08:15:21.000991
16,0.0060212751722753,0.0163525516866681,0.1875,1,0.0,0.4921122207875482,0.0,0.0,0.0,0.0,1.0,0.0,0.0,0.014410226000000002,0.17480476,1.0,2020-04-17 08:29:40.000228
17,0.0108382953100956,0.0157279009632577,0.1679687499999999,1,0.0059127361696343,0.4922659358612875,0.0,0.0,0.0,0.0,1.0,0.0,0.0,0.014104759,0.17706113,1.0,2020-04-17 08:38:16.000307
18,0.0038803773332441,0.0162217079598124,0.18359375,1,0.0053690362919668,0.4921078289282985,0.0,0.0,0.0,0.0,1.0,0.0,0.0,0.014743639,0.17466748,1.0,2020-04-17 08:47:15.000060
19,0.0012711580919248,0.0161070748301173,0.1699218749999999,1,0.0084273481038466,0.0987773063848849,0.0,0.0,0.0,0.0,1.0,0.0,0.0,0.015475986499999999,0.17706087,1.0,2020-04-17 09:02:09.000298
20,0.0006690305746972,0.0161788709161821,0.185546875,1,6.796248470844094e-05,0.4916466837070805,0.0,0.0,0.0,0.0,1.0,0.0,0.0,0.015979623000000002,0.18042922,1.0,2020-04-17 09:11:07.000637
21,0.0079614638388974,0.0155859884281866,0.19140625,1,0.0001359249694168,0.5103560041107803,0.0,0.0,0.0,0.0,1.0,0.0,0.0,0.013850441000000002,0.1737346,1.0,2020-04-17 09:22:36.000352
22,0.005619856827457,0.0149929547728559,0.162109375,1,0.0020388745412532,0.4915764139590855,0.0,0.0,0.0,0.0,1.0,0.0,0.0,0.014229162,0.17426687,1.0,2020-04-17 09:34:07.000245
23,0.0003345152873486,0.0148742107314602,0.1777343749999999,1,0.0148158216664401,0.4920507347580525,0.0,0.0,0.0,0.0,1.0,0.0,0.0,0.0153623875,0.17557816,1.0,2020-04-17 09:44:55.000409
24,0.0069579179768515,0.016251746169057,0.1777343749999999,1,0.0054369987766752,0.0950661853188929,0.0,0.0,0.0,0.0,1.0,0.0,0.0,0.014332866000000001,0.17478111,1.0,2020-04-17 09:57:55.000029
25,0.0036796681608349,0.0161846215735611,0.171875,1,0.0027864618730459997,0.0944425413054362,0.0,0.0,0.0,0.0,1.0,0.0,0.0,0.015081568,0.16671005,1.0,2020-04-17 10:07:55.000810
26,0.0036796681608349,0.0269126272306963,0.146484375,1,0.0017670246024194,0.0944293657276871,0.0,0.0,0.0,0.0,1.0,0.0,0.0,0.014104394,0.16891024,1.0,2020-04-17 10:18:37.000459
27,0.0035458620458954,0.0150163731125438,0.1582031249999999,1,0.0055049612613837,0.0951057120521401,0.0,0.0,0.0,0.0,1.0,0.0,0.0,0.013883142,0.1688666,1.0,2020-04-17 10:29:44.000752
28,0.0055529537699872,0.0159983771178777,0.1601562499999999,1,0.0019029495718363,0.0945084191941816,0.0,0.0,0.0,0.0,1.0,0.0,0.0,0.014208717,0.17366272,1.0,2020-04-17 10:40:13.000120
29,0.0031444437010771,0.0150782215481297,0.17578125,1,0.0041457115672148,0.0946797017049197,0.0,0.0,0.0,0.0,1.0,0.0,0.0,0.01494701,0.17616917,1.0,2020-04-17 10:51:38.000799
30,0.0006690305746972,0.0154661967131757,0.1796874999999999,1,0.0128449096098953,0.4918311417955678,0.0,0.0,0.0,0.0,1.0,0.0,0.0,0.014988926999999999,0.17437182,1.0,2020-04-17 11:04:58.000026
31,0.0040810865056533,0.015044362164576998,0.171875,1,0.0014272121788772,0.4920419510395531,0.0,0.0,0.0,0.0,1.0,0.0,0.0,0.014223976000000001,0.17263564,1.0,2020-04-17 11:14:02.000894
32,0.0024754131263798,0.0149807543091723,0.1679687499999999,1,0.0010194372706266,0.4919321545583107,0.0,0.0,0.0,0.0,1.0,0.0,0.0,0.014759062,0.17467272,1.0,2020-04-17 11:26:36.000426
33,0.0004014183448183,0.0150324472391934,0.1777343749999999,1,0.0,0.4914710093370928,0.0,0.0,0.0,0.0,1.0,0.0,0.0,0.015806047,0.17986047,1.0,2020-04-17 11:37:23.000580
34,0.0007359336321669,0.014913113225281,0.193359375,1,0.0016990621177110001,0.4923362056092826,0.0,0.0,0.0,0.0,1.0,0.0,0.0,0.015131583,0.17426133,1.0,2020-04-17 11:49:16.000347
35,0.000468321402288,0.0163973329101935,0.166015625,1,0.0013592496941688,0.4914358744630953,0.0,0.0,0.0,0.0,1.0,0.0,0.0,0.015408723000000001,0.17660599999999999,1.0,2020-04-17 11:56:41.000798
36,0.0046832140228808,0.0152787639142734,0.185546875,1,0.0053690362919668,0.4927270810825055,0.0,0.0,0.0,0.0,1.0,0.0,0.0,0.014441272,0.1743016,1.0,2020-04-17 12:10:22.000846
37,0.0028099284137285,0.0153466191518898,0.1679687499999999,1,0.0089030854968057,0.4923669486240305,0.0,0.0,0.0,0.0,1.0,0.0,0.0,0.014755627,0.17367470000000002,1.0,2020-04-17 12:24:24.000771
38,0.0062888874021542,0.0163443382614521,0.173828125,1,0.001087399755335,0.4950723339218425,0.0,0.0,0.0,0.0,1.0,0.0,0.0,0.013979627,0.17272724,1.0,2020-04-17 12:31:25.000407
39,0.0008028366896367,0.015104281117091998,0.166015625,1,0.0025825744189207,0.0944469331646859,0.0,0.0,0.0,0.0,1.0,0.0,0.0,0.015697805,0.1779828,1.0,2020-04-17 12:46:09.000747
40,0.0169264735398407,0.0165416578239899,0.19140625,1,0.0035340492048389,0.0954878038068636,0.0,0.0,0.0,0.0,1.0,0.0,0.0,0.013102001,0.17567137,1.0,2020-04-17 13:00:17.000341
41,0.0004014183448183,0.0165606902114088,0.166015625,1,0.0004077749082506,0.09482024120091001,0.0,0.0,0.0,0.0,1.0,0.0,0.0,0.015466203999999999,0.17716041,1.0,2020-04-17 13:04:29.000696
42,0.0034120559309559996,0.0149950354232621,0.1875,1,0.0021747995106701,0.0947455795936651,0.0,0.0,0.0,0.0,1.0,0.0,0.0,0.015042728,0.17754862,1.0,2020-04-17 13:17:54.000202
43,0.0006690305746972,0.0149792741290145,0.1796874999999999,1,0.0004077749082506,0.09497834813389901,0.0,0.0,0.0,0.0,1.0,0.0,0.0,0.015040791000000001,0.17482176,1.0,2020-04-17 13:29:36.000600
44,0.0032782498160165,0.0150483135107571,0.173828125,1,0.0145439717276063,0.094934429541402,0.0,0.0,0.0,0.0,1.0,0.0,0.0,0.014623408999999999,0.17437264,1.0,2020-04-17 13:41:25.000929
45,0.0001338061149394,0.0151870515317877,0.173828125,1,0.0002038874541253,0.0947719307491633,0.0,0.0,0.0,0.0,1.0,0.0,0.0,0.014984069,0.17251384,1.0,2020-04-17 13:52:27.000759
46,0.0011373519769853,0.016511260592324,0.1679687499999999,1,0.0025825744189207,0.0942844343724472,0.0,0.0,0.0,0.0,1.0,0.0,0.0,0.01489429,0.17374173,1.0,2020-04-17 13:58:29.000984
47,0.0101023616779286,0.0152817914600713,0.173828125,1,0.0015631371482941,0.0944513250239356,0.0,0.0,0.0,0.0,1.0,0.0,0.0,0.014122618,0.17763254,1.0,2020-04-17 14:10:59.000262
48,0.0001338061149394,0.0150751184186642,0.18359375,1,0.0020388745412532,0.1211889641360773,0.0,0.0,0.0,0.0,1.0,0.0,0.0,0.015438093,0.17682365,1.0,2020-04-17 14:24:02.000134
49,0.0018063825516826,0.0152117316988158,0.1796874999999999,1,0.0038738616283811,0.09435909597969198,0.0,0.0,0.0,0.0,1.0,0.0,0.0,0.01529607,0.1770531,1.0,2020-04-17 14:38:44.000236
50,0.0035458620458954,0.015637767439607,0.181640625,1,0.0014951746635857,0.0946709179864203,0.0,0.0,0.0,0.0,1.0,0.0,0.0,0.014526753,0.17381145,1.0,2020-04-17 14:47:46.000444
51,0.001204255034455,0.0152326956688519,0.1679687499999999,1,0.0051651488378415,0.1157957609774522,0.0,0.0,0.0,0.0,1.0,0.0,0.0,0.014839372,0.17137663,1.0,2020-04-17 14:57:36.000838
52,0.0040141834481835,0.0177806253038082,0.166015625,1,0.0022427619953785,0.0951715899408856,0.0,0.0,0.0,0.0,1.0,0.0,0.0,0.014567604,0.17287943,1.0,2020-04-17 15:09:51.000768
53,0.0024085100689101,0.0165321510782389,0.1699218749999999,1,0.000475737392959,0.0952813864221279,0.0,0.0,0.0,0.0,1.0,0.0,0.0,0.014965823,0.17458665,1.0,2020-04-17 15:19:30.000371
54,0.0068910149193818,0.0162103326178338,0.17578125,1,0.0256898192197906,0.4918574929510659,0.0,0.0,0.0,0.0,1.0,0.0,0.0,0.014418793999999999,0.17614558,1.0,2020-04-17 15:32:30.000950
55,0.0009366428045761,0.0152832779388681,0.1777343749999999,1,0.0051651488378415,0.49254701485326796,0.0,0.0,0.0,0.0,1.0,0.0,0.0,0.014973683,0.1730469,1.0,2020-04-17 15:43:44.000965
56,0.0064226935170937,0.0166756592685155,0.1679687499999999,1,0.0046894114448824,0.09457429708292699,0.0,0.0,0.0,0.0,1.0,0.0,0.0,0.014241641000000001,0.17475498,1.0,2020-04-17 15:59:17.000239
57,0.0022747039539706,0.0148959032440705,0.17578125,1,0.0048253364142993,0.0944776761794338,0.0,0.0,0.0,0.0,1.0,0.0,0.0,0.014617508000000001,0.17343493,1.0,2020-04-17 16:08:22.000274
58,0.0013380611493945,0.0151439520448671,0.1699218749999999,1,0.0019709120565447,0.4920463428988029,0.0,0.0,0.0,0.0,1.0,0.0,0.0,0.015412998999999998,0.17799479,1.0,2020-04-17 16:19:17.000653
59,0.0009366428045761,0.0150039102055698,0.189453125,1,0.0072719858638031,0.4926787706307589,0.0,0.0,0.0,0.0,1.0,0.0,0.0,0.015316835,0.17595696,1.0,2020-04-17 16:28:17.000199
60,0.0074931424366093,0.0161115363660539,0.173828125,1,0.0044855239907571,0.4930301193707344,0.0,0.0,0.0,0.0,1.0,0.0,0.0,0.014163998999999998,0.17489633,1.0,2020-04-17 16:39:45.000399
61,0.0238843915166923,0.0154188981336089,0.173828125,1,0.0011553622400434,0.4922878951575361,0.0,0.0,0.0,0.0,1.0,0.0,0.0,0.0118000265,0.17459372,1.0,2020-04-17 16:54:16.000278
62,0.005619856827457,0.015720741510296,0.1679687499999999,1,0.0016310996330025,0.4924899206830221,0.0,0.0,0.0,0.0,1.0,0.0,0.0,0.013840003,0.17136607,1.0,2020-04-17 17:03:58.000217
63,0.0019401886666220002,0.0149956925812612,0.1640625,1,0.0023786869647954,0.491971681291558,0.0,0.0,0.0,0.0,1.0,0.0,0.0,0.014508596,0.17097476,1.0,2020-04-17 17:16:48.000722
64,0.016123636850203998,0.0166226415247646,0.166015625,1,0.0021068370259616,0.4917740476253217,0.0,0.0,0.0,0.0,1.0,0.0,0.0,0.012819519,0.17428645,1.0,2020-04-17 17:27:27.000153
65,0.0003345152873486,0.0151373552703199,0.171875,1,0.0006116623623759,0.0972269800697427,0.0,0.0,0.0,0.0,1.0,0.0,0.0,0.014867334,0.17230564,1.0,2020-04-17 17:42:39.000787
66,0.0123101625744296,0.0161051537452317,0.1679687499999999,1,0.004009786597798,0.0945699052236774,0.0,0.0,0.0,0.0,1.0,0.0,0.0,0.013089186000000001,0.17252195,1.0,2020-04-17 17:50:41.000904
67,0.005619856827457,0.0151514264297773,0.166015625,1,0.0067962484708440005,0.0949519969784008,0.0,0.0,0.0,0.0,1.0,0.0,0.0,0.014088189,0.17315924,1.0,2020-04-17 18:03:46.000289
68,0.0031444437010771,0.0150030724865869,0.171875,1,0.0002038874541253,0.4923669486240305,0.0,0.0,0.0,0.0,1.0,0.0,0.0,0.01382125,0.16885176,1.0,2020-04-17 18:12:01.000400
69,0.0006021275172275,0.0151519681127287,0.154296875,1,0.0001359249694168,0.4924064753572778,0.0,0.0,0.0,0.0,1.0,0.0,0.0,0.014623856000000001,0.17081782,1.0,2020-04-17 18:30:25.000700
70,0.0042817956780624,0.0162037442414719,0.1699218749999999,1,0.0004077749082506,0.0942317320614509,0.0,0.0,0.0,0.0,1.0,0.0,0.0,0.014787486,0.17630225,1.0,2020-04-17 18:40:47.000237
71,0.0007359336321669,0.0150890867003518,0.181640625,1,0.0120973222781024,0.0948290249194093,0.0,0.0,0.0,0.0,1.0,0.0,0.0,0.015444076000000001,0.17717178,1.0,2020-04-17 18:49:49.000752
72,0.0,0.0155032935971586,0.181640625,1,0.0014272121788772,0.0950222667263959,0.0,0.0,0.0,0.0,1.0,0.0,0.0,0.015305301,0.17343307,1.0,2020-04-17 19:00:48.000839
73,0.0011373519769853,0.0176523430234667,0.1679687499999999,1,0.0011553622400434,0.0946884854234191,0.0,0.0,0.0,0.0,1.0,0.0,0.0,0.01566702,0.17867097,1.0,2020-04-17 19:09:21.000011
74,0.0056867598849267,0.0153518470222343,0.19140625,1,0.0076797607720538,0.0949256458229026,0.0,0.0,0.0,0.0,1.0,0.0,0.0,0.014877018999999998,0.17824505,1.0,2020-04-17 19:22:07.000757
75,0.0042817956780624,0.0153075234998073,0.1796874999999999,1,0.0004077749082506,0.4923142463130342,0.0,0.0,0.0,0.0,1.0,0.0,0.0,0.021597816000000002,0.1549227,1.0,2020-04-17 19:33:20.000069
76,0.0034789589884257,0.0886409078801102,0.1171875,1,0.0057768112002174,0.4931838344444738,0.0,0.0,0.0,0.0,1.0,0.0,0.0,0.018046108999999998,0.18219088,1.0,2020-04-17 19:45:23.000099
77,0.0022078008965009,0.0153020898739231,0.18359375,1,0.0001359249694168,0.4921122207875482,0.0,0.0,0.0,0.0,1.0,0.0,0.0,0.0146091785,0.1733475,1.0,2020-04-17 19:56:52.000190
78,0.0038134742757744,0.0150174438811685,0.166015625,1,0.0001359249694168,0.4919409382768101,0.0,0.0,0.0,0.0,1.0,0.0,0.0,0.01425956,0.17137107,1.0,2020-04-17 20:07:16.000975
79,0.0022078008965009,0.016325622905528,0.166015625,1,0.0118254723392687,0.4927622159565031,0.0,0.0,0.0,0.0,1.0,0.0,0.0,0.014052337,0.16936176,1.0,2020-04-17 20:18:05.000191
80,0.0048839231952899995,0.0150140489147641,0.1582031249999999,1,0.0016990621177110001,0.4920112080248053,0.0,0.0,0.0,0.0,1.0,0.0,0.0,0.015283478,0.17898977,1.0,2020-04-17 20:29:26.000225
81,0.0086304944135947,0.0167024788732468,0.197265625,1,0.0025825744189207,0.4922351928465397,0.0,0.0,0.0,0.0,1.0,0.0,0.0,0.015884152,0.18729767,1.0,2020-04-17 20:40:34.000307
82,0.0021408978390312,0.0156638627008568,0.208984375,1,0.0085632730732635,0.4924679613867735,0.0,0.0,0.0,0.0,1.0,0.0,0.0,0.016002467,0.1826764,1.0,2020-04-17 20:49:12.000800
83,0.0023416070114404,0.0149862026318808,0.189453125,1,0.0124371347016446,0.4925206636977698,0.0,0.0,0.0,0.0,1.0,0.0,0.0,0.014738677,0.17451803,1.0,2020-04-17 20:57:34.000345
84,0.0064226935170937,0.0149131447184758,0.1679687499999999,1,0.0012912872094603,0.4922439765650391,0.0,0.0,0.0,0.0,1.0,0.0,0.0,0.01398818,0.17341891,1.0,2020-04-17 21:10:10.000625
85,0.0129791931491269,0.0148847042639831,0.171875,1,0.0036020116895473,0.4927578240972533,0.0,0.0,0.0,0.0,1.0,0.0,0.0,0.014180383000000001,0.18075062,1.0,2020-04-17 21:18:49.000129
86,0.0002676122298789,0.0152224750773511,0.1953125,1,0.0084953105885551,0.49234498932778203,0.0,0.0,0.0,0.0,1.0,0.0,0.0,0.01573926,0.17765823,1.0,2020-04-17 21:28:32.000066
87,0.0018732856091523,0.0166142790317596,0.1777343749999999,1,0.0067282859861356,0.4921034370690489,0.0,0.0,0.0,0.0,1.0,0.0,0.0,0.016629828,0.18657097,1.0,2020-04-17 21:39:46.000243
88,0.0068910149193818,0.0148706205072477,0.216796875,1,0.0012233247247519,0.4925777578680158,0.0,0.0,0.0,0.0,1.0,0.0,0.0,0.014635128999999998,0.1775131,1.0,2020-04-17 21:47:34.000755
89,0.0040141834481835,0.0156964854516252,0.166015625,1,0.0032621992660051,0.4916862104403278,0.0,0.0,0.0,0.0,1.0,0.0,0.0,0.01455923,0.17469242,1.0,2020-04-17 22:00:23.000937
90,0.0002676122298789,0.0149933578857499,0.1777343749999999,1,0.0020388745412532,0.4923142463130342,0.0,0.0,0.0,0.0,1.0,0.0,0.0,0.014920248,0.17350537,1.0,2020-04-17 22:12:47.000355
91,0.0028768314711982,0.0151650944763407,0.1699218749999999,1,0.0067962484708440005,0.4919014115435629,0.0,0.0,0.0,0.0,1.0,0.0,0.0,0.014765908999999999,0.1738787,1.0,2020-04-17 22:20:34.000330
92,0.0002007091724091,0.0163104473847046,0.173828125,1,0.0010194372706266,0.4937064656951874,0.0,0.0,0.0,0.0,1.0,0.0,0.0,0.015220707,0.17483068,1.0,2020-04-17 22:32:06.000050
93,0.0087643005285341,0.0155606112117793,0.17578125,1,0.0086991980426804,0.4925953253050146,0.0,0.0,0.0,0.0,1.0,0.0,0.0,0.013866095,0.17462543,1.0,2020-04-17 22:44:35.000808
94,0.0020070917240917,0.0149867254189152,0.171875,1,0.0006116623623759,0.4921824905355433,0.0,0.0,0.0,0.0,1.0,0.0,0.0,0.014799101,0.17456073,1.0,2020-04-17 22:51:26.000441
95,0.0001338061149394,0.0149568635715618,0.17578125,1,0.0005436998776675,0.4925645822902668,0.0,0.0,0.0,0.0,1.0,0.0,0.0,0.01455058,0.17115775,1.0,2020-04-17 23:04:41.000395
96,0.0012711580919248,0.0148660917858288,0.162109375,1,0.0010194372706266,0.0951496306446371,0.0,0.0,0.0,0.0,1.0,0.0,0.0,0.01460558,0.17174351,1.0,2020-04-17 23:13:04.000018
97,0.0072255302067304,0.0158363782231334,0.1699218749999999,1,0.0013592496941688,0.0947411877344154,0.0,0.0,0.0,0.0,1.0,0.0,0.0,0.014432123,0.17648667,1.0,2020-04-17 23:25:55.000019
98,0.0119087442296112,0.0154450500826094,0.181640625,1,0.0055049612613837,0.0946313912531731,0.0,0.0,0.0,0.0,1.0,0.0,0.0,0.013224041,0.17344657,1.0,2020-04-17 23:33:52.000434
99,0.0074262393791396,0.0148738811026875,0.1640625,1,0.0038058991436726,0.094618215675424,0.0,0.0,0.0,0.0,1.0,0.0,0.0,0.013870722,0.17357217,1.0,2020-04-17 23:46:34.000351
100,0.0014718672643339,0.014915426925328998,0.173828125,1,0.0032621992660051,0.0953692236071218,0.0,0.0,0.0,0.0,1.0,0.0,0.0,0.015034583999999998,0.1741666,1.0,2020-04-17 23:55:00.000993
101,0.0019401886666220002,0.0165541837173535,0.173828125,1,0.0029223868424629,0.0948641597934069,0.0,0.0,0.0,0.0,0.0,1.0,0.0,0.016672818,0.1661777,1.0,2020-04-18 00:01:49.000793
102,0.0082290760687763,0.0163567822725091,0.173828125,1,0.0058447736849259,0.0946313912531731,0.0,0.0,0.0,0.0,0.0,1.0,0.0,0.016168323999999998,0.16837873,1.0,2020-04-18 00:15:17.000369
103,0.0022747039539706,0.0159173346298059,0.18359375,1,0.0082234606497213,0.0948509842156578,0.0,0.0,0.0,0.0,0.0,1.0,0.0,0.017047403,0.16542098,1.0,2020-04-18 00:23:30.000454
104,0.0034120559309559996,0.0154584682831604,0.166015625,1,0.0032621992660051,0.0943898389944399,0.0,0.0,0.0,0.0,0.0,1.0,0.0,0.015176354,0.16398062,1.0,2020-04-18 00:32:53.000050
105,0.0072255302067304,0.0161058528941573,0.162109375,1,0.0020388745412532,0.0944513250239356,0.0,0.0,0.0,0.0,0.0,1.0,0.0,0.014980225,0.16645882,1.0,2020-04-18 00:44:38.000104
106,0.0009366428045761,0.0148863922992268,0.17578125,1,0.0036699741742558,0.0945655133644277,0.0,0.0,0.0,0.0,0.0,1.0,0.0,0.016512124,0.16514371,1.0,2020-04-18 00:53:07.000722
107,0.0011373519769853,0.016667214893204,0.1679687499999999,1,0.0021747995106701,0.0949607806969002,0.0,0.0,0.0,0.0,0.0,1.0,0.0,0.01698388,0.16843283,1.0,2020-04-18 01:03:00.000851
108,0.0016725764367431,0.0149227942333768,0.189453125,1,0.0023786869647954,0.0949476051191511,0.0,0.0,0.0,0.0,0.0,1.0,0.0,0.018320797,0.16883163,1.0,2020-04-18 01:13:32.000973
109,0.0024085100689101,0.0149778128447737,0.185546875,1,0.0018349870871279,0.49218688239479297,0.0,0.0,0.0,0.0,0.0,1.0,0.0,0.018206282,0.1699433,1.0,2020-04-18 01:26:47.000001
110,0.0028768314711982,0.0161787743370512,0.193359375,1,0.0019709120565447,0.4924064753572778,0.0,0.0,0.0,0.0,0.0,1.0,0.0,0.018043248,0.16687396,1.0,2020-04-18 01:34:00.000492
111,0.0046163109654111,0.0168373789235988,0.171875,1,0.001087399755335,0.0976617741354625,0.0,0.0,0.0,0.0,0.0,1.0,0.0,0.016582532,0.16796646,1.0,2020-04-18 01:45:59.000570
112,0.0138489328962333,0.0157738033445197,0.18359375,1,0.0079516107108875,0.0950837527558916,0.0,0.0,0.0,0.0,0.0,1.0,0.0,0.01694618,0.17260349,1.0,2020-04-18 01:54:13.000985
113,0.0037465712183046,0.0149183872856446,0.203125,1,0.0027864618730459997,0.0945347703496798,0.0,0.0,0.0,0.0,0.0,1.0,0.0,0.019092469,0.16938047,1.0,2020-04-18 02:04:51.000825
114,0.0054191476550478,0.0149569055624882,0.18359375,1,0.0031262742965882,0.0947894981861621,0.0,0.0,0.0,0.0,0.0,1.0,0.0,0.016788809,0.16692027,1.0,2020-04-18 02:16:09.000303
115,0.007560045494079,0.0164660447627097,0.173828125,1,0.0106021476145167,0.0945874726606761,0.0,0.0,0.0,0.0,0.0,1.0,0.0,0.016690178,0.1699279,1.0,2020-04-18 02:26:17.000457
116,0.009767846390579999,0.0156923010558032,0.193359375,1,0.0012233247247519,0.0946269993939234,0.0,0.0,0.0,0.0,0.0,1.0,0.0,0.018662198,0.17397158,1.0,2020-04-18 02:36:13.000661
117,0.0086973974710644,0.015030150335516001,0.2109375,1,0.0039418241130895,0.09457429708292699,0.0,0.0,0.0,0.0,0.0,1.0,0.0,0.01871678,0.16891195,1.0,2020-04-18 02:43:42.000122
118,0.0052184384826386,0.0160871186423162,0.17578125,1,0.0023107244800869,0.0951584143631365,0.0,0.0,0.0,0.0,0.0,1.0,0.0,0.016162423000000002,0.16597162,1.0,2020-04-18 02:58:03.000120
119,0.0018732856091523,0.0151610948405952,0.1699218749999999,1,0.0,0.0944513250239356,0.0,0.0,0.0,0.0,0.0,1.0,0.0,0.016511528,0.16723865,1.0,2020-04-18 03:08:47.000198
120,0.009031912758413,0.0154978536726355,0.181640625,1,0.012029359793393998,0.09539557476261999,0.0,0.0,0.0,0.0,0.0,1.0,0.0,0.01685114,0.16978535,1.0,2020-04-18 03:19:32.000414
121,0.0034789589884257,0.015404440657627999,0.189453125,1,0.0093788228897648,0.0946445668309222,0.0,0.0,0.0,0.0,0.0,1.0,0.0,0.017458823999999998,0.16642416,1.0,2020-04-18 03:33:24.000278
122,0.0012711580919248,0.0159335452269666,0.1699218749999999,1,0.0009514747859181,0.0951540225038868,0.0,0.0,0.0,0.0,0.0,1.0,0.0,0.015717937,0.16338067,1.0,2020-04-18 03:41:25.000550
123,0.0095671372181708,0.0153137192610068,0.1582031249999999,1,0.0010194372706266,0.094618215675424,0.0,0.0,0.0,0.0,0.0,1.0,0.0,0.01370178,0.16447255,1.0,2020-04-18 03:56:54.000749
124,0.0016056733792734,0.0165549185585666,0.1640625,1,0.0085632730732635,0.0945874726606761,0.0,0.0,0.0,0.0,0.0,1.0,0.0,0.015660448,0.16472375,1.0,2020-04-18 04:06:16.000056
125,0.0058874690573359,0.015906444283028,0.1679687499999999,1,0.0061166236237596,0.09535165617012299,0.0,0.0,0.0,0.0,0.0,1.0,0.0,0.0155489575,0.16627687,1.0,2020-04-18 04:26:15.000785
126,0.0003345152873486,0.0153171730147083,0.173828125,1,0.0008155498165012,0.0949080783859038,0.0,0.0,0.0,0.0,0.0,1.0,0.0,0.016341416,0.16441165,1.0,2020-04-18 04:36:28.000645
127,0.0006021275172275,0.0155406949153583,0.1640625,1,0.0006116623623759,0.0945391622089295,0.0,0.0,0.0,0.0,0.0,1.0,0.0,0.015509112,0.16395657,1.0,2020-04-18 04:49:59.000403
128,0.0007359336321669,0.0157555330924161,0.1640625,1,0.0067962484708440005,0.0943459204019429,0.0,0.0,0.0,0.0,0.0,1.0,0.0,0.015855817,0.16528603,1.0,2020-04-18 04:58:36.000646
129,0.0038134742757744,0.0150055331548776,0.171875,1,0.0,0.0950969283336407,0.0,0.0,0.0,0.0,0.0,1.0,0.0,0.01564948,0.16465265,1.0,2020-04-18 05:13:15.000423
130,0.0021408978390312,0.0149919049996943,0.1640625,1,0.0054369987766752,0.0955492898363593,0.0,0.0,0.0,0.0,0.0,1.0,0.0,0.015885366,0.16667248,1.0,2020-04-18 05:20:45.000280
131,0.0008697397471064,0.0149006188251122,0.1796874999999999,1,0.0060486611390512,0.0945128110534313,0.0,0.0,0.0,0.0,0.0,1.0,0.0,0.017103879,0.16630857,1.0,2020-04-18 05:31:51.000687
132,0.0024085100689101,0.0161818543715072,0.173828125,1,0.0100584477368492,0.0945655133644277,0.0,0.0,0.0,0.0,0.0,1.0,0.0,0.016167952,0.16466472,1.0,2020-04-18 05:46:32.000821
133,0.0079614638388974,0.0149113349095453,0.1640625,1,0.0012912872094603,0.094934429541402,0.0,0.0,0.0,0.0,0.0,1.0,0.0,0.015616415,0.16944472,1.0,2020-04-18 06:01:48.000594
134,0.010503780022747,0.0151997936784226,0.193359375,1,0.0006116623623759,0.1022029565996469,0.0,0.0,0.0,0.0,0.0,1.0,0.0,0.016997052,0.16820015,1.0,2020-04-18 06:10:29.000691
135,0.006355790459624,0.0166877442571513,0.17578125,1,0.0117575098545602,0.1009073581209869,0.0,0.0,0.0,0.0,0.0,1.0,0.0,0.016313879,0.16703019,1.0,2020-04-18 06:20:09.000733
136,0.0019401886666220002,0.015957402371836,0.17578125,1,0.0097865977980154,0.09519354923713401,0.0,0.0,0.0,0.0,0.0,1.0,0.0,0.016343324,0.16463354,1.0,2020-04-18 06:34:36.000874
137,0.0068910149193818,0.0168218317830762,0.1640625,1,0.0065923610167187,0.0951540225038868,0.0,0.0,0.0,0.0,0.0,1.0,0.0,0.015605998999999999,0.16781078,1.0,2020-04-18 06:42:33.000240
138,0.0018063825516826,0.0153848350940629,0.18359375,1,0.0097865977980154,0.0950969283336407,0.0,0.0,0.0,0.0,0.0,1.0,0.0,0.017779542,0.16822985,1.0,2020-04-18 06:53:23.000134
139,0.0066903057469726,0.015592060316153001,0.18359375,1,0.0063884735625934,0.098057041467935,0.0,0.0,0.0,0.0,0.0,1.0,0.0,0.016530482,0.16643402,1.0,2020-04-18 07:03:06.000634
140,0.0024085100689101,0.0162275719926928,0.1699218749999999,1,0.0053010738072583,0.0950398341633947,0.0,0.0,0.0,0.0,0.0,1.0,0.0,0.016005812,0.16510361,1.0,2020-04-18 07:14:05.000459
141,0.0022747039539706,0.0151772508495515,0.1679687499999999,1,0.0070001359249694,0.0945391622089295,0.0,0.0,0.0,0.0,0.0,1.0,0.0,0.015888913,0.16559842,1.0,2020-04-18 07:27:35.000085
142,0.0036127651033652,0.0150710620951679,0.171875,1,6.796248470844094e-05,0.0951452387853874,0.0,0.0,0.0,0.0,0.0,1.0,0.0,0.015193773,0.16271263,1.0,2020-04-18 07:37:44.000300
143,0.0006690305746972,0.0151096895484204,0.15234375,1,0.0023107244800869,0.0944688924609344,0.0,0.0,0.0,0.0,0.0,1.0,0.0,0.015266685,0.16653710000000002,1.0,2020-04-18 07:46:15.000735
144,0.0016056733792734,0.0165497116836853,0.18359375,1,0.0056408862308005,0.0949476051191511,0.0,0.0,0.0,0.0,0.0,1.0,0.0,0.019104121,0.17275213,1.0,2020-04-18 07:55:34.000604
145,0.0120425503445507,0.0149661099735687,0.2109375,1,0.0048253364142993,0.0944908517571828,0.0,0.0,0.0,0.0,0.0,1.0,0.0,0.018151907,0.16890733,1.0,2020-04-18 08:07:10.000953
146,0.0020070917240917,0.0160191752237543,0.173828125,1,0.0048253364142993,0.4932584960517186,0.0,0.0,0.0,0.0,0.0,1.0,0.0,0.016596061999999998,0.16617095,1.0,2020-04-18 08:20:43.000243
147,0.0054191476550478,0.0161653393401297,0.173828125,1,0.0016310996330025,0.4919980324470562,0.0,0.0,0.0,0.0,0.0,1.0,0.0,0.016041128,0.16615768,1.0,2020-04-18 08:29:29.000681
148,0.0008697397471064,0.0166865517148398,0.171875,1,0.0033301617507136,0.4919628975730586,0.0,0.0,0.0,0.0,0.0,1.0,0.0,0.016767917,0.1663284,1.0,2020-04-18 08:38:37.000313
149,0.0040141834481835,0.0157759868726957,0.17578125,1,0.0121652847628109,0.4921561393800452,0.0,0.0,0.0,0.0,0.0,1.0,0.0,0.01668222,0.16738753,1.0,2020-04-18 08:53:27.000837
150,0.0022747039539706,0.0166457932220694,0.1796874999999999,1,0.0028544243577545,0.4929774170597381,0.0,0.0,0.0,0.0,0.0,1.0,0.0,0.016576154,0.16431889,1.0,2020-04-18 09:06:47.000764
151,0.0030775406436074,0.0149036421718174,0.1601562499999999,1,0.0182139459018621,0.4921078289282985,0.0,0.0,0.0,0.0,0.0,1.0,0.0,0.014917253,0.16463445,1.0,2020-04-18 09:15:43.000976
152,0.0014049642068642,0.0151974064942532,0.1679687499999999,1,0.0015631371482941,0.094833416778659,0.0,0.0,0.0,0.0,0.0,1.0,0.0,0.015605045500000001,0.16391583,1.0,2020-04-18 09:24:20.000793
153,0.0023416070114404,0.0151275398912594,0.162109375,1,0.0003398124235422,0.0946094319569246,0.0,0.0,0.0,0.0,0.0,1.0,0.0,0.015953643,0.16755308,1.0,2020-04-18 09:36:17.000657
154,0.0098347494480497,0.0150782047517591,0.185546875,1,0.0049612613837161,0.0959182060133336,0.0,0.0,0.0,0.0,0.0,1.0,0.0,0.01660849,0.16845913,1.0,2020-04-18 09:50:37.000837
155,0.0018063825516826,0.0148590289119979,0.1796874999999999,1,0.0004077749082506,0.0946797017049197,0.0,0.0,0.0,0.0,0.0,1.0,0.0,0.016981436000000003,0.16644147,1.0,2020-04-18 09:55:50.000306
156,0.0012711580919248,0.0149963014496949,0.173828125,1,0.0024466494495038,0.0953560480293727,0.0,0.0,0.0,0.0,0.0,1.0,0.0,0.016974193999999998,0.16765465,1.0,2020-04-18 10:06:48.000095
157,0.0089650097009433,0.0163437881803154,0.18359375,1,0.0012233247247519,0.0997610828568166,0.0,0.0,0.0,0.0,0.0,1.0,0.0,0.015994636,0.16544625,1.0,2020-04-18 10:18:57.000396
158,0.0029437345286679,0.0149829651314506,0.162109375,1,0.000475737392959,0.095610775865855,0.0,0.0,0.0,0.0,0.0,1.0,0.0,0.013942419,0.16026479,1.0,2020-04-18 10:30:10.000851
159,0.0003345152873486,0.0228398348931048,0.142578125,1,0.0002718499388337,0.4921605312392949,0.0,0.0,0.0,0.0,0.0,1.0,0.0,0.015033586000000002,0.164467,1.0,2020-04-18 10:43:23.000146
160,0.0028768314711982,0.0149006209246585,0.171875,1,0.0163109963300258,0.4926041090235141,0.0,0.0,0.0,0.0,0.0,1.0,0.0,0.016081301,0.16579618,1.0,2020-04-18 10:55:44.000392
161,0.0067572088044423,0.0161085550102751,0.171875,1,6.796248470844094e-05,0.4926787706307589,0.0,0.0,0.0,0.0,0.0,1.0,0.0,0.015537871000000002,0.16560957,1.0,2020-04-18 11:10:13.000070
162,0.0018732856091523,0.0150507825772331,0.1679687499999999,1,0.0117575098545602,0.4922527602835384,0.0,0.0,0.0,0.0,0.0,1.0,0.0,0.015603019,0.16427945,1.0,2020-04-18 11:20:28.000797
163,0.005619856827457,0.0149932823020823,0.1640625,1,0.0047573739295908,0.0952901701406273,0.0,0.0,0.0,0.0,0.0,1.0,0.0,0.015462561000000001,0.16729058,1.0,2020-04-18 11:33:24.000064
164,0.000468321402288,0.0156544714301536,0.181640625,1,0.0062525485931765,0.0944776761794338,0.0,0.0,0.0,0.0,0.0,1.0,0.0,0.017273781999999998,0.16579660000000002,1.0,2020-04-18 11:41:50.000679
165,0.0016056733792734,0.0151449430307316,0.1699218749999999,1,0.0067962484708440005,0.0948026737639112,0.0,0.0,0.0,0.0,0.0,1.0,0.0,0.01688276,0.16851452,1.0,2020-04-18 11:56:10.000461
166,0.0129122900916571,0.0149256769104784,0.189453125,1,6.796248470844094e-05,0.49234498932778203,0.0,0.0,0.0,0.0,0.0,1.0,0.0,0.015981672,0.16699803,1.0,2020-04-18 12:09:13.000858
167,0.0008697397471064,0.0153263690276034,0.1679687499999999,1,0.0029223868424629,0.5116340351524414,0.0,0.0,0.0,0.0,0.0,1.0,0.0,0.016110523,0.16547879999999998,1.0,2020-04-18 12:17:30.000516
168,0.0003345152873486,0.0148920421783823,0.171875,1,0.0027184993883376,0.0952857782813776,0.0,0.0,0.0,0.0,0.0,1.0,0.0,0.016291453,0.16495587,1.0,2020-04-18 12:33:42.000533
169,0.0017394794942128,0.0151065129348335,0.1679687499999999,1,0.0019029495718363,0.0957952339543422,0.0,0.0,0.0,0.0,0.0,1.0,0.0,0.015546022,0.1639451,1.0,2020-04-18 12:45:06.000941
170,0.0260252893557235,0.0150964750038627,0.162109375,1,0.0019709120565447,0.1020053229334106,0.0,0.0,0.0,0.0,0.0,1.0,0.0,0.012252493,0.16849512,1.0,2020-04-18 13:01:12.000906
171,0.0018732856091523,0.0152753332555815,0.1777343749999999,1,0.0002718499388337,0.0948422004971584,0.0,0.0,0.0,0.0,0.0,1.0,0.0,0.016776217,0.16603608,1.0,2020-04-18 13:09:07.000622
172,0.0008028366896367,0.0152974099851689,0.171875,1,0.0035340492048389,0.0946313912531731,0.0,0.0,0.0,0.0,0.0,1.0,0.0,0.016835598,0.16721052,1.0,2020-04-18 13:19:05.000130
173,0.0015387703218037,0.0162309564613656,0.181640625,1,0.0012233247247519,0.4919672894323083,0.0,0.0,0.0,0.0,0.0,1.0,0.0,0.017259223,0.16618349,1.0,2020-04-18 13:30:43.000457
174,0.0064895965745634,0.0165771821477768,0.171875,1,0.0083593856191382,0.4921605312392949,0.0,0.0,0.0,0.0,0.0,1.0,0.0,0.016201181000000002,0.16781522,1.0,2020-04-18 13:42:14.000723
175,0.0050846323676992,0.0157183879188678,0.181640625,1,0.0048253364142993,0.0946489586901719,0.0,0.0,0.0,0.0,0.0,1.0,0.0,0.017364709,0.16911814,1.0,2020-04-18 13:53:36.000979
176,0.0036127651033652,0.0149966289789213,0.1875,1,0.0014272121788772,0.0955053712438623,0.0,0.0,0.0,0.0,0.0,1.0,0.0,0.017558573,0.16762903,1.0,2020-04-18 14:01:35.000331
177,0.0017394794942128,0.0153021612584981,0.1777343749999999,1,0.0029903493271714,0.0947851063269124,0.0,0.0,0.0,0.0,0.0,1.0,0.0,0.017212642,0.16763677,1.0,2020-04-18 14:12:54.000577
178,0.0036796681608349,0.0149619591704879,0.181640625,1,0.0104662226450999,0.0948729435119063,0.0,0.0,0.0,0.0,0.0,1.0,0.0,0.016890628,0.1667122,1.0,2020-04-18 14:24:41.000770
179,0.0012711580919248,0.0151432360995709,0.173828125,1,0.0025146119342123,0.0943371366834435,0.0,0.0,0.0,0.0,0.0,1.0,0.0,0.016742347,0.16668522,1.0,2020-04-18 14:38:54.000298
180,0.0056867598849267,0.0167413351770485,0.1777343749999999,1,0.0014951746635857,0.0951320632076383,0.0,0.0,0.0,0.0,0.0,1.0,0.0,0.016412957,0.16641596,1.0,2020-04-18 14:51:09.000426
181,0.0045494079079413,0.0162065219412574,0.171875,1,0.0046894114448824,0.0948509842156578,0.0,0.0,0.0,0.0,0.0,1.0,0.0,0.0164299,0.16762201,1.0,2020-04-18 15:02:25.000494
182,0.0032782498160165,0.0156229005520931,0.181640625,1,0.001087399755335,0.0964627965602958,0.0,0.0,0.0,0.0,0.0,1.0,0.0,0.016948206,0.16636872,1.0,2020-04-18 15:20:44.000625
183,0.0002676122298789,0.0154296268153199,0.171875,1,0.0186217208101128,0.09456112150517801,0.0,0.0,0.0,0.0,0.0,1.0,0.0,0.016209213,0.16433573,1.0,2020-04-18 15:28:53.000348
184,0.0029437345286679,0.0149725681780586,0.1640625,1,0.0125050971863531,0.103480987641308,0.0,0.0,0.0,0.0,0.0,1.0,0.0,0.015260516000000002,0.1647797,1.0,2020-04-18 15:41:01.000083
185,0.0030106375861376,0.0161456120028779,0.1679687499999999,1,0.0016310996330025,0.0944469331646859,0.0,0.0,0.0,0.0,0.0,1.0,0.0,0.016547782,0.16821234,1.0,2020-04-18 15:54:13.000419
186,0.0046832140228808,0.0163837236509272,0.1875,1,0.001087399755335,0.5176860171985208,0.0,0.0,0.0,0.0,0.0,1.0,0.0,0.017422123,0.16713892,1.0,2020-04-18 16:09:05.000256
187,0.002676122298789,0.0154160700447117,0.173828125,1,0.0049612613837161,0.516921833689074,0.0,0.0,0.0,0.0,0.0,1.0,0.0,0.016761271,0.1675232,1.0,2020-04-18 16:18:32.000974
188,0.0014718672643339,0.0153189009413322,0.181640625,1,0.005708848715508999,0.5183799309599726,0.0,0.0,0.0,0.0,0.0,1.0,0.0,0.016922621000000002,0.16523577,1.0,2020-04-18 16:32:19.000610
189,0.0013380611493945,0.0152160420674171,0.166015625,1,0.0022427619953785,0.4917520883290733,0.0,0.0,0.0,0.0,0.0,1.0,0.0,0.016596435,0.16828424,1.0,2020-04-18 16:43:03.000697
190,0.0010704489195156,0.0153238810652106,0.189453125,1,0.016039146391192,0.4952611838695794,0.0,0.0,0.0,0.0,0.0,1.0,0.0,0.016680656000000002,0.16199002,1.0,2020-04-18 16:53:39.000806
191,0.0068910149193818,0.0253157332928081,0.146484375,1,0.0056408862308005,0.0946621342679209,0.0,0.0,0.0,0.0,0.0,1.0,0.0,0.014669743999999998,0.16504854,1.0,2020-04-18 17:08:00.000322
192,0.0034789589884257,0.0149835383075968,0.1699218749999999,1,0.0026505369036291,0.0949871318523984,0.0,0.0,0.0,0.0,0.0,1.0,0.0,0.016430942,0.16804305,1.0,2020-04-18 17:20:44.000765
193,0.0096340402756405,0.0149768302570945,0.185546875,1,0.0048253364142993,0.0967702267077744,0.0,0.0,0.0,0.0,0.0,1.0,0.0,0.016605569,0.16838406,1.0,2020-04-18 17:32:25.000963
194,0.0010035458620458,0.0161981489505208,0.1796874999999999,1,0.0055729237460921,0.4924372183720256,0.0,0.0,0.0,0.0,0.0,1.0,0.0,0.0172673,0.1664086,1.0,2020-04-18 17:46:33.000522
195,0.0092995249882919,0.0152182633874269,0.173828125,1,0.0054369987766752,0.4922176254095409,0.0,0.0,0.0,0.0,0.0,1.0,0.0,0.01587793,0.16846552,1.0,2020-04-18 17:56:42.000819
196,0.0035458620458954,0.0151567319833358,0.18359375,1,0.0067282859861356,0.0947411877344154,0.0,0.0,0.0,0.0,0.0,1.0,0.0,0.01765552,0.16899404,1.0,2020-04-18 18:11:47.000698
197,0.0088312035860038,0.0163746851040062,0.1875,1,0.0019029495718363,0.0951540225038868,0.0,0.0,0.0,0.0,0.0,1.0,0.0,0.016838608,0.16755036,1.0,2020-04-18 18:21:34.000227
198,0.0006021275172275,0.0148737194376206,0.173828125,1,0.0060486611390512,0.0943371366834435,0.0,0.0,0.0,0.0,0.0,1.0,0.0,0.01715332,0.1679588,1.0,2020-04-18 18:33:01.000990
199,0.0001338061149394,0.0150112145272279,0.185546875,1,0.0023786869647954,0.0948861190896554,0.0,0.0,0.0,0.0,0.0,1.0,0.0,0.017813218999999998,0.16689791,1.0,2020-04-18 18:50:52.000665
200,0.0037465712183046,0.0149978656117056,0.17578125,1,6.796248470844094e-05,0.0945918645199258,0.0,0.0,0.0,0.0,0.0,1.0,0.0,0.016704423,0.1676633,1.0,2020-04-18 18:57:04.000185
201,0.0011373519769853,0.016363026323274,0.181640625,1,0.0029903493271714,0.4916818185810782,0.0,0.0,0.0,0.0,0.0,1.0,0.0,0.017180992,0.16554323,1.0,2020-04-18 19:07:02.000447
202,0.0008028366896367,0.0157537316816709,0.1679687499999999,1,0.001087399755335,0.4923054625945348,0.0,0.0,0.0,0.0,0.0,1.0,0.0,0.016090317,0.16515857,1.0,2020-04-18 19:21:04.000947
203,0.0062219843446845,0.0151602529225196,0.1699218749999999,1,0.0048253364142993,0.0953560480293727,0.0,0.0,0.0,0.0,0.0,1.0,0.0,0.015474496,0.16602215,1.0,2020-04-18 19:33:53.000231
204,0.0008028366896367,0.0161843465329928,0.171875,1,0.0033301617507136,0.0956590863176017,0.0,0.0,0.0,0.0,0.0,1.0,0.0,0.01678194,0.16658857,1.0,2020-04-18 19:43:50.000084
205,0.0102361677928681,0.016648207700341002,0.1777343749999999,1,0.0,0.0945303784904301,0.0,0.0,0.0,0.0,0.0,1.0,0.0,0.015930174,0.16751598,1.0,2020-04-18 19:57:06.000017
206,0.0079614638388974,0.0152975128629387,0.17578125,1,0.0013592496941688,0.095079360896642,0.0,0.0,0.0,0.0,0.0,1.0,0.0,0.015491663000000001,0.16551960000000002,1.0,2020-04-18 20:11:59.000157
207,0.0021408978390312,0.0161945209344745,0.166015625,1,0.0100584477368492,0.1088785826591829,0.0,0.0,0.0,0.0,0.0,1.0,0.0,0.016594259,0.16835225,1.0,2020-04-18 20:24:54.000391
208,0.0067572088044423,0.0164815793059543,0.189453125,1,0.0021068370259616,0.1219575395047739,0.0,0.0,0.0,0.0,0.0,1.0,0.0,0.017940043,0.16993806,1.0,2020-04-18 20:36:46.000757
209,0.0024085100689101,0.0168197931235965,0.189453125,1,0.0019029495718363,0.0949036865266542,0.0,0.0,0.0,0.0,0.0,1.0,0.0,0.016036896000000002,0.15971752,1.0,2020-04-18 20:44:23.000242
210,0.0140496420686425,0.0308760143089372,0.1328125,1,0.0068642109555525,0.0951803736593849,0.0,0.0,0.0,0.0,0.0,1.0,0.0,0.013208626000000001,0.16520521,1.0,2020-04-18 20:57:47.000170
211,0.0030775406436074,0.0164714699904086,0.1699218749999999,1,0.0029903493271714,0.0944864598979332,0.0,0.0,0.0,0.0,0.0,1.0,0.0,0.015944837,0.1651825,1.0,2020-04-18 21:07:38.000383
212,0.0052184384826386,0.0150092241573136,0.1679687499999999,1,0.0031262742965882,0.0952330759703813,0.0,0.0,0.0,0.0,0.0,1.0,0.0,0.01576644,0.16712117,1.0,2020-04-18 21:20:01.000623
213,0.0104368769652773,0.0157716849022797,0.1796874999999999,1,0.0042816365366317,0.0947543633121645,0.0,0.0,0.0,0.0,0.0,1.0,0.0,0.016528053,0.16984649999999998,1.0,2020-04-18 21:26:08.000909
214,0.000468321402288,0.0150342234553828,0.189453125,1,0.0027864618730459997,0.0947060528604179,0.0,0.0,0.0,0.0,0.0,1.0,0.0,0.017506046,0.1648328,1.0,2020-04-18 21:37:05.000616
215,0.0034789589884257,0.0163000525308589,0.162109375,1,0.0,0.0948465923564081,0.0,0.0,0.0,0.0,0.0,1.0,0.0,0.015116556000000001,0.16447910000000002,1.0,2020-04-18 21:43:50.000524
216,0.0008028366896367,0.0157862914460495,0.166015625,1,0.0033981242354220002,0.1085667606524546,0.0,0.0,0.0,0.0,0.0,1.0,0.0,0.016506715,0.16731165,1.0,2020-04-18 21:55:00.000897
217,0.0039472803907138,0.0149290256868637,0.18359375,1,0.0063205110778850005,0.0948465923564081,0.0,0.0,0.0,0.0,0.0,1.0,0.0,0.01652324,0.16491912,1.0,2020-04-18 22:06:40.000926
218,0.0003345152873486,0.0149915123845319,0.162109375,1,0.0035340492048389,0.09482024120091001,0.0,0.0,0.0,0.0,0.0,1.0,0.0,0.015644787,0.16511042,1.0,2020-04-18 22:15:27.000983
219,0.0086304944135947,0.0153222413195322,0.171875,1,0.0042816365366317,0.0944645006016847,0.0,0.0,0.0,0.0,0.0,1.0,0.0,0.015003575,0.16511138,1.0,2020-04-18 22:28:22.000900
220,0.0037465712183046,0.0151726549426502,0.1640625,1,0.0023107244800869,0.0947587551714142,0.0,0.0,0.0,0.0,0.0,1.0,0.0,0.015167637,0.16484909,1.0,2020-04-18 22:37:17.000189
221,0.0046832140228808,0.0165030870584882,0.1679687499999999,1,0.0006116623623759,0.095092536474391,0.0,0.0,0.0,0.0,0.0,1.0,0.0,0.015949799,0.16679159,1.0,2020-04-18 22:51:07.000837
222,0.0035458620458954,0.0161978487153966,0.1777343749999999,1,0.0019029495718363,0.0948290249194093,0.0,0.0,0.0,0.0,0.0,1.0,0.0,0.017067118,0.16782529999999998,1.0,2020-04-18 22:59:45.000269
223,6.690305746972637e-05,0.0153713098166494,0.181640625,1,0.0015631371482941,0.0952726027036285,0.0,0.0,0.0,0.0,0.0,1.0,0.0,0.017706765,0.16735724,1.0,2020-04-18 23:08:26.000115
224,0.0016725764367431,0.0148870011676605,0.1796874999999999,1,0.0036699741742558,0.0948992946674045,0.0,0.0,0.0,0.0,0.0,1.0,0.0,0.016426621000000002,0.16417861,1.0,2020-04-18 23:23:25.000866
225,0.0018063825516826,0.0153155353685762,0.1601562499999999,1,0.0061845861084681,0.0949871318523984,0.0,0.0,0.0,0.0,0.0,1.0,0.0,0.016300557,0.16901594,1.0,2020-04-18 23:32:23.000634
226,0.0006021275172275,0.0150029696088171,0.1953125,1,0.0105341851298083,0.0943371366834435,0.0,0.0,0.0,0.0,0.0,1.0,0.0,0.01862478,0.16767563,1.0,2020-04-18 23:43:42.000393
227,0.0014718672643339,0.0167002050645789,0.1777343749999999,1,0.0006796248470844,0.0942712587946981,0.0,0.0,0.0,0.0,0.0,1.0,0.0,0.017105086000000002,0.16638437,1.0,2020-04-18 23:53:22.000663
228,0.0003345152873486,0.0150006811033249,0.173828125,1,0.0048932988990077,0.0946313912531731,0.0,0.0,0.0,0.0,0.0,0.0,1.0,0.016335001000000002,0.16549228,1.0,2020-04-19 00:04:46.000686
229,0.0060881782297450004,0.0149711236901883,0.162109375,1,0.0096506728285986,0.0946489586901719,0.0,0.0,0.0,0.0,0.0,0.0,1.0,0.013745083,0.16710441,1.0,2020-04-19 00:17:22.000363
230,0.0,0.0149019310415641,0.173828125,1,0.0241946445562049,0.0946797017049197,0.0,0.0,0.0,0.0,0.0,0.0,1.0,0.016797004,0.16733442,1.0,2020-04-19 00:26:06.000083
231,0.0110390044825048,0.0149033566335175,0.1699218749999999,1,0.0060486611390512,0.0950617934596432,0.0,0.0,0.0,0.0,0.0,0.0,1.0,0.013973853,0.17059337,1.0,2020-04-19 00:36:52.000706
232,0.001204255034455,0.014996074698691998,0.1796874999999999,1,0.0063884735625934,0.4935615343399475,0.0,0.0,0.0,0.0,0.0,0.0,1.0,0.017088553,0.16712289,1.0,2020-04-19 00:52:03.000763
233,0.0127784839767177,0.0148732134469567,0.1640625,1,0.0021068370259616,0.49254701485326796,0.0,0.0,0.0,0.0,0.0,0.0,1.0,0.012334798999999999,0.16803543,1.0,2020-04-19 01:02:13.000090
234,0.0071586271492607,0.0163285727681119,0.171875,1,0.0053010738072583,0.4919101952620623,0.0,0.0,0.0,0.0,0.0,0.0,1.0,0.014940536,0.16817425,1.0,2020-04-19 01:13:38.000738
235,0.001204255034455,0.0163539499845193,0.1699218749999999,1,0.0015631371482941,0.4930608623854823,0.0,0.0,0.0,0.0,0.0,0.0,1.0,0.015845468,0.1584307,1.0,2020-04-19 01:19:58.000792
236,0.0022078008965009,0.0568022641793086,0.1328125,1,0.0078836482261791,0.4917828313438211,0.0,0.0,0.0,0.0,0.0,0.0,1.0,0.015604479,0.17000619,1.0,2020-04-19 01:34:57.000868
237,0.0003345152873486,0.0149591415793223,0.1796874999999999,1,0.0038738616283811,0.4940226795611655,0.0,0.0,0.0,0.0,0.0,0.0,1.0,0.017937375,0.1697899,1.0,2020-04-19 01:43:46.000586
238,0.0022078008965009,0.0165481685171378,0.17578125,1,0.0106021476145167,0.0948905109489051,0.0,0.0,0.0,0.0,0.0,0.0,1.0,0.015773376000000002,0.15886304,1.0,2020-04-19 01:56:02.000835
239,0.0006021275172275,0.0405872831659154,0.130859375,1,0.0006116623623759,0.0945567296459283,0.0,0.0,0.0,0.0,0.0,0.0,1.0,0.013545683000000001,0.16533677,1.0,2020-04-19 02:04:29.000226
240,0.0042817956780624,0.0162264046449371,0.173828125,1,0.0006116623623759,0.0951320632076383,0.0,0.0,0.0,0.0,0.0,0.0,1.0,0.016186757,0.16956632,1.0,2020-04-19 02:18:43.000252
241,0.0002007091724091,0.0149744493715641,0.17578125,1,0.0060486611390512,0.0948378086379087,0.0,0.0,0.0,0.0,0.0,0.0,1.0,0.019799603,0.18102734,1.0,2020-04-19 02:31:27.000395
242,0.0006021275172275,0.0150506041157956,0.224609375,1,0.0014951746635857,0.095035442304145,0.0,0.0,0.0,0.0,0.0,0.0,1.0,0.024116745,0.17521402,1.0,2020-04-19 02:38:44.000385
243,0.0010704489195156,0.0153753493437751,0.166015625,1,0.0021068370259616,0.0949871318523984,0.0,0.0,0.0,0.0,0.0,0.0,1.0,0.015360971999999999,0.16566631,1.0,2020-04-19 02:52:00.000539
244,0.0026092192413193,0.0162018294552252,0.1679687499999999,1,0.0004077749082506,0.0958084095320913,0.0,0.0,0.0,0.0,0.0,0.0,1.0,0.015465533,0.16682737,1.0,2020-04-19 03:03:28.000061
245,0.0011373519769853,0.0162089910077333,0.1699218749999999,1,0.0084953105885551,0.5021124842991033,0.0,0.0,0.0,0.0,0.0,0.0,1.0,0.015500767,0.16414696,1.0,2020-04-19 03:14:51.000224
246,0.0060212751722753,0.0150861557336847,0.1582031249999999,1,0.0008835123012097,0.4988844677505776,0.0,0.0,0.0,0.0,0.0,0.0,1.0,0.014075121000000001,0.17070691,1.0,2020-04-19 03:25:59.000303
247,0.0068910149193818,0.0148859870867865,0.19140625,1,0.0109419600380589,0.5015020158633956,0.0,0.0,0.0,0.0,0.0,0.0,1.0,0.01862955,0.17563696,1.0,2020-04-19 03:33:26.000876
248,0.0034789589884257,0.0161121704290435,0.1875,1,0.0016310996330025,0.5023847795725843,0.0,0.0,0.0,0.0,0.0,0.0,1.0,0.0187117,0.17325605,1.0,2020-04-19 03:47:26.000440
249,0.0049508262527597,0.0151518358413103,0.181640625,1,0.0030583118118798,0.5024462656020799,0.0,0.0,0.0,0.0,0.0,0.0,1.0,0.016707262,0.16892526,1.0,2020-04-19 03:59:53.000391
250,0.0009366428045761,0.0162749482554736,0.1679687499999999,1,6.796248470844094e-05,0.5033685560445159,0.0,0.0,0.0,0.0,0.0,0.0,1.0,0.016838824,0.17139229,1.0,2020-04-19 04:09:56.000744
251,0.0010704489195156,0.0151467465410231,0.189453125,1,0.0080875356803044,0.501339517071157,0.0,0.0,0.0,0.0,0.0,0.0,1.0,0.018839521,0.16973704,1.0,2020-04-19 04:21:25.000295
252,0.0078276577239579,0.0164891250754395,0.1679687499999999,1,0.0031942367812967,0.5029249782602968,0.0,0.0,0.0,0.0,0.0,0.0,1.0,0.01599027,0.17615265,1.0,2020-04-19 04:33:22.000139
253,0.0099016525055195,0.0167967611004321,0.205078125,1,0.0056408862308005,0.0945479459274289,0.0,0.0,0.0,0.0,0.0,0.0,1.0,0.019428825,0.17545786,1.0,2020-04-19 04:41:52.000859
254,0.0019401886666220002,0.0150983163059881,0.173828125,1,0.0035340492048389,0.0955976002881059,0.0,0.0,0.0,0.0,0.0,0.0,1.0,0.016243858,0.16716114,1.0,2020-04-19 04:52:41.000728
255,0.000468321402288,0.0149945546271541,0.1679687499999999,1,0.0097865977980154,0.0950486178818941,0.0,0.0,0.0,0.0,0.0,0.0,1.0,0.016133545,0.16778776,1.0,2020-04-19 05:02:45.000251
256,0.0030106375861376,0.0156394554748507,0.17578125,1,0.0024466494495038,0.1032262598048258,0.0,0.0,0.0,0.0,0.0,0.0,1.0,0.016627675,0.16916378,1.0,2020-04-19 05:14:46.000926
257,0.0183983408041747,0.0150063519779436,0.173828125,1,0.0084273481038466,0.4932101855999719,0.0,0.0,0.0,0.0,0.0,0.0,1.0,0.013079917,0.17378172,1.0,2020-04-19 05:30:13.000583
258,0.0016056733792734,0.01611781400956,0.185546875,1,6.796248470844094e-05,0.4922571521427882,0.0,0.0,0.0,0.0,0.0,0.0,1.0,0.018240264,0.16926913,1.0,2020-04-19 05:38:23.000987
259,0.0076938516090185,0.0166040458429808,0.1679687499999999,1,0.0033981242354220002,0.4926128927420135,0.0,0.0,0.0,0.0,0.0,0.0,1.0,0.014118506000000001,0.16717769,1.0,2020-04-19 05:49:25.000103
260,0.0056867598849267,0.0149644891238073,0.1679687499999999,1,0.0021068370259616,0.118791008985744,0.0,0.0,0.0,0.0,0.0,0.0,1.0,,,,
