,date,server,tactic,Latency,Cost,Reliability,Predicted_Latency,Predicted_Cost,Predicted_Reliability
20,0.0,7.0,1.0,1.0,6.0,1.0,0.0,17.0,1.0
21,0.0,7.0,2.0,0.0,16.0,1.0,0.0,18.0,1.0
22,0.0,7.0,3.0,0.0,19.0,1.0,2.0,17.0,1.0
23,0.0,7.0,4.0,2.0,17.0,1.0,1.0,13.0,1.0
24,0.0,7.0,5.0,0.0,15.0,1.0,2.0,4.0,1.0
56,0.0,7.0,1.0,0.0,6.0,1.0,0.0,17.0,1.0
57,0.0,7.0,2.0,0.0,16.0,1.0,0.0,16.0,1.0
58,0.0,7.0,3.0,0.0,13.0,1.0,2.0,17.0,1.0
59,0.0,7.0,4.0,2.0,16.0,1.0,0.0,13.0,1.0
60,0.0,7.0,5.0,2.0,16.0,1.0,2.0,4.0,1.0
96,0.0,7.0,1.0,0.0,6.0,1.0,0.0,16.0,1.0
97,0.0,7.0,2.0,0.0,16.0,1.0,0.0,15.0,1.0
98,0.0,7.0,3.0,0.0,19.0,1.0,2.0,17.0,1.0
99,0.0,7.0,4.0,2.0,17.0,1.0,0.0,17.0,1.0
100,0.0,7.0,5.0,2.0,15.0,1.0,2.0,4.0,1.0
136,0.0,7.0,1.0,0.0,6.0,1.0,0.0,16.0,1.0
137,0.0,7.0,2.0,0.0,16.0,1.0,0.0,16.0,1.0
138,0.0,7.0,3.0,0.0,19.0,1.0,2.0,17.0,1.0
139,0.0,7.0,4.0,2.0,16.0,1.0,0.0,15.0,1.0
140,0.0,7.0,5.0,2.0,2.0,1.0,2.0,4.0,1.0
171,0.0,7.0,1.0,0.0,6.0,1.0,0.0,16.0,1.0
172,0.0,7.0,2.0,0.0,16.0,1.0,0.0,19.0,1.0
173,0.0,7.0,3.0,0.0,19.0,1.0,2.0,17.0,1.0
174,0.0,7.0,4.0,2.0,16.0,1.0,1.0,15.0,1.0
175,0.0,7.0,5.0,2.0,3.0,1.0,1.0,3.0,1.0
211,0.0,7.0,1.0,0.0,6.0,1.0,0.0,17.0,1.0
212,0.0,7.0,2.0,0.0,16.0,1.0,0.0,17.0,1.0
213,0.0,7.0,3.0,0.0,13.0,1.0,2.0,17.0,1.0
214,0.0,7.0,4.0,2.0,17.0,1.0,0.0,12.0,1.0
215,0.0,7.0,5.0,2.0,16.0,1.0,2.0,4.0,1.0
251,0.0,7.0,1.0,0.0,5.0,1.0,0.0,17.0,1.0
252,0.0,7.0,2.0,0.0,16.0,1.0,0.0,15.0,1.0
253,0.0,7.0,3.0,0.0,18.0,1.0,2.0,17.0,1.0
254,0.0,7.0,4.0,2.0,16.0,1.0,1.0,14.0,1.0
255,0.0,7.0,5.0,2.0,17.0,1.0,2.0,4.0,1.0
291,0.0,7.0,1.0,0.0,6.0,1.0,0.0,16.0,1.0
292,0.0,7.0,2.0,0.0,16.0,1.0,0.0,15.0,1.0
293,0.0,7.0,3.0,0.0,16.0,1.0,2.0,17.0,1.0
294,0.0,7.0,4.0,2.0,17.0,1.0,1.0,17.0,1.0
295,0.0,7.0,5.0,2.0,16.0,1.0,2.0,3.0,1.0
331,0.0,7.0,1.0,0.0,6.0,1.0,0.0,17.0,1.0
332,0.0,7.0,2.0,0.0,16.0,1.0,0.0,16.0,1.0
333,0.0,7.0,3.0,0.0,18.0,1.0,2.0,17.0,1.0
334,0.0,7.0,4.0,2.0,16.0,1.0,0.0,14.0,1.0
335,0.0,7.0,5.0,2.0,16.0,1.0,2.0,3.0,1.0
371,0.0,7.0,1.0,0.0,6.0,1.0,0.0,17.0,1.0
372,0.0,7.0,2.0,0.0,16.0,1.0,0.0,16.0,1.0
373,0.0,7.0,3.0,0.0,13.0,1.0,2.0,17.0,1.0
374,0.0,7.0,4.0,2.0,16.0,1.0,0.0,13.0,1.0
375,0.0,7.0,5.0,2.0,16.0,1.0,2.0,4.0,1.0
411,0.0,7.0,1.0,0.0,6.0,1.0,0.0,16.0,1.0
412,0.0,7.0,2.0,0.0,16.0,1.0,0.0,16.0,1.0
413,0.0,7.0,3.0,0.0,14.0,1.0,2.0,17.0,1.0
414,0.0,7.0,4.0,2.0,16.0,1.0,0.0,12.0,1.0
415,0.0,7.0,5.0,2.0,16.0,1.0,2.0,4.0,1.0
447,0.0,7.0,1.0,1.0,6.0,1.0,0.0,16.0,1.0
448,0.0,7.0,2.0,0.0,16.0,1.0,0.0,15.0,1.0
449,0.0,7.0,3.0,0.0,19.0,1.0,2.0,17.0,1.0
450,0.0,7.0,4.0,2.0,16.0,1.0,0.0,17.0,1.0
451,0.0,7.0,5.0,0.0,17.0,1.0,2.0,4.0,1.0
487,0.0,7.0,1.0,1.0,7.0,1.0,0.0,17.0,1.0
488,0.0,7.0,2.0,0.0,16.0,1.0,0.0,16.0,1.0
489,0.0,7.0,3.0,0.0,13.0,1.0,2.0,17.0,1.0
490,0.0,7.0,4.0,2.0,16.0,1.0,0.0,15.0,1.0
491,0.0,7.0,5.0,0.0,16.0,1.0,2.0,4.0,1.0
527,0.0,7.0,1.0,1.0,6.0,1.0,0.0,16.0,1.0
528,0.0,7.0,2.0,0.0,16.0,1.0,0.0,17.0,1.0
529,0.0,7.0,3.0,0.0,19.0,1.0,2.0,17.0,1.0
530,0.0,7.0,4.0,2.0,17.0,1.0,1.0,13.0,1.0
531,0.0,7.0,5.0,0.0,16.0,1.0,2.0,4.0,1.0
567,0.0,7.0,1.0,1.0,6.0,1.0,0.0,16.0,1.0
568,0.0,7.0,2.0,0.0,16.0,1.0,0.0,16.0,1.0
569,0.0,7.0,3.0,0.0,18.0,1.0,2.0,17.0,1.0
570,0.0,7.0,4.0,2.0,16.0,1.0,1.0,14.0,1.0
571,0.0,7.0,5.0,0.0,16.0,1.0,2.0,4.0,1.0
607,0.0,7.0,1.0,1.0,6.0,1.0,0.0,17.0,1.0
608,0.0,7.0,2.0,0.0,16.0,1.0,0.0,15.0,1.0
609,0.0,7.0,3.0,0.0,18.0,1.0,2.0,17.0,1.0
610,0.0,7.0,4.0,2.0,16.0,1.0,1.0,14.0,1.0
611,0.0,7.0,5.0,0.0,16.0,1.0,2.0,4.0,1.0
647,0.0,7.0,1.0,1.0,6.0,1.0,0.0,16.0,1.0
648,0.0,7.0,2.0,0.0,16.0,1.0,0.0,16.0,1.0
649,0.0,7.0,3.0,0.0,18.0,1.0,2.0,17.0,1.0
650,0.0,7.0,4.0,2.0,17.0,1.0,0.0,14.0,1.0
651,0.0,7.0,5.0,0.0,15.0,1.0,2.0,4.0,1.0
683,0.0,7.0,1.0,0.0,6.0,1.0,0.0,17.0,1.0
684,0.0,7.0,2.0,0.0,16.0,1.0,0.0,17.0,1.0
685,0.0,7.0,3.0,0.0,19.0,1.0,2.0,17.0,1.0
686,0.0,7.0,4.0,2.0,16.0,1.0,0.0,12.0,1.0
687,0.0,7.0,5.0,2.0,17.0,1.0,2.0,4.0,1.0
723,0.0,7.0,1.0,0.0,6.0,1.0,0.0,17.0,1.0
724,0.0,7.0,2.0,0.0,16.0,1.0,0.0,16.0,1.0
725,0.0,7.0,3.0,0.0,16.0,1.0,2.0,17.0,1.0
726,0.0,7.0,4.0,2.0,16.0,1.0,0.0,12.0,1.0
727,0.0,7.0,5.0,2.0,17.0,1.0,2.0,4.0,1.0
759,0.0,7.0,1.0,1.0,6.0,1.0,0.0,16.0,1.0
760,0.0,7.0,2.0,0.0,16.0,1.0,0.0,15.0,1.0
761,0.0,7.0,3.0,0.0,14.0,1.0,2.0,17.0,1.0
762,0.0,7.0,4.0,2.0,17.0,1.0,1.0,16.0,1.0
763,0.0,7.0,5.0,0.0,16.0,1.0,2.0,4.0,1.0
799,0.0,7.0,1.0,1.0,7.0,1.0,0.0,17.0,1.0
800,0.0,7.0,2.0,0.0,16.0,1.0,0.0,16.0,1.0
801,0.0,7.0,3.0,0.0,14.0,1.0,2.0,17.0,1.0
802,0.0,7.0,4.0,2.0,16.0,1.0,0.0,15.0,1.0
803,0.0,7.0,5.0,0.0,16.0,1.0,2.0,4.0,1.0
839,0.0,7.0,1.0,1.0,6.0,1.0,0.0,16.0,1.0
840,0.0,7.0,2.0,0.0,16.0,1.0,0.0,17.0,1.0
841,0.0,7.0,3.0,0.0,14.0,1.0,2.0,17.0,1.0
842,0.0,7.0,4.0,2.0,17.0,1.0,1.0,13.0,1.0
843,0.0,7.0,5.0,0.0,16.0,1.0,2.0,4.0,1.0
874,0.0,7.0,1.0,1.0,7.0,1.0,0.0,17.0,1.0
875,0.0,7.0,2.0,0.0,16.0,1.0,0.0,16.0,1.0
876,0.0,7.0,3.0,0.0,14.0,1.0,2.0,17.0,1.0
877,0.0,7.0,4.0,2.0,16.0,1.0,0.0,13.0,1.0
878,0.0,7.0,5.0,0.0,17.0,1.0,2.0,4.0,1.0
914,0.0,7.0,1.0,1.0,6.0,1.0,0.0,16.0,1.0
915,0.0,7.0,2.0,0.0,16.0,1.0,0.0,15.0,1.0
916,0.0,7.0,3.0,0.0,13.0,1.0,2.0,17.0,1.0
917,0.0,7.0,4.0,2.0,16.0,1.0,1.0,16.0,1.0
918,0.0,7.0,5.0,0.0,16.0,1.0,2.0,4.0,1.0
950,0.0,7.0,1.0,0.0,7.0,1.0,0.0,17.0,1.0
951,0.0,7.0,2.0,0.0,17.0,1.0,0.0,16.0,1.0
952,0.0,7.0,3.0,0.0,19.0,1.0,2.0,17.0,1.0
953,0.0,7.0,4.0,2.0,16.0,1.0,1.0,14.0,1.0
954,0.0,7.0,5.0,2.0,17.0,1.0,2.0,4.0,1.0
990,0.0,7.0,1.0,0.0,7.0,1.0,0.0,17.0,1.0
991,0.0,7.0,2.0,0.0,16.0,1.0,0.0,19.0,1.0
992,0.0,7.0,3.0,0.0,13.0,1.0,2.0,17.0,1.0
993,0.0,7.0,4.0,2.0,16.0,1.0,1.0,16.0,1.0
994,0.0,7.0,5.0,2.0,17.0,1.0,2.0,4.0,1.0
1030,0.0,7.0,1.0,0.0,6.0,1.0,0.0,17.0,1.0
1031,0.0,7.0,2.0,0.0,16.0,1.0,0.0,16.0,1.0
1032,0.0,7.0,3.0,0.0,19.0,1.0,2.0,17.0,1.0
1033,0.0,7.0,4.0,2.0,16.0,1.0,1.0,13.0,1.0
1034,0.0,7.0,5.0,2.0,17.0,1.0,1.0,4.0,1.0
1065,0.0,7.0,1.0,0.0,7.0,1.0,0.0,17.0,1.0
1066,0.0,7.0,2.0,0.0,16.0,1.0,0.0,16.0,1.0
1067,0.0,7.0,3.0,0.0,16.0,1.0,2.0,17.0,1.0
1068,0.0,7.0,4.0,2.0,16.0,1.0,0.0,13.0,1.0
1069,0.0,7.0,5.0,2.0,16.0,1.0,2.0,4.0,1.0
1105,0.0,7.0,1.0,0.0,6.0,1.0,0.0,17.0,1.0
1106,0.0,7.0,2.0,0.0,16.0,1.0,0.0,16.0,1.0
1107,0.0,7.0,3.0,0.0,18.0,1.0,2.0,17.0,1.0
1108,0.0,7.0,4.0,2.0,16.0,1.0,1.0,14.0,1.0
1109,0.0,7.0,5.0,2.0,17.0,1.0,2.0,4.0,1.0
1145,0.0,7.0,1.0,0.0,6.0,1.0,0.0,17.0,1.0
1146,0.0,7.0,2.0,0.0,16.0,1.0,0.0,17.0,1.0
1147,0.0,7.0,3.0,0.0,18.0,1.0,2.0,17.0,1.0
1148,0.0,7.0,4.0,2.0,17.0,1.0,1.0,14.0,1.0
1149,0.0,7.0,5.0,2.0,17.0,1.0,2.0,4.0,1.0
1180,0.0,7.0,1.0,0.0,6.0,1.0,0.0,17.0,1.0
1181,0.0,7.0,2.0,0.0,16.0,1.0,0.0,17.0,1.0
1182,0.0,7.0,3.0,0.0,13.0,1.0,2.0,17.0,1.0
1183,0.0,7.0,4.0,2.0,17.0,1.0,0.0,13.0,1.0
1184,0.0,7.0,5.0,2.0,17.0,1.0,2.0,4.0,1.0
1220,0.0,7.0,1.0,0.0,6.0,1.0,0.0,17.0,1.0
1221,0.0,7.0,2.0,0.0,16.0,1.0,0.0,16.0,1.0
1222,0.0,7.0,3.0,0.0,14.0,1.0,2.0,17.0,1.0
1223,0.0,7.0,4.0,2.0,16.0,1.0,1.0,13.0,1.0
1224,0.0,7.0,5.0,2.0,16.0,1.0,2.0,4.0,1.0
1260,0.0,7.0,1.0,0.0,7.0,1.0,0.0,17.0,1.0
1261,0.0,7.0,2.0,0.0,16.0,1.0,0.0,15.0,1.0
1262,0.0,7.0,3.0,0.0,14.0,1.0,2.0,17.0,1.0
1263,0.0,7.0,4.0,2.0,16.0,1.0,1.0,16.0,1.0
1264,0.0,7.0,5.0,2.0,16.0,1.0,2.0,3.0,1.0
1296,0.0,7.0,1.0,1.0,6.0,1.0,0.0,17.0,1.0
1297,0.0,7.0,2.0,0.0,16.0,1.0,0.0,15.0,1.0
1298,0.0,7.0,3.0,0.0,22.0,1.0,2.0,17.0,1.0
1299,0.0,7.0,4.0,2.0,17.0,1.0,1.0,17.0,1.0
1300,0.0,7.0,5.0,0.0,3.0,1.0,4.0,2.0,1.0
1336,0.0,7.0,1.0,1.0,6.0,1.0,0.0,17.0,1.0
1337,0.0,7.0,2.0,0.0,16.0,1.0,0.0,15.0,1.0
1338,0.0,7.0,3.0,0.0,14.0,1.0,2.0,17.0,1.0
1339,0.0,7.0,4.0,2.0,16.0,1.0,1.0,14.0,1.0
1340,0.0,7.0,5.0,0.0,16.0,1.0,2.0,3.0,1.0
1372,0.0,7.0,1.0,0.0,4.0,1.0,0.0,16.0,1.0
1373,0.0,7.0,2.0,0.0,16.0,1.0,0.0,17.0,1.0
1374,0.0,7.0,3.0,0.0,14.0,1.0,2.0,17.0,1.0
1375,0.0,7.0,4.0,2.0,17.0,1.0,1.0,17.0,1.0
1376,0.0,7.0,5.0,2.0,17.0,1.0,2.0,3.0,1.0
1412,0.0,7.0,1.0,0.0,6.0,1.0,0.0,18.0,1.0
1413,0.0,7.0,2.0,0.0,16.0,1.0,0.0,16.0,1.0
1414,0.0,7.0,3.0,0.0,18.0,1.0,2.0,17.0,1.0
1415,0.0,7.0,4.0,2.0,17.0,1.0,2.0,16.0,1.0
1416,0.0,7.0,5.0,2.0,16.0,1.0,2.0,1.0,1.0
1447,0.0,7.0,1.0,0.0,6.0,1.0,0.0,17.0,1.0
1448,0.0,7.0,2.0,0.0,16.0,1.0,0.0,17.0,1.0
1449,0.0,7.0,3.0,0.0,18.0,1.0,2.0,17.0,1.0
1450,0.0,7.0,4.0,2.0,17.0,1.0,1.0,17.0,1.0
1451,0.0,7.0,5.0,2.0,6.0,1.0,4.0,2.0,1.0
1487,0.0,7.0,1.0,0.0,6.0,1.0,0.0,17.0,1.0
1488,0.0,7.0,2.0,0.0,16.0,1.0,0.0,15.0,1.0
1489,0.0,7.0,3.0,0.0,14.0,1.0,2.0,17.0,1.0
1490,0.0,7.0,4.0,2.0,16.0,1.0,1.0,16.0,1.0
1491,0.0,7.0,5.0,2.0,5.0,1.0,4.0,2.0,1.0
1522,0.0,7.0,1.0,0.0,6.0,1.0,0.0,17.0,1.0
1523,0.0,7.0,2.0,0.0,16.0,1.0,0.0,16.0,1.0
1524,0.0,7.0,3.0,0.0,14.0,1.0,2.0,17.0,1.0
1525,0.0,7.0,4.0,2.0,16.0,1.0,2.0,17.0,1.0
1526,0.0,7.0,5.0,2.0,16.0,1.0,2.0,3.0,1.0
1562,0.0,7.0,1.0,0.0,6.0,1.0,0.0,17.0,1.0
1563,0.0,7.0,2.0,0.0,16.0,1.0,0.0,16.0,1.0
1564,0.0,7.0,3.0,0.0,14.0,1.0,2.0,17.0,1.0
1565,0.0,7.0,4.0,2.0,17.0,1.0,1.0,16.0,1.0
1566,0.0,7.0,5.0,2.0,9.0,1.0,3.0,2.0,1.0
1602,0.0,7.0,1.0,0.0,7.0,1.0,0.0,17.0,1.0
1603,0.0,7.0,2.0,0.0,17.0,1.0,0.0,15.0,1.0
1604,0.0,7.0,3.0,0.0,19.0,1.0,2.0,17.0,1.0
1605,0.0,7.0,4.0,2.0,16.0,1.0,1.0,16.0,1.0
1606,0.0,7.0,5.0,2.0,17.0,1.0,2.0,2.0,1.0
1638,0.0,7.0,1.0,1.0,6.0,1.0,0.0,17.0,1.0
1639,0.0,7.0,2.0,0.0,16.0,1.0,0.0,15.0,1.0
1640,0.0,7.0,3.0,0.0,16.0,1.0,2.0,17.0,1.0
1641,0.0,7.0,4.0,2.0,17.0,1.0,1.0,16.0,1.0
1642,0.0,7.0,5.0,0.0,17.0,1.0,3.0,3.0,1.0
1678,0.0,7.0,1.0,1.0,6.0,1.0,0.0,17.0,1.0
1679,0.0,7.0,2.0,0.0,16.0,1.0,0.0,16.0,1.0
1680,0.0,7.0,3.0,0.0,18.0,1.0,2.0,17.0,1.0
1681,0.0,7.0,4.0,2.0,16.0,1.0,1.0,14.0,1.0
1682,0.0,7.0,5.0,0.0,16.0,1.0,2.0,2.0,1.0
1714,0.0,7.0,1.0,0.0,7.0,1.0,0.0,17.0,1.0
1715,0.0,7.0,2.0,0.0,16.0,1.0,0.0,16.0,1.0
1716,0.0,7.0,3.0,0.0,19.0,1.0,2.0,17.0,1.0
1717,0.0,7.0,4.0,2.0,16.0,1.0,1.0,16.0,1.0
1718,0.0,7.0,5.0,2.0,2.0,1.0,2.0,3.0,1.0
1754,0.0,7.0,1.0,0.0,6.0,1.0,0.0,17.0,1.0
1755,0.0,7.0,2.0,0.0,16.0,1.0,0.0,17.0,1.0
1756,0.0,7.0,3.0,0.0,18.0,1.0,2.0,17.0,1.0
1757,0.0,7.0,4.0,2.0,17.0,1.0,2.0,17.0,1.0
1758,0.0,7.0,5.0,2.0,16.0,1.0,1.0,3.0,1.0
1794,0.0,7.0,1.0,0.0,7.0,1.0,0.0,17.0,1.0
1795,0.0,7.0,2.0,0.0,16.0,1.0,0.0,15.0,1.0
1796,0.0,7.0,3.0,0.0,19.0,1.0,2.0,17.0,1.0
1797,0.0,7.0,4.0,2.0,16.0,1.0,1.0,17.0,1.0
1798,0.0,7.0,5.0,2.0,15.0,1.0,2.0,2.0,1.0
1834,0.0,7.0,1.0,0.0,6.0,1.0,0.0,17.0,1.0
1835,0.0,7.0,2.0,0.0,16.0,1.0,0.0,17.0,1.0
1836,0.0,7.0,3.0,0.0,16.0,1.0,2.0,17.0,1.0
1837,0.0,7.0,4.0,2.0,17.0,1.0,1.0,16.0,1.0
1838,0.0,7.0,5.0,2.0,5.0,1.0,4.0,2.0,1.0
1869,0.0,7.0,1.0,0.0,7.0,1.0,0.0,17.0,1.0
1870,0.0,7.0,2.0,0.0,16.0,1.0,0.0,17.0,1.0
1871,0.0,7.0,3.0,0.0,18.0,1.0,2.0,17.0,1.0
1872,0.0,7.0,4.0,2.0,16.0,1.0,1.0,16.0,1.0
1873,0.0,7.0,5.0,2.0,16.0,1.0,3.0,3.0,1.0
1909,0.0,7.0,1.0,0.0,6.0,1.0,0.0,17.0,1.0
1910,0.0,7.0,2.0,0.0,16.0,1.0,0.0,16.0,1.0
1911,0.0,7.0,3.0,0.0,14.0,1.0,2.0,17.0,1.0
1912,0.0,7.0,4.0,2.0,16.0,1.0,1.0,16.0,1.0
1913,0.0,7.0,5.0,2.0,16.0,1.0,1.0,3.0,1.0
1949,0.0,7.0,1.0,0.0,7.0,1.0,0.0,17.0,1.0
1950,0.0,7.0,2.0,0.0,16.0,1.0,0.0,16.0,1.0
1951,0.0,7.0,3.0,0.0,14.0,1.0,2.0,17.0,1.0
1952,0.0,7.0,4.0,2.0,17.0,1.0,2.0,17.0,1.0
1953,0.0,7.0,5.0,2.0,16.0,1.0,2.0,2.0,1.0
1989,0.0,7.0,1.0,0.0,7.0,1.0,0.0,17.0,1.0
1990,0.0,7.0,2.0,0.0,16.0,1.0,0.0,18.0,1.0
1991,0.0,7.0,3.0,0.0,19.0,1.0,2.0,17.0,1.0
1992,0.0,7.0,4.0,2.0,16.0,1.0,1.0,16.0,1.0
1993,0.0,7.0,5.0,2.0,8.0,1.0,2.0,2.0,1.0
2029,0.0,7.0,1.0,0.0,6.0,1.0,0.0,18.0,1.0
2030,0.0,7.0,2.0,0.0,16.0,1.0,0.0,16.0,1.0
2031,0.0,7.0,3.0,0.0,18.0,1.0,2.0,17.0,1.0
2032,0.0,7.0,4.0,2.0,17.0,1.0,2.0,16.0,1.0
2033,0.0,7.0,5.0,2.0,16.0,1.0,2.0,2.0,1.0
2069,0.0,7.0,1.0,0.0,6.0,1.0,0.0,16.0,1.0
2070,0.0,7.0,2.0,0.0,16.0,1.0,0.0,16.0,1.0
2071,0.0,7.0,3.0,0.0,18.0,1.0,2.0,17.0,1.0
2072,0.0,7.0,4.0,2.0,16.0,1.0,1.0,16.0,1.0
2073,0.0,7.0,5.0,2.0,2.0,1.0,2.0,3.0,1.0
2104,0.0,7.0,1.0,0.0,6.0,1.0,0.0,17.0,1.0
2105,0.0,7.0,2.0,0.0,16.0,1.0,0.0,17.0,1.0
2106,0.0,7.0,3.0,0.0,14.0,1.0,2.0,17.0,1.0
2107,0.0,7.0,4.0,2.0,16.0,1.0,2.0,16.0,1.0
2108,0.0,7.0,5.0,2.0,16.0,1.0,1.0,4.0,1.0
2139,0.0,7.0,1.0,0.0,6.0,1.0,0.0,16.0,1.0
2140,0.0,7.0,2.0,0.0,16.0,1.0,0.0,17.0,1.0
2141,0.0,7.0,3.0,0.0,16.0,1.0,2.0,17.0,1.0
2142,0.0,7.0,4.0,2.0,16.0,1.0,2.0,17.0,1.0
2143,0.0,7.0,5.0,2.0,16.0,1.0,1.0,3.0,1.0
2179,0.0,7.0,1.0,0.0,7.0,1.0,0.0,16.0,1.0
2180,0.0,7.0,2.0,0.0,16.0,1.0,0.0,17.0,1.0
2181,0.0,7.0,3.0,0.0,16.0,1.0,2.0,17.0,1.0
2182,0.0,7.0,4.0,2.0,16.0,1.0,2.0,17.0,1.0
2183,0.0,7.0,5.0,2.0,6.0,1.0,2.0,2.0,1.0
2219,0.0,7.0,1.0,0.0,6.0,1.0,0.0,17.0,1.0
2220,0.0,7.0,2.0,0.0,16.0,1.0,0.0,18.0,1.0
2221,0.0,7.0,3.0,0.0,19.0,1.0,2.0,17.0,1.0
2222,0.0,7.0,4.0,2.0,17.0,1.0,1.0,16.0,1.0
2223,0.0,7.0,5.0,2.0,16.0,1.0,1.0,3.0,1.0
2254,0.0,7.0,1.0,0.0,7.0,1.0,0.0,18.0,1.0
2255,0.0,7.0,2.0,0.0,17.0,1.0,0.0,18.0,1.0
2256,0.0,7.0,3.0,0.0,14.0,1.0,2.0,17.0,1.0
2257,0.0,7.0,4.0,2.0,16.0,1.0,1.0,16.0,1.0
2258,0.0,7.0,5.0,2.0,16.0,1.0,2.0,2.0,1.0
2294,0.0,7.0,1.0,0.0,6.0,1.0,0.0,17.0,1.0
2295,0.0,7.0,2.0,0.0,18.0,1.0,0.0,17.0,1.0
2296,0.0,7.0,3.0,0.0,24.0,1.0,2.0,17.0,1.0
2297,0.0,7.0,4.0,2.0,16.0,1.0,1.0,14.0,1.0
2298,0.0,7.0,5.0,2.0,17.0,1.0,1.0,3.0,1.0
2330,0.0,7.0,1.0,1.0,6.0,1.0,0.0,16.0,1.0
2331,0.0,7.0,2.0,0.0,16.0,1.0,0.0,17.0,1.0
2332,0.0,7.0,3.0,0.0,18.0,1.0,2.0,17.0,1.0
2333,0.0,7.0,4.0,2.0,17.0,1.0,2.0,14.0,1.0
2334,0.0,7.0,5.0,0.0,16.0,1.0,1.0,3.0,1.0
2370,0.0,7.0,1.0,1.0,6.0,1.0,0.0,17.0,1.0
2371,0.0,7.0,2.0,0.0,16.0,1.0,0.0,17.0,1.0
2372,0.0,7.0,3.0,0.0,14.0,1.0,2.0,17.0,1.0
2373,0.0,7.0,4.0,2.0,16.0,1.0,1.0,16.0,1.0
2374,0.0,7.0,5.0,0.0,16.0,1.0,1.0,3.0,1.0
2405,0.0,7.0,1.0,1.0,6.0,1.0,0.0,17.0,1.0
2406,0.0,7.0,2.0,0.0,16.0,1.0,0.0,16.0,1.0
2407,0.0,7.0,3.0,0.0,14.0,1.0,2.0,17.0,1.0
2408,0.0,7.0,4.0,2.0,17.0,1.0,2.0,11.0,1.0
2409,0.0,7.0,5.0,0.0,3.0,1.0,1.0,3.0,1.0
2445,0.0,7.0,1.0,1.0,6.0,1.0,0.0,16.0,1.0
2446,0.0,7.0,2.0,0.0,16.0,1.0,0.0,18.0,1.0
2447,0.0,7.0,3.0,0.0,19.0,1.0,2.0,17.0,1.0
2448,0.0,7.0,4.0,2.0,16.0,1.0,1.0,16.0,1.0
2449,0.0,7.0,5.0,0.0,16.0,1.0,2.0,3.0,1.0
2481,0.0,7.0,1.0,0.0,6.0,1.0,0.0,17.0,1.0
2482,0.0,7.0,2.0,0.0,16.0,1.0,0.0,17.0,1.0
2483,0.0,7.0,3.0,0.0,14.0,1.0,2.0,17.0,1.0
2484,0.0,7.0,4.0,2.0,17.0,1.0,1.0,15.0,1.0
2485,0.0,7.0,5.0,2.0,3.0,1.0,1.0,3.0,1.0
2516,0.0,7.0,1.0,0.0,6.0,1.0,0.0,16.0,1.0
2517,0.0,7.0,2.0,0.0,16.0,1.0,0.0,16.0,1.0
2518,0.0,7.0,3.0,0.0,19.0,1.0,2.0,17.0,1.0
2519,0.0,7.0,4.0,2.0,16.0,1.0,2.0,17.0,1.0
2520,0.0,7.0,5.0,2.0,16.0,1.0,1.0,4.0,1.0
2551,0.0,7.0,1.0,0.0,6.0,1.0,0.0,16.0,1.0
2552,0.0,7.0,2.0,0.0,16.0,1.0,0.0,16.0,1.0
2553,0.0,7.0,3.0,0.0,13.0,1.0,2.0,17.0,1.0
2554,0.0,7.0,4.0,2.0,16.0,1.0,1.0,11.0,1.0
2555,0.0,7.0,5.0,2.0,5.0,1.0,1.0,3.0,1.0
2591,0.0,7.0,1.0,0.0,6.0,1.0,0.0,16.0,1.0
2592,0.0,7.0,2.0,0.0,16.0,1.0,0.0,17.0,1.0
2593,0.0,7.0,3.0,0.0,19.0,1.0,2.0,17.0,1.0
2594,0.0,7.0,4.0,2.0,17.0,1.0,1.0,16.0,1.0
2595,0.0,7.0,5.0,2.0,17.0,1.0,1.0,4.0,1.0
2626,0.0,7.0,1.0,0.0,6.0,1.0,0.0,18.0,1.0
2627,0.0,7.0,2.0,0.0,17.0,1.0,0.0,18.0,1.0
2628,0.0,7.0,3.0,0.0,13.0,1.0,2.0,17.0,1.0
2629,0.0,7.0,4.0,2.0,16.0,1.0,0.0,16.0,1.0
2630,0.0,7.0,5.0,2.0,16.0,1.0,2.0,3.0,1.0
2666,0.0,7.0,1.0,0.0,6.0,1.0,0.0,16.0,1.0
2667,0.0,7.0,2.0,0.0,16.0,1.0,0.0,15.0,1.0
2668,0.0,7.0,3.0,0.0,19.0,1.0,2.0,17.0,1.0
2669,0.0,7.0,4.0,2.0,16.0,1.0,1.0,14.0,1.0
2670,0.0,7.0,5.0,2.0,16.0,1.0,1.0,4.0,1.0
2701,0.0,7.0,1.0,0.0,6.0,1.0,0.0,16.0,1.0
2702,0.0,7.0,2.0,0.0,16.0,1.0,0.0,15.0,1.0
2703,0.0,7.0,3.0,0.0,13.0,1.0,2.0,17.0,1.0
2704,0.0,7.0,4.0,2.0,17.0,1.0,2.0,14.0,1.0
2705,0.0,7.0,5.0,2.0,17.0,1.0,1.0,4.0,1.0
2741,0.0,7.0,1.0,0.0,6.0,1.0,0.0,17.0,1.0
2742,0.0,7.0,2.0,0.0,16.0,1.0,0.0,17.0,1.0
2743,0.0,7.0,3.0,0.0,18.0,1.0,2.0,17.0,1.0
2744,0.0,7.0,4.0,2.0,16.0,1.0,1.0,14.0,1.0
2745,0.0,7.0,5.0,2.0,17.0,1.0,1.0,3.0,1.0
2776,0.0,7.0,1.0,0.0,6.0,1.0,0.0,18.0,1.0
2777,0.0,7.0,2.0,0.0,16.0,1.0,0.0,17.0,1.0
2778,0.0,7.0,3.0,0.0,19.0,1.0,2.0,17.0,1.0
2779,0.0,7.0,4.0,2.0,17.0,1.0,2.0,13.0,1.0
2780,0.0,7.0,5.0,2.0,17.0,1.0,1.0,3.0,1.0
2816,0.0,7.0,1.0,0.0,6.0,1.0,0.0,16.0,1.0
2817,0.0,7.0,2.0,0.0,16.0,1.0,0.0,17.0,1.0
2818,0.0,7.0,3.0,0.0,19.0,1.0,2.0,17.0,1.0
2819,0.0,7.0,4.0,2.0,16.0,1.0,1.0,15.0,1.0
2820,0.0,7.0,5.0,2.0,16.0,1.0,1.0,4.0,1.0
2851,0.0,7.0,1.0,0.0,8.0,1.0,0.0,16.0,1.0
2852,0.0,7.0,2.0,0.0,17.0,1.0,0.0,15.0,1.0
2853,0.0,7.0,3.0,0.0,18.0,1.0,2.0,17.0,1.0
2854,0.0,7.0,4.0,2.0,16.0,1.0,1.0,17.0,1.0
2855,0.0,7.0,5.0,2.0,17.0,1.0,2.0,4.0,1.0
2886,0.0,7.0,1.0,0.0,6.0,1.0,0.0,17.0,1.0
2887,0.0,7.0,2.0,0.0,16.0,1.0,0.0,18.0,1.0
2888,0.0,7.0,3.0,0.0,14.0,1.0,2.0,17.0,1.0
2889,0.0,7.0,4.0,2.0,16.0,1.0,1.0,16.0,1.0
2890,0.0,7.0,5.0,2.0,16.0,1.0,1.0,3.0,1.0
2926,0.0,7.0,1.0,0.0,6.0,1.0,0.0,17.0,1.0
2927,0.0,7.0,2.0,0.0,16.0,1.0,0.0,18.0,1.0
2928,0.0,7.0,3.0,0.0,13.0,1.0,2.0,17.0,1.0
2929,0.0,7.0,4.0,2.0,17.0,1.0,1.0,16.0,1.0
2930,0.0,7.0,5.0,2.0,16.0,1.0,1.0,3.0,1.0
2961,0.0,7.0,1.0,0.0,6.0,1.0,0.0,18.0,1.0
2962,0.0,7.0,2.0,0.0,17.0,1.0,0.0,17.0,1.0
2963,0.0,7.0,3.0,0.0,14.0,1.0,2.0,17.0,1.0
2964,0.0,7.0,4.0,2.0,16.0,1.0,1.0,16.0,1.0
2965,0.0,7.0,5.0,2.0,16.0,1.0,1.0,4.0,1.0
3001,0.0,7.0,1.0,0.0,6.0,1.0,0.0,16.0,1.0
3002,0.0,7.0,2.0,0.0,16.0,1.0,0.0,16.0,1.0
3003,0.0,7.0,3.0,0.0,14.0,1.0,2.0,17.0,1.0
3004,0.0,7.0,4.0,2.0,17.0,1.0,2.0,14.0,1.0
3005,0.0,7.0,5.0,2.0,6.0,1.0,1.0,4.0,1.0
3041,0.0,7.0,1.0,0.0,7.0,1.0,0.0,17.0,1.0
3042,0.0,7.0,2.0,0.0,16.0,1.0,0.0,18.0,1.0
3043,0.0,7.0,3.0,0.0,14.0,1.0,2.0,17.0,1.0
3044,0.0,7.0,4.0,2.0,17.0,1.0,1.0,14.0,1.0
3045,0.0,7.0,5.0,2.0,16.0,1.0,1.0,3.0,1.0
3081,0.0,7.0,1.0,0.0,6.0,1.0,0.0,17.0,1.0
3082,0.0,7.0,2.0,0.0,16.0,1.0,0.0,18.0,1.0
3083,0.0,7.0,3.0,0.0,13.0,1.0,2.0,17.0,1.0
3084,0.0,7.0,4.0,2.0,17.0,1.0,1.0,17.0,1.0
3085,0.0,7.0,5.0,2.0,16.0,1.0,1.0,4.0,1.0
3121,0.0,7.0,1.0,0.0,6.0,1.0,0.0,16.0,1.0
3122,0.0,7.0,2.0,0.0,16.0,1.0,0.0,18.0,1.0
3123,0.0,7.0,3.0,0.0,13.0,1.0,2.0,17.0,1.0
3124,0.0,7.0,4.0,2.0,16.0,1.0,1.0,12.0,1.0
3125,0.0,7.0,5.0,2.0,17.0,1.0,1.0,4.0,1.0
3161,0.0,7.0,1.0,0.0,6.0,1.0,0.0,16.0,1.0
3162,0.0,7.0,2.0,0.0,16.0,1.0,0.0,17.0,1.0
3163,0.0,7.0,3.0,0.0,16.0,1.0,2.0,17.0,1.0
3164,0.0,7.0,4.0,2.0,16.0,1.0,0.0,16.0,1.0
3165,0.0,7.0,5.0,2.0,2.0,1.0,1.0,3.0,1.0
3197,0.0,7.0,1.0,1.0,7.0,1.0,0.0,16.0,1.0
3198,0.0,7.0,2.0,0.0,16.0,1.0,0.0,18.0,1.0
3199,0.0,7.0,3.0,0.0,22.0,1.0,2.0,17.0,1.0
3200,0.0,7.0,4.0,2.0,16.0,1.0,1.0,12.0,1.0
3201,0.0,7.0,5.0,0.0,17.0,1.0,2.0,4.0,1.0
3237,0.0,7.0,1.0,1.0,6.0,1.0,0.0,16.0,1.0
3238,0.0,7.0,2.0,0.0,16.0,1.0,0.0,19.0,1.0
3239,0.0,7.0,3.0,0.0,19.0,1.0,2.0,17.0,1.0
3240,0.0,7.0,4.0,2.0,16.0,1.0,1.0,16.0,1.0
3241,0.0,7.0,5.0,0.0,17.0,1.0,1.0,3.0,1.0
3277,0.0,7.0,1.0,1.0,6.0,1.0,0.0,16.0,1.0
3278,0.0,7.0,2.0,0.0,16.0,1.0,0.0,16.0,1.0
3279,0.0,7.0,3.0,0.0,16.0,1.0,2.0,17.0,1.0
3280,0.0,7.0,4.0,2.0,16.0,1.0,2.0,15.0,1.0
3281,0.0,7.0,5.0,0.0,6.0,1.0,1.0,4.0,1.0
3317,0.0,7.0,1.0,1.0,6.0,1.0,0.0,16.0,1.0
3318,0.0,7.0,2.0,0.0,16.0,1.0,0.0,16.0,1.0
3319,0.0,7.0,3.0,0.0,19.0,1.0,2.0,17.0,1.0
3320,0.0,7.0,4.0,2.0,16.0,1.0,2.0,12.0,1.0
3321,0.0,7.0,5.0,0.0,17.0,1.0,2.0,4.0,1.0
3352,0.0,7.0,1.0,1.0,6.0,1.0,0.0,17.0,1.0
3353,0.0,7.0,2.0,0.0,16.0,1.0,0.0,18.0,1.0
3354,0.0,7.0,3.0,0.0,19.0,1.0,2.0,17.0,1.0
3355,0.0,7.0,4.0,2.0,17.0,1.0,1.0,12.0,1.0
3356,0.0,7.0,5.0,0.0,5.0,1.0,2.0,3.0,1.0
3392,0.0,7.0,1.0,1.0,6.0,1.0,0.0,16.0,1.0
3393,0.0,7.0,2.0,0.0,16.0,1.0,0.0,19.0,1.0
3394,0.0,7.0,3.0,0.0,22.0,1.0,2.0,17.0,1.0
3395,0.0,7.0,4.0,2.0,17.0,1.0,1.0,13.0,1.0
3396,0.0,7.0,5.0,0.0,17.0,1.0,1.0,4.0,1.0
3432,0.0,7.0,1.0,1.0,6.0,1.0,0.0,16.0,1.0
3433,0.0,7.0,2.0,0.0,16.0,1.0,0.0,17.0,1.0
3434,0.0,7.0,3.0,0.0,18.0,1.0,2.0,17.0,1.0
3435,0.0,7.0,4.0,2.0,17.0,1.0,2.0,17.0,1.0
3436,0.0,7.0,5.0,0.0,7.0,1.0,1.0,3.0,1.0
3467,0.0,7.0,1.0,1.0,6.0,1.0,0.0,16.0,1.0
3468,0.0,7.0,2.0,0.0,16.0,1.0,0.0,18.0,1.0
3469,0.0,7.0,3.0,0.0,19.0,1.0,2.0,17.0,1.0
3470,0.0,7.0,4.0,2.0,17.0,1.0,1.0,14.0,1.0
3471,0.0,7.0,5.0,0.0,16.0,1.0,1.0,4.0,1.0
3542,0.0,7.0,1.0,1.0,6.0,1.0,0.0,17.0,1.0
3543,0.0,7.0,2.0,0.0,16.0,1.0,0.0,18.0,1.0
3544,0.0,7.0,3.0,0.0,24.0,1.0,2.0,17.0,1.0
3545,0.0,7.0,4.0,2.0,16.0,1.0,1.0,10.0,1.0
3546,0.0,7.0,5.0,0.0,17.0,1.0,1.0,3.0,1.0
3582,0.0,7.0,1.0,1.0,5.0,1.0,0.0,17.0,1.0
3583,0.0,7.0,2.0,0.0,17.0,1.0,0.0,18.0,1.0
3584,0.0,7.0,3.0,0.0,13.0,1.0,2.0,17.0,1.0
3585,0.0,7.0,4.0,2.0,16.0,1.0,2.0,14.0,1.0
3586,0.0,7.0,5.0,0.0,16.0,1.0,1.0,3.0,1.0
3617,0.0,7.0,1.0,24.0,1.0,1.0,0.0,16.0,1.0
3618,0.0,7.0,2.0,0.0,16.0,1.0,0.0,17.0,1.0
3619,0.0,7.0,3.0,0.0,14.0,1.0,2.0,17.0,1.0
3620,0.0,7.0,4.0,2.0,17.0,1.0,1.0,14.0,1.0
3621,0.0,7.0,5.0,0.0,16.0,1.0,2.0,4.0,1.0
3652,0.0,7.0,1.0,1.0,3.0,1.0,0.0,19.0,1.0
3653,0.0,7.0,2.0,0.0,16.0,1.0,0.0,18.0,1.0
3654,0.0,7.0,3.0,0.0,19.0,1.0,2.0,17.0,1.0
3655,0.0,7.0,4.0,2.0,17.0,1.0,2.0,16.0,1.0
3656,0.0,7.0,5.0,0.0,17.0,1.0,1.0,4.0,1.0
3692,0.0,7.0,1.0,1.0,6.0,1.0,0.0,16.0,1.0
3693,0.0,7.0,2.0,0.0,16.0,1.0,0.0,15.0,1.0
3694,0.0,7.0,3.0,0.0,14.0,1.0,2.0,17.0,1.0
3695,0.0,7.0,4.0,2.0,16.0,1.0,1.0,17.0,1.0
3696,0.0,7.0,5.0,0.0,16.0,1.0,2.0,4.0,1.0
3732,0.0,7.0,1.0,1.0,7.0,1.0,0.0,17.0,1.0
3733,0.0,7.0,2.0,0.0,19.0,1.0,0.0,17.0,1.0
3734,0.0,7.0,3.0,0.0,35.0,1.0,2.0,17.0,1.0
3735,0.0,7.0,4.0,2.0,17.0,1.0,1.0,10.0,1.0
3736,0.0,7.0,5.0,0.0,16.0,1.0,1.0,3.0,1.0
3767,0.0,7.0,1.0,2.0,3.0,1.0,0.0,16.0,1.0
3768,0.0,7.0,2.0,0.0,16.0,1.0,0.0,19.0,1.0
3769,0.0,7.0,3.0,0.0,18.0,1.0,2.0,17.0,1.0
3770,0.0,7.0,4.0,2.0,16.0,1.0,2.0,14.0,1.0
3771,0.0,7.0,5.0,0.0,16.0,1.0,1.0,4.0,1.0
3807,0.0,7.0,1.0,1.0,6.0,1.0,0.0,17.0,1.0
3808,0.0,7.0,2.0,0.0,16.0,1.0,0.0,18.0,1.0
3809,0.0,7.0,3.0,0.0,18.0,1.0,2.0,17.0,1.0
3810,0.0,7.0,4.0,2.0,17.0,1.0,1.0,14.0,1.0
3811,0.0,7.0,5.0,0.0,17.0,1.0,1.0,4.0,1.0
3843,0.0,7.0,1.0,0.0,6.0,1.0,0.0,18.0,1.0
3844,0.0,7.0,2.0,0.0,17.0,1.0,0.0,16.0,1.0
3845,0.0,7.0,3.0,0.0,19.0,1.0,2.0,17.0,1.0
3846,0.0,7.0,4.0,2.0,16.0,1.0,2.0,16.0,1.0
3847,0.0,7.0,5.0,2.0,16.0,1.0,1.0,4.0,1.0
3883,0.0,7.0,1.0,0.0,6.0,1.0,0.0,17.0,1.0
3884,0.0,7.0,2.0,0.0,16.0,1.0,0.0,17.0,1.0
3885,0.0,7.0,3.0,0.0,14.0,1.0,2.0,17.0,1.0
3886,0.0,7.0,4.0,2.0,16.0,1.0,1.0,17.0,1.0
3887,0.0,7.0,5.0,2.0,17.0,1.0,1.0,4.0,1.0
3923,0.0,7.0,1.0,0.0,6.0,1.0,0.0,16.0,1.0
3924,0.0,7.0,2.0,0.0,16.0,1.0,0.0,17.0,1.0
3925,0.0,7.0,3.0,0.0,14.0,1.0,2.0,17.0,1.0
3926,0.0,7.0,4.0,2.0,16.0,1.0,1.0,14.0,1.0
3927,0.0,7.0,5.0,2.0,17.0,1.0,1.0,4.0,1.0
3959,0.0,7.0,1.0,1.0,6.0,1.0,0.0,17.0,1.0
3960,0.0,7.0,2.0,0.0,16.0,1.0,0.0,18.0,1.0
3961,0.0,7.0,3.0,0.0,26.0,1.0,2.0,17.0,1.0
3962,0.0,7.0,4.0,2.0,17.0,1.0,1.0,14.0,1.0
3963,0.0,7.0,5.0,0.0,17.0,1.0,1.0,4.0,1.0
3999,0.0,7.0,1.0,1.0,6.0,1.0,0.0,18.0,1.0
4000,0.0,7.0,2.0,0.0,16.0,1.0,0.0,16.0,1.0
4001,0.0,7.0,3.0,0.0,19.0,1.0,2.0,17.0,1.0
4002,0.0,7.0,4.0,2.0,16.0,1.0,2.0,13.0,1.0
4003,0.0,7.0,5.0,0.0,16.0,1.0,1.0,4.0,1.0
4034,0.0,7.0,1.0,1.0,6.0,1.0,0.0,17.0,1.0
4035,0.0,7.0,2.0,0.0,16.0,1.0,0.0,17.0,1.0
4036,0.0,7.0,3.0,0.0,14.0,1.0,2.0,17.0,1.0
4037,0.0,7.0,4.0,2.0,16.0,1.0,1.0,17.0,1.0
4038,0.0,7.0,5.0,0.0,16.0,1.0,1.0,4.0,1.0
4074,0.0,7.0,1.0,1.0,6.0,1.0,0.0,16.0,1.0
4075,0.0,7.0,2.0,0.0,16.0,1.0,0.0,16.0,1.0
4076,0.0,7.0,3.0,0.0,14.0,1.0,2.0,17.0,1.0
4077,0.0,7.0,4.0,2.0,17.0,1.0,2.0,17.0,1.0
4078,0.0,7.0,5.0,0.0,17.0,1.0,1.0,3.0,1.0
4110,0.0,7.0,1.0,0.0,6.0,1.0,0.0,16.0,1.0
4111,0.0,7.0,2.0,0.0,16.0,1.0,0.0,17.0,1.0
4112,0.0,7.0,3.0,0.0,14.0,1.0,2.0,17.0,1.0
4113,0.0,7.0,4.0,2.0,16.0,1.0,2.0,16.0,1.0
4114,0.0,7.0,5.0,2.0,16.0,1.0,1.0,3.0,1.0
4150,0.0,7.0,1.0,0.0,6.0,1.0,0.0,16.0,1.0
4151,0.0,7.0,2.0,0.0,16.0,1.0,0.0,15.0,1.0
4152,0.0,7.0,3.0,0.0,19.0,1.0,2.0,17.0,1.0
4153,0.0,7.0,4.0,2.0,16.0,1.0,2.0,14.0,1.0
4154,0.0,7.0,5.0,2.0,17.0,1.0,1.0,3.0,1.0
4190,0.0,7.0,1.0,0.0,6.0,1.0,0.0,16.0,1.0
4191,0.0,7.0,2.0,0.0,16.0,1.0,0.0,15.0,1.0
4192,0.0,7.0,3.0,0.0,18.0,1.0,2.0,17.0,1.0
4193,0.0,7.0,4.0,2.0,17.0,1.0,1.0,14.0,1.0
4194,0.0,7.0,5.0,2.0,16.0,1.0,1.0,4.0,1.0
4226,0.0,7.0,1.0,1.0,6.0,1.0,0.0,17.0,1.0
4227,0.0,7.0,2.0,0.0,16.0,1.0,0.0,18.0,1.0
4228,0.0,7.0,3.0,0.0,22.0,1.0,2.0,17.0,1.0
4229,0.0,7.0,4.0,2.0,16.0,1.0,1.0,16.0,1.0
4230,0.0,7.0,5.0,0.0,16.0,1.0,1.0,3.0,1.0
4266,0.0,7.0,1.0,1.0,6.0,1.0,0.0,17.0,1.0
4267,0.0,7.0,2.0,0.0,16.0,1.0,0.0,17.0,1.0
4268,0.0,7.0,3.0,0.0,18.0,1.0,2.0,17.0,1.0
4269,0.0,7.0,4.0,2.0,17.0,1.0,0.0,16.0,1.0
4270,0.0,7.0,5.0,0.0,6.0,1.0,1.0,3.0,1.0
4302,0.0,7.0,1.0,0.0,6.0,1.0,0.0,17.0,1.0
4303,0.0,7.0,2.0,0.0,16.0,1.0,0.0,16.0,1.0
4304,0.0,7.0,3.0,0.0,14.0,1.0,2.0,17.0,1.0
4305,0.0,7.0,4.0,2.0,16.0,1.0,1.0,17.0,1.0
4306,0.0,7.0,5.0,2.0,7.0,1.0,1.0,3.0,1.0
4342,0.0,7.0,1.0,0.0,6.0,1.0,0.0,17.0,1.0
4343,0.0,7.0,2.0,0.0,16.0,1.0,0.0,16.0,1.0
4344,0.0,7.0,3.0,0.0,22.0,1.0,2.0,17.0,1.0
4345,0.0,7.0,4.0,2.0,17.0,1.0,1.0,14.0,1.0
4346,0.0,7.0,5.0,2.0,16.0,1.0,1.0,3.0,1.0
4382,0.0,7.0,1.0,0.0,6.0,1.0,0.0,17.0,1.0
4383,0.0,7.0,2.0,0.0,16.0,1.0,0.0,17.0,1.0
4384,0.0,7.0,3.0,0.0,19.0,1.0,2.0,17.0,1.0
4385,0.0,7.0,4.0,2.0,16.0,1.0,1.0,15.0,1.0
4386,0.0,7.0,5.0,2.0,16.0,1.0,1.0,3.0,1.0
4418,0.0,7.0,1.0,1.0,6.0,1.0,0.0,17.0,1.0
4419,0.0,7.0,2.0,0.0,16.0,1.0,0.0,17.0,1.0
4420,0.0,7.0,3.0,0.0,18.0,1.0,2.0,17.0,1.0
4421,0.0,7.0,4.0,2.0,16.0,1.0,0.0,16.0,1.0
4422,0.0,7.0,5.0,0.0,16.0,1.0,1.0,2.0,1.0
4458,0.0,7.0,1.0,1.0,7.0,1.0,0.0,18.0,1.0
4459,0.0,7.0,2.0,0.0,16.0,1.0,0.0,14.0,1.0
4460,0.0,7.0,3.0,0.0,18.0,1.0,2.0,17.0,1.0
4461,0.0,7.0,4.0,2.0,16.0,1.0,1.0,17.0,1.0
4462,0.0,7.0,5.0,0.0,16.0,1.0,1.0,2.0,1.0
4498,0.0,7.0,1.0,1.0,6.0,1.0,0.0,17.0,1.0
4499,0.0,7.0,2.0,0.0,16.0,1.0,0.0,16.0,1.0
4500,0.0,7.0,3.0,0.0,14.0,1.0,2.0,17.0,1.0
4501,0.0,7.0,4.0,2.0,17.0,1.0,2.0,19.0,1.0
4502,0.0,7.0,5.0,0.0,17.0,1.0,1.0,3.0,1.0
4538,0.0,7.0,1.0,1.0,6.0,1.0,0.0,17.0,1.0
4539,0.0,7.0,2.0,0.0,17.0,1.0,0.0,16.0,1.0
4540,0.0,7.0,3.0,0.0,18.0,1.0,2.0,17.0,1.0
4541,0.0,7.0,4.0,2.0,17.0,1.0,1.0,16.0,1.0
4542,0.0,7.0,5.0,0.0,16.0,1.0,1.0,2.0,0.0
4578,0.0,7.0,1.0,1.0,6.0,1.0,0.0,17.0,1.0
4579,0.0,7.0,2.0,0.0,16.0,1.0,0.0,18.0,1.0
4580,0.0,7.0,3.0,0.0,16.0,1.0,2.0,17.0,1.0
4581,0.0,7.0,4.0,2.0,16.0,1.0,0.0,17.0,1.0
4582,0.0,7.0,5.0,0.0,16.0,1.0,2.0,3.0,1.0
4618,0.0,7.0,1.0,1.0,6.0,1.0,0.0,16.0,1.0
4619,0.0,7.0,2.0,0.0,16.0,1.0,0.0,14.0,1.0
4620,0.0,7.0,3.0,0.0,16.0,1.0,2.0,17.0,1.0
4621,0.0,7.0,4.0,2.0,16.0,1.0,1.0,17.0,1.0
4622,0.0,7.0,5.0,0.0,16.0,1.0,1.0,2.0,1.0
4658,0.0,7.0,1.0,1.0,5.0,1.0,0.0,17.0,1.0
4659,0.0,7.0,2.0,0.0,16.0,1.0,0.0,17.0,1.0
4660,0.0,7.0,3.0,0.0,14.0,1.0,2.0,17.0,1.0
4661,0.0,7.0,4.0,2.0,17.0,1.0,0.0,15.0,1.0
4662,0.0,7.0,5.0,0.0,15.0,1.0,1.0,3.0,1.0
4698,0.0,7.0,1.0,1.0,6.0,1.0,0.0,16.0,1.0
4699,0.0,7.0,2.0,0.0,16.0,1.0,0.0,17.0,1.0
4700,0.0,7.0,3.0,0.0,18.0,1.0,2.0,17.0,1.0
4701,0.0,7.0,4.0,2.0,17.0,1.0,1.0,14.0,1.0
4702,0.0,7.0,5.0,0.0,17.0,1.0,1.0,3.0,1.0
4738,0.0,7.0,1.0,1.0,7.0,1.0,0.0,17.0,1.0
4739,0.0,7.0,2.0,0.0,16.0,1.0,0.0,19.0,1.0
4740,0.0,7.0,3.0,0.0,14.0,1.0,2.0,17.0,1.0
4741,0.0,7.0,4.0,2.0,16.0,1.0,1.0,14.0,1.0
4742,0.0,7.0,5.0,0.0,17.0,1.0,1.0,3.0,1.0
4778,0.0,7.0,1.0,1.0,6.0,1.0,0.0,17.0,1.0
4779,0.0,7.0,2.0,0.0,16.0,1.0,0.0,17.0,1.0
4780,0.0,7.0,3.0,0.0,16.0,1.0,2.0,17.0,1.0
4781,0.0,7.0,4.0,2.0,17.0,1.0,1.0,19.0,1.0
4782,0.0,7.0,5.0,0.0,16.0,1.0,1.0,3.0,1.0
4818,0.0,7.0,1.0,1.0,6.0,1.0,0.0,16.0,1.0
4819,0.0,7.0,2.0,0.0,16.0,1.0,0.0,16.0,1.0
4820,0.0,7.0,3.0,0.0,13.0,1.0,2.0,17.0,1.0
4821,0.0,7.0,4.0,2.0,16.0,1.0,0.0,14.0,1.0
4822,0.0,7.0,5.0,0.0,16.0,1.0,1.0,3.0,1.0
4853,0.0,7.0,1.0,1.0,7.0,1.0,0.0,17.0,1.0
4854,0.0,7.0,2.0,0.0,16.0,1.0,0.0,17.0,1.0
4855,0.0,7.0,3.0,0.0,18.0,1.0,2.0,17.0,1.0
4856,0.0,7.0,4.0,2.0,16.0,1.0,1.0,17.0,1.0
4857,0.0,7.0,5.0,0.0,16.0,1.0,1.0,2.0,1.0
4893,0.0,7.0,1.0,1.0,6.0,1.0,0.0,17.0,1.0
4894,0.0,7.0,2.0,0.0,16.0,1.0,0.0,17.0,1.0
4895,0.0,7.0,3.0,0.0,19.0,1.0,2.0,17.0,1.0
4896,0.0,7.0,4.0,2.0,17.0,1.0,1.0,14.0,1.0
4897,0.0,7.0,5.0,0.0,17.0,1.0,2.0,3.0,1.0
4928,0.0,7.0,1.0,1.0,6.0,1.0,0.0,17.0,1.0
4929,0.0,7.0,2.0,0.0,16.0,1.0,0.0,16.0,1.0
4930,0.0,7.0,3.0,0.0,18.0,1.0,2.0,17.0,1.0
4931,0.0,7.0,4.0,2.0,17.0,1.0,1.0,16.0,1.0
4932,0.0,7.0,5.0,0.0,17.0,1.0,1.0,3.0,1.0
4963,0.0,7.0,1.0,1.0,6.0,1.0,0.0,16.0,1.0
4964,0.0,7.0,2.0,0.0,16.0,1.0,0.0,16.0,1.0
4965,0.0,7.0,3.0,0.0,19.0,1.0,2.0,17.0,1.0
4966,0.0,7.0,4.0,2.0,16.0,1.0,1.0,12.0,1.0
4967,0.0,7.0,5.0,0.0,17.0,1.0,1.0,2.0,1.0
4999,0.0,7.0,1.0,0.0,6.0,1.0,0.0,16.0,1.0
5000,0.0,7.0,2.0,0.0,16.0,1.0,0.0,16.0,1.0
5001,0.0,7.0,3.0,0.0,22.0,1.0,2.0,17.0,1.0
5002,0.0,7.0,4.0,2.0,16.0,1.0,1.0,19.0,1.0
5003,0.0,7.0,5.0,2.0,16.0,1.0,1.0,3.0,1.0
5039,0.0,7.0,1.0,0.0,6.0,1.0,0.0,16.0,1.0
5040,0.0,7.0,2.0,0.0,16.0,1.0,0.0,15.0,1.0
5041,0.0,7.0,3.0,0.0,22.0,1.0,2.0,17.0,1.0
5042,0.0,7.0,4.0,2.0,16.0,1.0,1.0,14.0,1.0
5043,0.0,7.0,5.0,2.0,16.0,1.0,2.0,3.0,1.0
5074,0.0,7.0,1.0,0.0,6.0,1.0,0.0,17.0,1.0
5075,0.0,7.0,2.0,0.0,16.0,1.0,0.0,16.0,1.0
5076,0.0,7.0,3.0,0.0,18.0,1.0,2.0,17.0,1.0
5077,0.0,7.0,4.0,2.0,16.0,1.0,1.0,14.0,1.0
5078,0.0,7.0,5.0,2.0,16.0,1.0,2.0,3.0,1.0
5114,0.0,7.0,1.0,0.0,6.0,1.0,0.0,17.0,1.0
5115,0.0,7.0,2.0,0.0,16.0,1.0,0.0,18.0,1.0
5116,0.0,7.0,3.0,0.0,19.0,1.0,2.0,17.0,1.0
5117,0.0,7.0,4.0,2.0,17.0,1.0,1.0,19.0,1.0
5118,0.0,7.0,5.0,2.0,11.0,1.0,1.0,3.0,1.0
5154,0.0,7.0,1.0,0.0,6.0,1.0,0.0,17.0,1.0
5155,0.0,7.0,2.0,0.0,16.0,1.0,0.0,18.0,1.0
5156,0.0,7.0,3.0,0.0,14.0,1.0,2.0,17.0,1.0
5157,0.0,7.0,4.0,2.0,16.0,1.0,1.0,19.0,1.0
5158,0.0,7.0,5.0,2.0,17.0,1.0,1.0,2.0,1.0
5190,0.0,7.0,1.0,1.0,6.0,1.0,0.0,17.0,1.0
5191,0.0,7.0,2.0,0.0,16.0,1.0,0.0,16.0,1.0
5192,0.0,7.0,3.0,0.0,14.0,1.0,2.0,17.0,1.0
5193,0.0,7.0,4.0,2.0,16.0,1.0,1.0,19.0,1.0
5194,0.0,7.0,5.0,0.0,17.0,1.0,1.0,3.0,1.0
5230,0.0,7.0,1.0,1.0,6.0,1.0,0.0,17.0,1.0
5231,0.0,7.0,2.0,0.0,16.0,1.0,0.0,16.0,1.0
5232,0.0,7.0,3.0,0.0,14.0,1.0,2.0,17.0,1.0
5233,0.0,7.0,4.0,2.0,16.0,1.0,0.0,17.0,1.0
5234,0.0,7.0,5.0,0.0,16.0,1.0,2.0,3.0,1.0
5266,0.0,7.0,1.0,0.0,7.0,1.0,0.0,16.0,1.0
5267,0.0,7.0,2.0,0.0,16.0,1.0,0.0,15.0,1.0
5268,0.0,7.0,3.0,0.0,13.0,1.0,2.0,17.0,1.0
5269,0.0,7.0,4.0,2.0,16.0,1.0,0.0,17.0,1.0
5270,0.0,7.0,5.0,2.0,17.0,1.0,3.0,2.0,1.0
5306,0.0,7.0,1.0,0.0,6.0,1.0,0.0,18.0,1.0
5307,0.0,7.0,2.0,0.0,16.0,1.0,0.0,16.0,1.0
5308,0.0,7.0,3.0,0.0,19.0,1.0,2.0,17.0,1.0
5309,0.0,7.0,4.0,2.0,16.0,1.0,0.0,16.0,1.0
5310,0.0,7.0,5.0,2.0,16.0,1.0,3.0,2.0,1.0
5341,0.0,7.0,1.0,0.0,6.0,1.0,0.0,17.0,1.0
5342,0.0,7.0,2.0,0.0,17.0,1.0,0.0,18.0,1.0
5343,0.0,7.0,3.0,0.0,19.0,1.0,2.0,17.0,1.0
5344,0.0,7.0,4.0,2.0,16.0,1.0,0.0,12.0,1.0
5345,0.0,7.0,5.0,2.0,16.0,1.0,2.0,4.0,1.0
5381,0.0,7.0,1.0,1.0,5.0,1.0,0.0,17.0,1.0
5382,0.0,7.0,2.0,0.0,16.0,1.0,0.0,16.0,1.0
5383,0.0,7.0,3.0,0.0,14.0,1.0,2.0,17.0,1.0
5384,0.0,7.0,4.0,2.0,16.0,1.0,1.0,16.0,1.0
5385,0.0,7.0,5.0,2.0,16.0,1.0,2.0,4.0,1.0
5417,0.0,7.0,1.0,1.0,6.0,1.0,0.0,17.0,1.0
5418,0.0,7.0,2.0,0.0,16.0,1.0,0.0,15.0,1.0
5419,0.0,7.0,3.0,0.0,19.0,1.0,2.0,17.0,1.0
5420,0.0,7.0,4.0,2.0,16.0,1.0,2.0,16.0,1.0
5421,0.0,7.0,5.0,0.0,17.0,1.0,2.0,2.0,1.0
5457,0.0,7.0,1.0,1.0,6.0,1.0,0.0,16.0,1.0
5458,0.0,7.0,2.0,0.0,16.0,1.0,0.0,17.0,1.0
5459,0.0,7.0,3.0,0.0,18.0,1.0,2.0,17.0,1.0
5460,0.0,7.0,4.0,2.0,16.0,1.0,1.0,16.0,1.0
5461,0.0,7.0,5.0,0.0,6.0,1.0,3.0,3.0,1.0
5497,0.0,7.0,1.0,1.0,6.0,1.0,0.0,17.0,1.0
5498,0.0,7.0,2.0,0.0,16.0,1.0,0.0,16.0,1.0
5499,0.0,7.0,3.0,0.0,19.0,1.0,2.0,17.0,1.0
5500,0.0,7.0,4.0,2.0,16.0,1.0,1.0,16.0,1.0
5501,0.0,7.0,5.0,0.0,16.0,1.0,3.0,3.0,1.0
5533,0.0,7.0,1.0,0.0,7.0,1.0,0.0,17.0,1.0
5534,0.0,7.0,2.0,0.0,16.0,1.0,0.0,16.0,1.0
5535,0.0,7.0,3.0,0.0,14.0,1.0,2.0,17.0,1.0
5536,0.0,7.0,4.0,2.0,17.0,1.0,2.0,17.0,1.0
5537,0.0,7.0,5.0,2.0,17.0,1.0,2.0,2.0,1.0
5573,0.0,7.0,1.0,0.0,6.0,1.0,0.0,17.0,1.0
5574,0.0,7.0,2.0,0.0,16.0,1.0,0.0,15.0,1.0
5575,0.0,7.0,3.0,0.0,14.0,1.0,2.0,17.0,1.0
5576,0.0,7.0,4.0,2.0,17.0,1.0,1.0,16.0,1.0
5577,0.0,7.0,5.0,2.0,16.0,1.0,4.0,2.0,1.0
5613,0.0,7.0,1.0,0.0,7.0,1.0,0.0,17.0,1.0
5614,0.0,7.0,2.0,0.0,16.0,1.0,0.0,15.0,1.0
5615,0.0,7.0,3.0,0.0,22.0,1.0,2.0,17.0,1.0
5616,0.0,7.0,4.0,2.0,16.0,1.0,2.0,14.0,1.0
5617,0.0,7.0,5.0,2.0,17.0,1.0,2.0,3.0,1.0
5649,0.0,7.0,1.0,1.0,6.0,1.0,0.0,17.0,1.0
5650,0.0,7.0,2.0,0.0,17.0,1.0,0.0,17.0,1.0
5651,0.0,7.0,3.0,0.0,19.0,1.0,2.0,17.0,1.0
5652,0.0,7.0,4.0,2.0,16.0,1.0,1.0,16.0,1.0
5653,0.0,7.0,5.0,0.0,14.0,1.0,1.0,4.0,1.0
5689,0.0,7.0,1.0,1.0,6.0,1.0,0.0,17.0,1.0
5690,0.0,7.0,2.0,0.0,16.0,1.0,0.0,16.0,1.0
5691,0.0,7.0,3.0,0.0,16.0,1.0,2.0,17.0,1.0
5692,0.0,7.0,4.0,2.0,17.0,1.0,2.0,16.0,1.0
5693,0.0,7.0,5.0,0.0,16.0,1.0,1.0,3.0,1.0
5724,0.0,7.0,1.0,1.0,7.0,1.0,0.0,17.0,1.0
5725,0.0,7.0,2.0,0.0,16.0,1.0,0.0,17.0,1.0
5726,0.0,7.0,3.0,0.0,18.0,1.0,2.0,17.0,1.0
5727,0.0,7.0,4.0,2.0,16.0,1.0,1.0,16.0,1.0
5728,0.0,7.0,5.0,0.0,16.0,1.0,2.0,2.0,1.0
5764,0.0,7.0,1.0,1.0,6.0,1.0,0.0,17.0,1.0
5765,0.0,7.0,2.0,0.0,16.0,1.0,0.0,17.0,1.0
5766,0.0,7.0,3.0,0.0,16.0,1.0,2.0,17.0,1.0
5767,0.0,7.0,4.0,2.0,17.0,1.0,1.0,16.0,1.0
5768,0.0,7.0,5.0,0.0,16.0,1.0,3.0,3.0,1.0
5804,0.0,7.0,1.0,1.0,7.0,1.0,0.0,16.0,1.0
5805,0.0,7.0,2.0,0.0,16.0,1.0,0.0,17.0,1.0
5806,0.0,7.0,3.0,0.0,19.0,1.0,2.0,17.0,1.0
5807,0.0,7.0,4.0,2.0,17.0,1.0,1.0,17.0,1.0
5808,0.0,7.0,5.0,0.0,16.0,1.0,1.0,4.0,1.0
5844,0.0,7.0,1.0,1.0,6.0,1.0,0.0,17.0,1.0
5845,0.0,7.0,2.0,0.0,16.0,1.0,0.0,17.0,1.0
5846,0.0,7.0,3.0,0.0,14.0,1.0,2.0,17.0,1.0
5847,0.0,7.0,4.0,2.0,17.0,1.0,1.0,16.0,1.0
5848,0.0,7.0,5.0,0.0,17.0,1.0,2.0,4.0,1.0
5884,0.0,7.0,1.0,1.0,6.0,1.0,0.0,16.0,1.0
5885,0.0,7.0,2.0,0.0,16.0,1.0,0.0,16.0,1.0
5886,0.0,7.0,3.0,0.0,16.0,1.0,2.0,17.0,1.0
5887,0.0,7.0,4.0,2.0,17.0,1.0,2.0,9.0,1.0
5888,0.0,7.0,5.0,0.0,16.0,1.0,1.0,4.0,1.0
5920,0.0,7.0,1.0,0.0,6.0,1.0,0.0,17.0,1.0
5921,0.0,7.0,2.0,0.0,16.0,1.0,0.0,15.0,1.0
5922,0.0,7.0,3.0,0.0,14.0,1.0,2.0,17.0,1.0
5923,0.0,7.0,4.0,2.0,16.0,1.0,2.0,11.0,1.0
5924,0.0,7.0,5.0,2.0,16.0,1.0,1.0,3.0,1.0
5960,0.0,7.0,1.0,0.0,6.0,1.0,0.0,17.0,1.0
5961,0.0,7.0,2.0,0.0,16.0,1.0,0.0,15.0,1.0
5962,0.0,7.0,3.0,0.0,22.0,1.0,2.0,17.0,1.0
5963,0.0,7.0,4.0,2.0,17.0,1.0,2.0,13.0,1.0
5964,0.0,7.0,5.0,2.0,16.0,1.0,2.0,3.0,1.0
6000,0.0,7.0,1.0,0.0,6.0,1.0,0.0,18.0,1.0
6001,0.0,7.0,2.0,0.0,16.0,1.0,0.0,16.0,1.0
6002,0.0,7.0,3.0,0.0,13.0,1.0,2.0,17.0,1.0
6003,0.0,7.0,4.0,2.0,17.0,1.0,2.0,16.0,1.0
6004,0.0,7.0,5.0,2.0,15.0,1.0,2.0,1.0,1.0
6035,0.0,7.0,1.0,0.0,7.0,1.0,0.0,17.0,1.0
6036,0.0,7.0,2.0,0.0,16.0,1.0,0.0,16.0,1.0
6037,0.0,7.0,3.0,0.0,14.0,1.0,2.0,17.0,1.0
6038,0.0,7.0,4.0,2.0,16.0,1.0,2.0,16.0,1.0
6039,0.0,7.0,5.0,2.0,16.0,1.0,1.0,4.0,1.0
6070,0.0,7.0,1.0,0.0,6.0,1.0,0.0,17.0,1.0
6071,0.0,7.0,2.0,0.0,16.0,1.0,0.0,15.0,1.0
6072,0.0,7.0,3.0,0.0,19.0,1.0,2.0,17.0,1.0
6073,0.0,7.0,4.0,2.0,16.0,1.0,1.0,16.0,1.0
6074,0.0,7.0,5.0,2.0,17.0,1.0,1.0,3.0,1.0
6105,0.0,7.0,1.0,0.0,6.0,1.0,0.0,17.0,1.0
6106,0.0,7.0,2.0,0.0,16.0,1.0,0.0,15.0,1.0
6107,0.0,7.0,3.0,0.0,19.0,1.0,2.0,17.0,1.0
6108,0.0,7.0,4.0,2.0,17.0,1.0,2.0,13.0,1.0
6109,0.0,7.0,5.0,2.0,16.0,1.0,2.0,3.0,1.0
6145,0.0,7.0,1.0,0.0,7.0,1.0,0.0,17.0,1.0
6146,0.0,7.0,2.0,0.0,16.0,1.0,0.0,15.0,1.0
6147,0.0,7.0,3.0,0.0,18.0,1.0,2.0,17.0,1.0
6148,0.0,7.0,4.0,2.0,16.0,1.0,2.0,14.0,1.0
6149,0.0,7.0,5.0,2.0,3.0,1.0,1.0,3.0,1.0
6181,0.0,7.0,1.0,1.0,7.0,1.0,0.0,17.0,1.0
6182,0.0,7.0,2.0,0.0,16.0,1.0,0.0,16.0,1.0
6183,0.0,7.0,3.0,0.0,22.0,1.0,2.0,17.0,1.0
6184,0.0,7.0,4.0,2.0,16.0,1.0,1.0,14.0,1.0
6185,0.0,7.0,5.0,0.0,16.0,1.0,1.0,3.0,1.0
6221,0.0,7.0,1.0,1.0,7.0,1.0,0.0,16.0,1.0
6222,0.0,7.0,2.0,0.0,16.0,1.0,0.0,18.0,1.0
6223,0.0,7.0,3.0,0.0,20.0,1.0,2.0,17.0,1.0
6224,0.0,7.0,4.0,2.0,16.0,1.0,2.0,16.0,1.0
6225,0.0,7.0,5.0,0.0,16.0,1.0,1.0,3.0,1.0
6261,0.0,7.0,1.0,1.0,6.0,1.0,0.0,16.0,1.0
6262,0.0,7.0,2.0,0.0,16.0,1.0,0.0,16.0,1.0
6263,0.0,7.0,3.0,0.0,13.0,1.0,2.0,17.0,1.0
6264,0.0,7.0,4.0,2.0,17.0,1.0,2.0,17.0,1.0
6265,0.0,7.0,5.0,0.0,17.0,1.0,1.0,3.0,1.0
6297,0.0,7.0,1.0,0.0,6.0,1.0,0.0,16.0,1.0
6298,0.0,7.0,2.0,0.0,16.0,1.0,0.0,17.0,1.0
6299,0.0,7.0,3.0,0.0,13.0,1.0,2.0,17.0,1.0
6300,0.0,7.0,4.0,2.0,17.0,1.0,2.0,15.0,1.0
6301,0.0,7.0,5.0,2.0,16.0,1.0,1.0,2.0,1.0
6337,0.0,7.0,1.0,0.0,7.0,1.0,0.0,17.0,1.0
6338,0.0,7.0,2.0,0.0,16.0,1.0,0.0,15.0,1.0
6339,0.0,7.0,3.0,0.0,18.0,1.0,2.0,17.0,1.0
6340,0.0,7.0,4.0,2.0,16.0,1.0,1.0,16.0,1.0
6341,0.0,7.0,5.0,2.0,16.0,1.0,1.0,3.0,1.0
6377,0.0,7.0,1.0,0.0,6.0,1.0,0.0,16.0,1.0
6378,0.0,7.0,2.0,0.0,16.0,1.0,0.0,17.0,1.0
6379,0.0,7.0,3.0,0.0,18.0,1.0,2.0,17.0,1.0
6380,0.0,7.0,4.0,2.0,17.0,1.0,2.0,15.0,1.0
6381,0.0,7.0,5.0,2.0,17.0,1.0,1.0,3.0,1.0
6412,0.0,7.0,1.0,0.0,6.0,1.0,0.0,17.0,1.0
6413,0.0,7.0,2.0,0.0,17.0,1.0,0.0,18.0,1.0
6414,0.0,7.0,3.0,0.0,13.0,1.0,2.0,17.0,1.0
6415,0.0,7.0,4.0,2.0,16.0,1.0,2.0,16.0,1.0
6416,0.0,7.0,5.0,2.0,16.0,1.0,1.0,3.0,1.0
6447,0.0,7.0,1.0,0.0,6.0,1.0,0.0,16.0,1.0
6448,0.0,7.0,2.0,0.0,16.0,1.0,0.0,16.0,1.0
6449,0.0,7.0,3.0,0.0,19.0,1.0,2.0,17.0,1.0
6450,0.0,7.0,4.0,2.0,16.0,1.0,1.0,17.0,1.0
6451,0.0,7.0,5.0,2.0,16.0,1.0,1.0,3.0,1.0
6487,0.0,7.0,1.0,0.0,6.0,1.0,0.0,16.0,1.0
6488,0.0,7.0,2.0,0.0,16.0,1.0,0.0,18.0,1.0
6489,0.0,7.0,3.0,0.0,13.0,1.0,2.0,17.0,1.0
6490,0.0,7.0,4.0,2.0,17.0,1.0,1.0,16.0,1.0
6491,0.0,7.0,5.0,2.0,17.0,1.0,1.0,4.0,1.0
6527,0.0,7.0,1.0,0.0,6.0,1.0,0.0,17.0,1.0
6528,0.0,7.0,2.0,0.0,16.0,1.0,0.0,17.0,1.0
6529,0.0,7.0,3.0,0.0,19.0,1.0,2.0,17.0,1.0
6530,0.0,7.0,4.0,2.0,17.0,1.0,1.0,16.0,1.0
6531,0.0,7.0,5.0,2.0,16.0,1.0,1.0,3.0,1.0
6563,0.0,7.0,1.0,1.0,6.0,1.0,0.0,17.0,1.0
6564,0.0,7.0,2.0,0.0,18.0,1.0,0.0,16.0,1.0
6565,0.0,7.0,3.0,0.0,32.0,1.0,2.0,17.0,1.0
6566,0.0,7.0,4.0,2.0,17.0,1.0,2.0,16.0,1.0
6567,0.0,7.0,5.0,0.0,17.0,1.0,1.0,3.0,1.0
6603,0.0,7.0,1.0,1.0,6.0,1.0,0.0,17.0,1.0
6604,0.0,7.0,2.0,0.0,16.0,1.0,0.0,17.0,1.0
6605,0.0,7.0,3.0,0.0,12.0,1.0,2.0,17.0,1.0
6606,0.0,7.0,4.0,2.0,16.0,1.0,1.0,17.0,1.0
6607,0.0,7.0,5.0,0.0,16.0,1.0,1.0,3.0,1.0
6638,0.0,7.0,1.0,1.0,6.0,1.0,0.0,18.0,1.0
6639,0.0,7.0,2.0,0.0,16.0,1.0,0.0,18.0,1.0
6640,0.0,7.0,3.0,0.0,16.0,1.0,2.0,17.0,1.0
6641,0.0,7.0,4.0,2.0,17.0,1.0,2.0,12.0,1.0
6642,0.0,7.0,5.0,0.0,18.0,1.0,1.0,3.0,1.0
6678,0.0,7.0,1.0,1.0,7.0,1.0,0.0,17.0,1.0
6679,0.0,7.0,2.0,0.0,16.0,1.0,0.0,17.0,1.0
6680,0.0,7.0,3.0,0.0,16.0,1.0,2.0,17.0,1.0
6681,0.0,7.0,4.0,2.0,17.0,1.0,1.0,12.0,1.0
6682,0.0,7.0,5.0,0.0,16.0,1.0,1.0,4.0,1.0
6718,0.0,7.0,1.0,1.0,7.0,1.0,0.0,16.0,1.0
6719,0.0,7.0,2.0,0.0,16.0,1.0,0.0,15.0,1.0
6720,0.0,7.0,3.0,0.0,22.0,1.0,2.0,17.0,1.0
6721,0.0,7.0,4.0,2.0,16.0,1.0,1.0,14.0,1.0
6722,0.0,7.0,5.0,0.0,17.0,1.0,2.0,4.0,1.0
6753,0.0,7.0,1.0,1.0,6.0,1.0,0.0,17.0,1.0
6754,0.0,7.0,2.0,0.0,16.0,1.0,0.0,17.0,1.0
6755,0.0,7.0,3.0,0.0,18.0,1.0,2.0,17.0,1.0
6756,0.0,7.0,4.0,2.0,16.0,1.0,1.0,14.0,1.0
6757,0.0,7.0,5.0,0.0,16.0,1.0,1.0,3.0,1.0
6793,0.0,7.0,1.0,1.0,6.0,1.0,0.0,18.0,1.0
6794,0.0,7.0,2.0,0.0,16.0,1.0,0.0,17.0,1.0
6795,0.0,7.0,3.0,0.0,14.0,1.0,2.0,17.0,1.0
6796,0.0,7.0,4.0,2.0,16.0,1.0,1.0,12.0,1.0
6797,0.0,7.0,5.0,0.0,16.0,1.0,1.0,3.0,1.0
6833,0.0,7.0,1.0,1.0,6.0,1.0,0.0,16.0,1.0
6834,0.0,7.0,2.0,0.0,16.0,1.0,0.0,16.0,1.0
6835,0.0,7.0,3.0,0.0,19.0,1.0,2.0,17.0,1.0
6836,0.0,7.0,4.0,2.0,16.0,1.0,1.0,14.0,1.0
6837,0.0,7.0,5.0,0.0,17.0,1.0,2.0,4.0,1.0
6873,0.0,7.0,1.0,1.0,6.0,1.0,0.0,16.0,1.0
6874,0.0,7.0,2.0,0.0,17.0,1.0,0.0,18.0,1.0
6875,0.0,7.0,3.0,0.0,32.0,1.0,2.0,17.0,1.0
6876,0.0,7.0,4.0,2.0,17.0,1.0,2.0,15.0,1.0
6877,0.0,7.0,5.0,0.0,3.0,1.0,1.0,4.0,1.0
6913,0.0,7.0,1.0,1.0,6.0,1.0,0.0,16.0,1.0
6914,0.0,7.0,2.0,0.0,16.0,1.0,0.0,18.0,1.0
6915,0.0,7.0,3.0,0.0,18.0,1.0,2.0,17.0,1.0
6916,0.0,7.0,4.0,2.0,16.0,1.0,1.0,12.0,1.0
6917,0.0,7.0,5.0,0.0,17.0,1.0,1.0,4.0,1.0
6953,0.0,7.0,1.0,1.0,7.0,1.0,0.0,18.0,1.0
6954,0.0,7.0,2.0,0.0,16.0,1.0,0.0,19.0,1.0
6955,0.0,7.0,3.0,0.0,14.0,1.0,2.0,17.0,1.0
6956,0.0,7.0,4.0,2.0,16.0,1.0,1.0,16.0,1.0
6957,0.0,7.0,5.0,0.0,16.0,1.0,2.0,3.0,1.0
6989,0.0,7.0,1.0,0.0,8.0,1.0,0.0,16.0,1.0
6990,0.0,7.0,2.0,0.0,16.0,1.0,0.0,16.0,1.0
6991,0.0,7.0,3.0,0.0,14.0,1.0,2.0,17.0,1.0
6992,0.0,7.0,4.0,2.0,16.0,1.0,1.0,17.0,1.0
6993,0.0,7.0,5.0,2.0,16.0,1.0,1.0,4.0,1.0
7029,0.0,7.0,1.0,0.0,6.0,1.0,0.0,16.0,1.0
7030,0.0,7.0,2.0,0.0,16.0,1.0,0.0,18.0,1.0
7031,0.0,7.0,3.0,0.0,13.0,1.0,2.0,17.0,1.0
7032,0.0,7.0,4.0,2.0,17.0,1.0,1.0,15.0,1.0
7033,0.0,7.0,5.0,2.0,17.0,1.0,1.0,3.0,1.0
7069,0.0,7.0,1.0,0.0,6.0,1.0,0.0,17.0,1.0
7070,0.0,7.0,2.0,0.0,16.0,1.0,0.0,18.0,1.0
7071,0.0,7.0,3.0,0.0,19.0,1.0,2.0,17.0,1.0
7072,0.0,7.0,4.0,2.0,17.0,1.0,2.0,14.0,1.0
7073,0.0,7.0,5.0,2.0,14.0,1.0,1.0,4.0,1.0
7109,0.0,7.0,1.0,0.0,6.0,1.0,0.0,16.0,1.0
7110,0.0,7.0,2.0,0.0,16.0,1.0,0.0,17.0,1.0
7111,0.0,7.0,3.0,0.0,14.0,1.0,2.0,17.0,1.0
7112,0.0,7.0,4.0,2.0,16.0,1.0,1.0,17.0,1.0
7113,0.0,7.0,5.0,2.0,16.0,1.0,2.0,3.0,1.0
7149,0.0,7.0,1.0,0.0,7.0,1.0,0.0,17.0,1.0
7150,0.0,7.0,2.0,0.0,16.0,1.0,0.0,15.0,1.0
7151,0.0,7.0,3.0,0.0,14.0,1.0,2.0,17.0,1.0
7152,0.0,7.0,4.0,2.0,16.0,1.0,1.0,11.0,1.0
7153,0.0,7.0,5.0,2.0,16.0,1.0,2.0,3.0,1.0
7184,0.0,7.0,1.0,0.0,6.0,1.0,0.0,16.0,1.0
7185,0.0,7.0,2.0,0.0,16.0,1.0,0.0,13.0,1.0
7186,0.0,7.0,3.0,0.0,19.0,1.0,2.0,17.0,1.0
7187,0.0,7.0,4.0,2.0,16.0,1.0,1.0,17.0,1.0
7188,0.0,7.0,5.0,2.0,16.0,1.0,1.0,4.0,1.0
7224,0.0,7.0,1.0,0.0,6.0,1.0,0.0,16.0,1.0
7225,0.0,7.0,2.0,0.0,16.0,1.0,0.0,16.0,1.0
7226,0.0,7.0,3.0,0.0,14.0,1.0,2.0,17.0,1.0
7227,0.0,7.0,4.0,2.0,17.0,1.0,2.0,17.0,1.0
7228,0.0,7.0,5.0,2.0,5.0,1.0,1.0,3.0,1.0
7260,0.0,7.0,1.0,1.0,6.0,1.0,0.0,16.0,1.0
7261,0.0,7.0,2.0,0.0,16.0,1.0,0.0,18.0,1.0
7262,0.0,7.0,3.0,0.0,14.0,1.0,2.0,17.0,1.0
7263,0.0,7.0,4.0,2.0,16.0,1.0,1.0,16.0,1.0
7264,0.0,7.0,5.0,0.0,17.0,1.0,1.0,3.0,1.0
7296,0.0,7.0,1.0,0.0,6.0,1.0,0.0,16.0,1.0
7297,0.0,7.0,2.0,0.0,16.0,1.0,0.0,17.0,1.0
7298,0.0,7.0,3.0,0.0,14.0,1.0,2.0,17.0,1.0
7299,0.0,7.0,4.0,2.0,16.0,1.0,1.0,16.0,1.0
7300,0.0,7.0,5.0,2.0,16.0,1.0,1.0,4.0,1.0
7336,0.0,7.0,1.0,0.0,7.0,1.0,0.0,16.0,1.0
7337,0.0,7.0,2.0,0.0,16.0,1.0,0.0,17.0,1.0
7338,0.0,7.0,3.0,0.0,22.0,1.0,2.0,17.0,1.0
7339,0.0,7.0,4.0,2.0,16.0,1.0,0.0,17.0,1.0
7340,0.0,7.0,5.0,2.0,16.0,1.0,2.0,4.0,1.0
7376,0.0,7.0,1.0,0.0,6.0,1.0,0.0,16.0,1.0
7377,0.0,7.0,2.0,0.0,16.0,1.0,0.0,19.0,1.0
7378,0.0,7.0,3.0,0.0,14.0,1.0,2.0,17.0,1.0
7379,0.0,7.0,4.0,2.0,16.0,1.0,2.0,12.0,1.0
7380,0.0,7.0,5.0,2.0,16.0,1.0,1.0,4.0,1.0
7416,0.0,7.0,1.0,0.0,6.0,1.0,0.0,16.0,1.0
7417,0.0,7.0,2.0,0.0,16.0,1.0,0.0,18.0,1.0
7418,0.0,7.0,3.0,0.0,18.0,1.0,2.0,17.0,1.0
7419,0.0,7.0,4.0,2.0,16.0,1.0,1.0,16.0,1.0
7420,0.0,7.0,5.0,2.0,16.0,1.0,1.0,4.0,1.0
7451,0.0,7.0,1.0,0.0,6.0,1.0,0.0,16.0,1.0
7452,0.0,7.0,2.0,0.0,16.0,1.0,0.0,18.0,1.0
7453,0.0,7.0,3.0,0.0,14.0,1.0,2.0,17.0,1.0
7454,0.0,7.0,4.0,2.0,16.0,1.0,1.0,14.0,1.0
7455,0.0,7.0,5.0,2.0,16.0,1.0,1.0,4.0,1.0
7486,0.0,7.0,1.0,0.0,7.0,1.0,0.0,16.0,1.0
7487,0.0,7.0,2.0,0.0,17.0,1.0,0.0,16.0,1.0
7488,0.0,7.0,3.0,0.0,18.0,1.0,2.0,17.0,1.0
7489,0.0,7.0,4.0,2.0,17.0,1.0,2.0,15.0,1.0
7490,0.0,7.0,5.0,2.0,16.0,1.0,1.0,4.0,1.0
7526,0.0,7.0,1.0,0.0,7.0,1.0,0.0,17.0,1.0
7527,0.0,7.0,2.0,0.0,16.0,1.0,0.0,16.0,1.0
7528,0.0,7.0,3.0,0.0,16.0,1.0,2.0,17.0,1.0
7529,0.0,7.0,4.0,2.0,17.0,1.0,1.0,15.0,1.0
7530,0.0,7.0,5.0,2.0,16.0,1.0,1.0,4.0,1.0
7561,0.0,7.0,1.0,0.0,7.0,1.0,0.0,17.0,1.0
7562,0.0,7.0,2.0,0.0,16.0,1.0,0.0,17.0,1.0
7563,0.0,7.0,3.0,0.0,14.0,1.0,2.0,17.0,1.0
7564,0.0,7.0,4.0,2.0,16.0,1.0,0.0,12.0,1.0
7565,0.0,7.0,5.0,2.0,16.0,1.0,1.0,3.0,1.0
7601,0.0,7.0,1.0,0.0,6.0,1.0,0.0,17.0,1.0
7602,0.0,7.0,2.0,0.0,17.0,1.0,0.0,17.0,1.0
7603,0.0,7.0,3.0,0.0,19.0,1.0,2.0,17.0,1.0
7604,0.0,7.0,4.0,2.0,16.0,1.0,2.0,15.0,1.0
7605,0.0,7.0,5.0,2.0,16.0,1.0,1.0,4.0,1.0
7641,0.0,7.0,1.0,0.0,6.0,1.0,0.0,16.0,1.0
7642,0.0,7.0,2.0,0.0,16.0,1.0,0.0,16.0,1.0
7643,0.0,7.0,3.0,0.0,14.0,1.0,2.0,17.0,1.0
7644,0.0,7.0,4.0,2.0,17.0,1.0,1.0,14.0,1.0
7645,0.0,7.0,5.0,2.0,17.0,1.0,1.0,4.0,1.0
7681,0.0,7.0,1.0,0.0,7.0,1.0,0.0,17.0,1.0
7682,0.0,7.0,2.0,0.0,16.0,1.0,0.0,15.0,1.0
7683,0.0,7.0,3.0,0.0,13.0,1.0,2.0,17.0,1.0
7684,0.0,7.0,4.0,2.0,17.0,1.0,1.0,14.0,1.0
7685,0.0,7.0,5.0,2.0,17.0,1.0,1.0,3.0,1.0
7716,0.0,7.0,1.0,0.0,7.0,1.0,0.0,16.0,1.0
7717,0.0,7.0,2.0,0.0,16.0,1.0,0.0,17.0,1.0
7718,0.0,7.0,3.0,0.0,13.0,1.0,2.0,17.0,1.0
7719,0.0,7.0,4.0,2.0,16.0,1.0,1.0,17.0,1.0
7720,0.0,7.0,5.0,2.0,16.0,1.0,1.0,3.0,1.0
7751,0.0,7.0,1.0,0.0,6.0,1.0,0.0,17.0,1.0
7752,0.0,7.0,2.0,0.0,16.0,1.0,0.0,20.0,1.0
7753,0.0,7.0,3.0,0.0,16.0,1.0,2.0,17.0,1.0
7754,0.0,7.0,4.0,2.0,17.0,1.0,2.0,14.0,1.0
7755,0.0,7.0,5.0,2.0,17.0,1.0,1.0,4.0,1.0
7791,0.0,7.0,1.0,0.0,6.0,1.0,0.0,16.0,1.0
7792,0.0,7.0,2.0,0.0,16.0,1.0,0.0,15.0,1.0
7793,0.0,7.0,3.0,0.0,14.0,1.0,2.0,17.0,1.0
7794,0.0,7.0,4.0,2.0,17.0,1.0,1.0,14.0,1.0
7795,0.0,7.0,5.0,2.0,16.0,1.0,1.0,3.0,1.0
7831,0.0,7.0,1.0,0.0,6.0,1.0,0.0,17.0,1.0
7832,0.0,7.0,2.0,0.0,16.0,1.0,0.0,16.0,1.0
7833,0.0,7.0,3.0,0.0,14.0,1.0,2.0,17.0,1.0
7834,0.0,7.0,4.0,2.0,16.0,1.0,0.0,13.0,1.0
7835,0.0,7.0,5.0,2.0,17.0,1.0,1.0,3.0,1.0
7871,0.0,7.0,1.0,0.0,6.0,1.0,0.0,16.0,1.0
7872,0.0,7.0,2.0,0.0,16.0,1.0,0.0,17.0,1.0
7873,0.0,7.0,3.0,0.0,18.0,1.0,2.0,17.0,1.0
7874,0.0,7.0,4.0,2.0,17.0,1.0,2.0,17.0,1.0
7875,0.0,7.0,5.0,2.0,17.0,1.0,1.0,4.0,1.0
7911,0.0,7.0,1.0,0.0,5.0,1.0,0.0,16.0,1.0
7912,0.0,7.0,2.0,0.0,16.0,1.0,0.0,16.0,1.0
7913,0.0,7.0,3.0,0.0,22.0,1.0,2.0,17.0,1.0
7914,0.0,7.0,4.0,2.0,17.0,1.0,1.0,14.0,1.0
7915,0.0,7.0,5.0,2.0,16.0,1.0,1.0,4.0,1.0
7951,0.0,7.0,1.0,0.0,6.0,1.0,0.0,18.0,1.0
7952,0.0,7.0,2.0,0.0,16.0,1.0,0.0,17.0,1.0
7953,0.0,7.0,3.0,0.0,14.0,1.0,2.0,17.0,1.0
7954,0.0,7.0,4.0,2.0,16.0,1.0,2.0,16.0,1.0
7955,0.0,7.0,5.0,2.0,16.0,1.0,1.0,4.0,1.0
7991,0.0,7.0,1.0,0.0,7.0,1.0,0.0,17.0,1.0
7992,0.0,7.0,2.0,0.0,16.0,1.0,0.0,17.0,1.0
7993,0.0,7.0,3.0,0.0,13.0,1.0,2.0,17.0,1.0
7994,0.0,7.0,4.0,2.0,16.0,1.0,0.0,17.0,1.0
7995,0.0,7.0,5.0,2.0,16.0,1.0,2.0,4.0,1.0
8031,0.0,7.0,1.0,0.0,7.0,1.0,0.0,17.0,1.0
8032,0.0,7.0,2.0,0.0,16.0,1.0,0.0,18.0,1.0
8033,0.0,7.0,3.0,0.0,19.0,1.0,2.0,17.0,1.0
8034,0.0,7.0,4.0,2.0,16.0,1.0,1.0,16.0,1.0
8035,0.0,7.0,5.0,2.0,16.0,1.0,1.0,3.0,1.0
8067,0.0,7.0,1.0,1.0,6.0,1.0,0.0,17.0,1.0
8068,0.0,7.0,2.0,0.0,17.0,1.0,0.0,18.0,1.0
8069,0.0,7.0,3.0,0.0,16.0,1.0,2.0,17.0,1.0
8070,0.0,7.0,4.0,2.0,16.0,1.0,1.0,14.0,1.0
8071,0.0,7.0,5.0,0.0,6.0,1.0,1.0,4.0,1.0
8107,0.0,7.0,1.0,1.0,6.0,1.0,0.0,17.0,1.0
8108,0.0,7.0,2.0,0.0,16.0,1.0,0.0,16.0,1.0
8109,0.0,7.0,3.0,0.0,13.0,1.0,2.0,17.0,1.0
8110,0.0,7.0,4.0,2.0,17.0,1.0,0.0,17.0,1.0
8111,0.0,7.0,5.0,0.0,16.0,1.0,2.0,4.0,1.0
8147,0.0,7.0,1.0,1.0,6.0,1.0,0.0,17.0,1.0
8148,0.0,7.0,2.0,0.0,16.0,1.0,0.0,16.0,1.0
8149,0.0,7.0,3.0,0.0,16.0,1.0,2.0,17.0,1.0
8150,0.0,7.0,4.0,2.0,16.0,1.0,1.0,17.0,1.0
8151,0.0,7.0,5.0,0.0,16.0,1.0,2.0,4.0,1.0
8187,0.0,7.0,1.0,1.0,6.0,1.0,0.0,16.0,1.0
8188,0.0,7.0,2.0,0.0,16.0,1.0,0.0,16.0,1.0
8189,0.0,7.0,3.0,0.0,22.0,1.0,2.0,17.0,1.0
8190,0.0,7.0,4.0,2.0,16.0,1.0,1.0,16.0,1.0
8191,0.0,7.0,5.0,0.0,16.0,1.0,1.0,2.0,1.0
8227,0.0,7.0,1.0,1.0,6.0,1.0,0.0,16.0,1.0
8228,0.0,7.0,2.0,0.0,16.0,1.0,0.0,14.0,1.0
8229,0.0,7.0,3.0,0.0,18.0,1.0,2.0,17.0,1.0
8230,0.0,7.0,4.0,2.0,16.0,1.0,1.0,14.0,1.0
8231,0.0,7.0,5.0,0.0,16.0,1.0,1.0,3.0,1.0
8263,0.0,7.0,1.0,0.0,6.0,1.0,0.0,16.0,1.0
8264,0.0,7.0,2.0,0.0,16.0,1.0,0.0,15.0,1.0
8265,0.0,7.0,3.0,0.0,16.0,1.0,2.0,17.0,1.0
8266,0.0,7.0,4.0,2.0,17.0,1.0,1.0,14.0,1.0
8267,0.0,7.0,5.0,2.0,15.0,1.0,1.0,4.0,1.0
8303,0.0,7.0,1.0,0.0,6.0,1.0,0.0,16.0,1.0
8304,0.0,7.0,2.0,0.0,17.0,1.0,0.0,16.0,1.0
8305,0.0,7.0,3.0,0.0,13.0,1.0,2.0,17.0,1.0
8306,0.0,7.0,4.0,2.0,16.0,1.0,1.0,14.0,1.0
8307,0.0,7.0,5.0,2.0,17.0,1.0,1.0,3.0,1.0
8343,0.0,7.0,1.0,0.0,6.0,1.0,0.0,17.0,1.0
8344,0.0,7.0,2.0,0.0,16.0,1.0,0.0,17.0,1.0
8345,0.0,7.0,3.0,0.0,13.0,1.0,2.0,17.0,1.0
8346,0.0,7.0,4.0,2.0,16.0,1.0,2.0,16.0,1.0
8347,0.0,7.0,5.0,2.0,16.0,1.0,1.0,4.0,1.0
8383,0.0,7.0,1.0,0.0,6.0,1.0,0.0,16.0,1.0
8384,0.0,7.0,2.0,0.0,17.0,1.0,0.0,15.0,1.0
8385,0.0,7.0,3.0,0.0,14.0,1.0,2.0,17.0,1.0
8386,0.0,7.0,4.0,2.0,17.0,1.0,1.0,17.0,1.0
8387,0.0,7.0,5.0,2.0,16.0,1.0,1.0,3.0,1.0
8423,0.0,7.0,1.0,0.0,7.0,1.0,0.0,17.0,1.0
8424,0.0,7.0,2.0,0.0,16.0,1.0,0.0,17.0,1.0
8425,0.0,7.0,3.0,0.0,13.0,1.0,2.0,17.0,1.0
8426,0.0,7.0,4.0,2.0,16.0,1.0,1.0,16.0,1.0
8427,0.0,7.0,5.0,2.0,16.0,1.0,1.0,3.0,1.0
8459,0.0,7.0,1.0,1.0,6.0,1.0,0.0,17.0,1.0
8460,0.0,7.0,2.0,0.0,16.0,1.0,0.0,17.0,1.0
8461,0.0,7.0,3.0,0.0,19.0,1.0,2.0,17.0,1.0
8462,0.0,7.0,4.0,2.0,16.0,1.0,1.0,15.0,1.0
8463,0.0,7.0,5.0,0.0,17.0,1.0,1.0,3.0,1.0
8499,0.0,7.0,1.0,1.0,7.0,1.0,0.0,17.0,1.0
8500,0.0,7.0,2.0,0.0,16.0,1.0,0.0,17.0,1.0
8501,0.0,7.0,3.0,0.0,22.0,1.0,2.0,17.0,1.0
8502,0.0,7.0,4.0,2.0,16.0,1.0,0.0,14.0,1.0
8503,0.0,7.0,5.0,0.0,13.0,1.0,2.0,2.0,1.0
8539,0.0,7.0,1.0,1.0,6.0,1.0,0.0,16.0,1.0
8540,0.0,7.0,2.0,0.0,16.0,1.0,0.0,16.0,1.0
8541,0.0,7.0,3.0,0.0,16.0,1.0,2.0,17.0,1.0
8542,0.0,7.0,4.0,2.0,16.0,1.0,2.0,15.0,1.0
8543,0.0,7.0,5.0,0.0,16.0,1.0,1.0,3.0,1.0
8575,0.0,7.0,1.0,0.0,6.0,1.0,0.0,16.0,1.0
8576,0.0,7.0,2.0,0.0,16.0,1.0,0.0,15.0,1.0
8577,0.0,7.0,3.0,0.0,16.0,1.0,2.0,17.0,1.0
8578,0.0,7.0,4.0,2.0,16.0,1.0,0.0,17.0,1.0
8579,0.0,7.0,5.0,2.0,16.0,1.0,2.0,4.0,1.0
8615,0.0,7.0,1.0,0.0,6.0,1.0,0.0,16.0,1.0
8616,0.0,7.0,2.0,0.0,16.0,1.0,0.0,17.0,1.0
8617,0.0,7.0,3.0,0.0,18.0,1.0,2.0,17.0,1.0
8618,0.0,7.0,4.0,2.0,16.0,1.0,1.0,14.0,1.0
8619,0.0,7.0,5.0,2.0,17.0,1.0,1.0,3.0,1.0
8655,0.0,7.0,1.0,0.0,6.0,1.0,0.0,17.0,1.0
8656,0.0,7.0,2.0,0.0,16.0,1.0,0.0,17.0,1.0
8657,0.0,7.0,3.0,0.0,16.0,1.0,2.0,17.0,1.0
8658,0.0,7.0,4.0,2.0,16.0,1.0,0.0,14.0,1.0
8659,0.0,7.0,5.0,2.0,16.0,1.0,1.0,3.0,1.0
8695,0.0,7.0,1.0,0.0,6.0,1.0,0.0,16.0,1.0
8696,0.0,7.0,2.0,0.0,16.0,1.0,0.0,16.0,1.0
8697,0.0,7.0,3.0,0.0,14.0,1.0,2.0,17.0,1.0
8698,0.0,7.0,4.0,2.0,17.0,1.0,2.0,15.0,1.0
8699,0.0,7.0,5.0,2.0,16.0,1.0,1.0,3.0,1.0
8730,0.0,7.0,1.0,0.0,6.0,1.0,0.0,17.0,1.0
8731,0.0,7.0,2.0,0.0,17.0,1.0,0.0,18.0,1.0
8732,0.0,7.0,3.0,0.0,14.0,1.0,2.0,17.0,1.0
8733,0.0,7.0,4.0,2.0,17.0,1.0,1.0,12.0,1.0
8734,0.0,7.0,5.0,2.0,16.0,1.0,1.0,4.0,1.0
8770,0.0,7.0,1.0,0.0,6.0,1.0,0.0,16.0,1.0
8771,0.0,7.0,2.0,0.0,16.0,1.0,0.0,18.0,1.0
8772,0.0,7.0,3.0,0.0,19.0,1.0,2.0,17.0,1.0
8773,0.0,7.0,4.0,2.0,16.0,1.0,0.0,17.0,1.0
8774,0.0,7.0,5.0,2.0,16.0,1.0,2.0,4.0,1.0
8805,0.0,7.0,1.0,0.0,7.0,1.0,0.0,16.0,1.0
8806,0.0,7.0,2.0,0.0,16.0,1.0,0.0,17.0,1.0
8807,0.0,7.0,3.0,0.0,19.0,1.0,2.0,17.0,1.0
8808,0.0,7.0,4.0,2.0,16.0,1.0,0.0,17.0,1.0
8809,0.0,7.0,5.0,2.0,16.0,1.0,2.0,4.0,1.0
8845,0.0,7.0,1.0,0.0,6.0,1.0,0.0,17.0,1.0
8846,0.0,7.0,2.0,0.0,16.0,1.0,0.0,17.0,1.0
8847,0.0,7.0,3.0,0.0,18.0,1.0,2.0,17.0,1.0
8848,0.0,7.0,4.0,2.0,16.0,1.0,0.0,14.0,1.0
8849,0.0,7.0,5.0,2.0,5.0,1.0,1.0,3.0,1.0
8915,0.0,7.0,1.0,0.0,8.0,1.0,0.0,17.0,1.0
8916,0.0,7.0,2.0,0.0,16.0,1.0,0.0,18.0,1.0
8917,0.0,7.0,3.0,0.0,14.0,1.0,2.0,17.0,1.0
8918,0.0,7.0,4.0,2.0,16.0,1.0,0.0,12.0,1.0
8919,0.0,7.0,5.0,2.0,11.0,1.0,1.0,3.0,1.0
8951,0.0,7.0,1.0,1.0,7.0,1.0,0.0,16.0,1.0
8952,0.0,7.0,2.0,0.0,16.0,1.0,0.0,17.0,1.0
8953,0.0,7.0,3.0,0.0,14.0,1.0,2.0,17.0,1.0
8954,0.0,7.0,4.0,2.0,16.0,1.0,0.0,16.0,1.0
8955,0.0,7.0,5.0,0.0,16.0,1.0,1.0,3.0,1.0
8987,0.0,7.0,1.0,0.0,7.0,1.0,0.0,16.0,1.0
8988,0.0,7.0,2.0,0.0,16.0,1.0,0.0,16.0,1.0
8989,0.0,7.0,3.0,0.0,12.0,1.0,2.0,17.0,1.0
8990,0.0,7.0,4.0,2.0,16.0,1.0,0.0,14.0,1.0
8991,0.0,7.0,5.0,2.0,16.0,1.0,2.0,3.0,1.0
9027,0.0,7.0,1.0,0.0,8.0,1.0,0.0,16.0,1.0
9028,0.0,7.0,2.0,0.0,16.0,1.0,0.0,14.0,1.0
9029,0.0,7.0,3.0,0.0,16.0,1.0,2.0,17.0,1.0
9030,0.0,7.0,4.0,2.0,16.0,1.0,1.0,19.0,1.0
9031,0.0,7.0,5.0,2.0,3.0,1.0,1.0,3.0,1.0
9067,0.0,7.0,1.0,0.0,6.0,1.0,0.0,17.0,1.0
9068,0.0,7.0,2.0,0.0,16.0,1.0,0.0,18.0,1.0
9069,0.0,7.0,3.0,0.0,18.0,1.0,2.0,17.0,1.0
9070,0.0,7.0,4.0,2.0,16.0,1.0,1.0,12.0,1.0
9071,0.0,7.0,5.0,2.0,16.0,1.0,2.0,4.0,1.0
9102,0.0,7.0,1.0,0.0,6.0,1.0,0.0,16.0,1.0
9103,0.0,7.0,2.0,0.0,16.0,1.0,0.0,16.0,1.0
9104,0.0,7.0,3.0,0.0,19.0,1.0,2.0,17.0,1.0
9105,0.0,7.0,4.0,2.0,17.0,1.0,0.0,12.0,1.0
9106,0.0,7.0,5.0,2.0,2.0,1.0,1.0,2.0,1.0
9142,0.0,7.0,1.0,0.0,7.0,1.0,0.0,17.0,1.0
9143,0.0,7.0,2.0,0.0,16.0,1.0,0.0,16.0,1.0
9144,0.0,7.0,3.0,0.0,18.0,1.0,2.0,17.0,1.0
9145,0.0,7.0,4.0,2.0,16.0,1.0,1.0,15.0,1.0
9146,0.0,7.0,5.0,2.0,8.0,1.0,2.0,3.0,1.0
9182,0.0,7.0,1.0,0.0,6.0,1.0,0.0,17.0,1.0
9183,0.0,7.0,2.0,0.0,16.0,1.0,0.0,17.0,1.0
9184,0.0,7.0,3.0,0.0,19.0,1.0,2.0,17.0,1.0
9185,0.0,7.0,4.0,2.0,17.0,1.0,0.0,17.0,1.0
9186,0.0,7.0,5.0,2.0,14.0,1.0,2.0,3.0,1.0
9217,0.0,7.0,1.0,0.0,6.0,1.0,0.0,17.0,1.0
9218,0.0,7.0,2.0,0.0,16.0,1.0,0.0,18.0,1.0
9219,0.0,7.0,3.0,0.0,13.0,1.0,2.0,17.0,1.0
9220,0.0,7.0,4.0,2.0,17.0,1.0,0.0,14.0,1.0
9221,0.0,7.0,5.0,2.0,16.0,1.0,2.0,4.0,1.0
9257,0.0,7.0,1.0,0.0,6.0,1.0,0.0,18.0,1.0
9258,0.0,7.0,2.0,0.0,16.0,1.0,0.0,16.0,1.0
9259,0.0,7.0,3.0,0.0,19.0,1.0,2.0,17.0,1.0
9260,0.0,7.0,4.0,2.0,16.0,1.0,1.0,12.0,1.0
9261,0.0,7.0,5.0,2.0,17.0,1.0,2.0,2.0,1.0
9297,0.0,7.0,1.0,0.0,6.0,1.0,0.0,17.0,1.0
9298,0.0,7.0,2.0,0.0,16.0,1.0,0.0,16.0,1.0
9299,0.0,7.0,3.0,0.0,18.0,1.0,2.0,17.0,1.0
9300,0.0,7.0,4.0,2.0,16.0,1.0,2.0,16.0,1.0
9301,0.0,7.0,5.0,2.0,16.0,1.0,2.0,3.0,1.0
9337,0.0,7.0,1.0,0.0,6.0,1.0,0.0,17.0,1.0
9338,0.0,7.0,2.0,0.0,16.0,1.0,0.0,15.0,1.0
9339,0.0,7.0,3.0,0.0,14.0,1.0,2.0,17.0,1.0
9340,0.0,7.0,4.0,2.0,17.0,1.0,1.0,17.0,1.0
9341,0.0,7.0,5.0,2.0,16.0,1.0,2.0,2.0,1.0
9377,0.0,7.0,1.0,0.0,6.0,1.0,0.0,17.0,1.0
9378,0.0,7.0,2.0,0.0,16.0,1.0,0.0,15.0,1.0
9379,0.0,7.0,3.0,0.0,14.0,1.0,2.0,17.0,1.0
9380,0.0,7.0,4.0,2.0,16.0,1.0,1.0,14.0,1.0
9381,0.0,7.0,5.0,2.0,17.0,1.0,2.0,3.0,1.0
9417,0.0,7.0,1.0,0.0,7.0,1.0,0.0,18.0,1.0
9418,0.0,7.0,2.0,0.0,16.0,1.0,0.0,17.0,1.0
9419,0.0,7.0,3.0,0.0,14.0,1.0,2.0,17.0,1.0
9420,0.0,7.0,4.0,2.0,17.0,1.0,1.0,17.0,1.0
9421,0.0,7.0,5.0,2.0,3.0,1.0,2.0,2.0,1.0
9452,0.0,7.0,1.0,0.0,6.0,1.0,0.0,18.0,1.0
9453,0.0,7.0,2.0,0.0,16.0,1.0,0.0,17.0,1.0
9454,0.0,7.0,3.0,0.0,14.0,1.0,2.0,17.0,1.0
9455,0.0,7.0,4.0,2.0,16.0,1.0,2.0,16.0,1.0
9456,0.0,7.0,5.0,2.0,17.0,1.0,2.0,1.0,1.0
9487,0.0,7.0,1.0,0.0,6.0,1.0,0.0,16.0,1.0
9488,0.0,7.0,2.0,0.0,16.0,1.0,0.0,16.0,1.0
9489,0.0,7.0,3.0,0.0,18.0,1.0,2.0,17.0,1.0
9490,0.0,7.0,4.0,2.0,16.0,1.0,1.0,11.0,1.0
9491,0.0,7.0,5.0,2.0,16.0,1.0,1.0,4.0,1.0
9527,0.0,7.0,1.0,0.0,6.0,1.0,0.0,17.0,1.0
9528,0.0,7.0,2.0,0.0,16.0,1.0,0.0,15.0,1.0
9529,0.0,7.0,3.0,0.0,14.0,1.0,2.0,17.0,1.0
9530,0.0,7.0,4.0,2.0,16.0,1.0,1.0,17.0,1.0
9531,0.0,7.0,5.0,2.0,17.0,1.0,2.0,2.0,1.0
9562,0.0,7.0,1.0,0.0,6.0,1.0,0.0,17.0,1.0
9563,0.0,7.0,2.0,0.0,16.0,1.0,0.0,16.0,1.0
9564,0.0,7.0,3.0,0.0,14.0,1.0,2.0,17.0,1.0
9565,0.0,7.0,4.0,2.0,17.0,1.0,2.0,14.0,1.0
9566,0.0,7.0,5.0,2.0,16.0,1.0,2.0,3.0,1.0
9597,0.0,7.0,1.0,0.0,6.0,1.0,0.0,17.0,1.0
9598,0.0,7.0,2.0,0.0,16.0,1.0,0.0,16.0,1.0
9599,0.0,7.0,3.0,0.0,19.0,1.0,2.0,17.0,1.0
9600,0.0,7.0,4.0,2.0,16.0,1.0,1.0,16.0,1.0
9601,0.0,7.0,5.0,2.0,16.0,1.0,2.0,3.0,1.0
9632,0.0,7.0,1.0,0.0,6.0,1.0,0.0,18.0,1.0
9633,0.0,7.0,2.0,0.0,16.0,1.0,0.0,16.0,1.0
9634,0.0,7.0,3.0,0.0,18.0,1.0,2.0,17.0,1.0
9635,0.0,7.0,4.0,2.0,17.0,1.0,2.0,16.0,1.0
9636,0.0,7.0,5.0,2.0,16.0,1.0,2.0,1.0,1.0
9672,0.0,7.0,1.0,0.0,6.0,1.0,0.0,16.0,1.0
9673,0.0,7.0,2.0,0.0,16.0,1.0,0.0,16.0,1.0
9674,0.0,7.0,3.0,0.0,13.0,1.0,2.0,17.0,1.0
9675,0.0,7.0,4.0,2.0,16.0,1.0,2.0,9.0,1.0
9676,0.0,7.0,5.0,2.0,2.0,1.0,2.0,1.0,1.0
9708,0.0,7.0,1.0,1.0,6.0,1.0,0.0,17.0,1.0
9709,0.0,7.0,2.0,0.0,16.0,1.0,0.0,14.0,1.0
9710,0.0,7.0,3.0,0.0,18.0,1.0,2.0,17.0,1.0
9711,0.0,7.0,4.0,2.0,17.0,1.0,2.0,11.0,1.0
9712,0.0,7.0,5.0,0.0,17.0,1.0,1.0,3.0,1.0
9748,0.0,7.0,1.0,1.0,7.0,1.0,0.0,18.0,1.0
9749,0.0,7.0,2.0,0.0,16.0,1.0,0.0,15.0,1.0
9750,0.0,7.0,3.0,0.0,19.0,1.0,2.0,17.0,1.0
9751,0.0,7.0,4.0,2.0,16.0,1.0,2.0,13.0,1.0
9752,0.0,7.0,5.0,0.0,17.0,1.0,2.0,3.0,1.0
9788,0.0,7.0,1.0,1.0,7.0,1.0,0.0,17.0,1.0
9789,0.0,7.0,2.0,0.0,16.0,1.0,0.0,16.0,1.0
9790,0.0,7.0,3.0,0.0,14.0,1.0,2.0,17.0,1.0
9791,0.0,7.0,4.0,2.0,17.0,1.0,1.0,16.0,1.0
9792,0.0,7.0,5.0,0.0,5.0,1.0,2.0,4.0,1.0
9828,0.0,7.0,1.0,1.0,6.0,1.0,0.0,17.0,1.0
9829,0.0,7.0,2.0,0.0,16.0,1.0,0.0,16.0,1.0
9830,0.0,7.0,3.0,0.0,14.0,1.0,2.0,17.0,1.0
9831,0.0,7.0,4.0,2.0,17.0,1.0,2.0,16.0,1.0
9832,0.0,7.0,5.0,0.0,16.0,1.0,2.0,3.0,1.0
9863,0.0,7.0,1.0,1.0,6.0,1.0,0.0,17.0,1.0
9864,0.0,7.0,2.0,0.0,16.0,1.0,0.0,16.0,1.0
9865,0.0,7.0,3.0,0.0,19.0,1.0,2.0,17.0,1.0
9866,0.0,7.0,4.0,2.0,17.0,1.0,1.0,17.0,1.0
9867,0.0,7.0,5.0,0.0,16.0,1.0,1.0,3.0,1.0
9899,0.0,7.0,1.0,0.0,6.0,1.0,0.0,17.0,1.0
9900,0.0,7.0,2.0,0.0,16.0,1.0,0.0,18.0,1.0
9901,0.0,7.0,3.0,0.0,22.0,1.0,2.0,17.0,1.0
9902,0.0,7.0,4.0,2.0,17.0,1.0,1.0,16.0,1.0
9903,0.0,7.0,5.0,2.0,16.0,1.0,2.0,3.0,1.0
9935,0.0,7.0,1.0,1.0,6.0,1.0,0.0,17.0,1.0
9936,0.0,7.0,2.0,0.0,17.0,1.0,0.0,15.0,1.0
9937,0.0,7.0,3.0,0.0,16.0,1.0,2.0,17.0,1.0
9938,0.0,7.0,4.0,2.0,16.0,1.0,1.0,17.0,1.0
9939,0.0,7.0,5.0,0.0,17.0,1.0,2.0,3.0,1.0
9975,0.0,7.0,1.0,1.0,6.0,1.0,0.0,18.0,1.0
9976,0.0,7.0,2.0,0.0,16.0,1.0,0.0,16.0,1.0
9977,0.0,7.0,3.0,0.0,14.0,1.0,2.0,17.0,1.0
9978,0.0,7.0,4.0,2.0,17.0,1.0,2.0,16.0,1.0
9979,0.0,7.0,5.0,0.0,32.0,1.0,3.0,1.0,1.0
10011,0.0,7.0,1.0,0.0,6.0,1.0,0.0,17.0,1.0
10012,0.0,7.0,2.0,0.0,16.0,1.0,0.0,16.0,1.0
10013,0.0,7.0,3.0,0.0,16.0,1.0,2.0,17.0,1.0
10014,0.0,7.0,4.0,2.0,16.0,1.0,2.0,17.0,1.0
10015,0.0,7.0,5.0,2.0,16.0,1.0,2.0,3.0,1.0
10051,0.0,7.0,1.0,0.0,6.0,1.0,0.0,17.0,1.0
10052,0.0,7.0,2.0,0.0,16.0,1.0,0.0,17.0,1.0
10053,0.0,7.0,3.0,0.0,18.0,1.0,2.0,17.0,1.0
10054,0.0,7.0,4.0,2.0,16.0,1.0,1.0,16.0,1.0
10055,0.0,7.0,5.0,2.0,17.0,1.0,2.0,3.0,1.0
10086,0.0,7.0,1.0,0.0,7.0,1.0,0.0,17.0,1.0
10087,0.0,7.0,2.0,0.0,16.0,1.0,0.0,15.0,1.0
10088,0.0,7.0,3.0,0.0,12.0,1.0,2.0,17.0,1.0
10089,0.0,7.0,4.0,2.0,17.0,1.0,1.0,16.0,1.0
10090,0.0,7.0,5.0,2.0,16.0,1.0,2.0,3.0,1.0
10126,0.0,7.0,1.0,0.0,6.0,1.0,0.0,16.0,1.0
10127,0.0,7.0,2.0,0.0,16.0,1.0,0.0,18.0,1.0
10128,0.0,7.0,3.0,0.0,13.0,1.0,2.0,17.0,1.0
10129,0.0,7.0,4.0,2.0,16.0,1.0,2.0,16.0,1.0
10130,0.0,7.0,5.0,2.0,16.0,1.0,1.0,2.0,1.0
10166,0.0,7.0,1.0,0.0,6.0,1.0,0.0,17.0,1.0
10167,0.0,7.0,2.0,0.0,16.0,1.0,0.0,17.0,1.0
10168,0.0,7.0,3.0,0.0,14.0,1.0,2.0,17.0,1.0
10169,0.0,7.0,4.0,2.0,17.0,1.0,2.0,16.0,1.0
10170,0.0,7.0,5.0,2.0,16.0,1.0,1.0,4.0,1.0
10206,0.0,7.0,1.0,0.0,7.0,1.0,0.0,17.0,1.0
10207,0.0,7.0,2.0,0.0,16.0,1.0,0.0,16.0,1.0
10208,0.0,7.0,3.0,0.0,14.0,1.0,2.0,17.0,1.0
10209,0.0,7.0,4.0,2.0,17.0,1.0,2.0,17.0,1.0
10210,0.0,7.0,5.0,2.0,3.0,1.0,1.0,2.0,1.0
10246,0.0,7.0,1.0,0.0,7.0,1.0,0.0,17.0,1.0
10247,0.0,7.0,2.0,0.0,16.0,1.0,0.0,14.0,1.0
10248,0.0,7.0,3.0,0.0,13.0,1.0,2.0,17.0,1.0
10249,0.0,7.0,4.0,2.0,17.0,1.0,2.0,17.0,1.0
10250,0.0,7.0,5.0,2.0,5.0,1.0,1.0,3.0,1.0
10286,0.0,7.0,1.0,0.0,6.0,1.0,0.0,17.0,1.0
10287,0.0,7.0,2.0,0.0,17.0,1.0,0.0,14.0,1.0
10288,0.0,7.0,3.0,0.0,14.0,1.0,2.0,17.0,1.0
10289,0.0,7.0,4.0,2.0,17.0,1.0,1.0,17.0,1.0
10290,0.0,7.0,5.0,2.0,16.0,1.0,1.0,4.0,1.0
10326,0.0,7.0,1.0,0.0,7.0,1.0,0.0,16.0,1.0
10327,0.0,7.0,2.0,0.0,17.0,1.0,0.0,17.0,1.0
10328,0.0,7.0,3.0,0.0,18.0,1.0,2.0,17.0,1.0
10329,0.0,7.0,4.0,2.0,17.0,1.0,2.0,15.0,1.0
10330,0.0,7.0,5.0,2.0,16.0,1.0,1.0,2.0,1.0
10366,0.0,7.0,1.0,0.0,7.0,1.0,0.0,16.0,1.0
10367,0.0,7.0,2.0,0.0,16.0,1.0,0.0,17.0,1.0
10368,0.0,7.0,3.0,0.0,18.0,1.0,2.0,17.0,1.0
10369,0.0,7.0,4.0,2.0,17.0,1.0,2.0,14.0,1.0
10370,0.0,7.0,5.0,2.0,16.0,1.0,1.0,4.0,1.0
10402,0.0,7.0,1.0,1.0,6.0,1.0,0.0,16.0,1.0
10403,0.0,7.0,2.0,0.0,18.0,1.0,0.0,18.0,1.0
10404,0.0,7.0,3.0,0.0,32.0,1.0,2.0,17.0,1.0
10405,0.0,7.0,4.0,2.0,17.0,1.0,2.0,16.0,1.0
10406,0.0,7.0,5.0,0.0,3.0,1.0,1.0,2.0,1.0
10442,0.0,7.0,1.0,1.0,6.0,1.0,0.0,16.0,1.0
10443,0.0,7.0,2.0,0.0,16.0,1.0,0.0,17.0,1.0
10444,0.0,7.0,3.0,0.0,19.0,1.0,2.0,17.0,1.0
10445,0.0,7.0,4.0,2.0,16.0,1.0,1.0,16.0,1.0
10446,0.0,7.0,5.0,0.0,16.0,1.0,1.0,4.0,1.0
10482,0.0,7.0,1.0,1.0,3.0,1.0,0.0,17.0,1.0
10483,0.0,7.0,2.0,0.0,16.0,1.0,0.0,16.0,1.0
10484,0.0,7.0,3.0,0.0,13.0,1.0,2.0,17.0,1.0
10485,0.0,7.0,4.0,2.0,16.0,1.0,2.0,16.0,1.0
10486,0.0,7.0,5.0,0.0,16.0,1.0,1.0,3.0,1.0
10522,0.0,7.0,1.0,1.0,7.0,1.0,0.0,17.0,1.0
10523,0.0,7.0,2.0,0.0,16.0,1.0,0.0,15.0,1.0
10524,0.0,7.0,3.0,0.0,14.0,1.0,2.0,17.0,1.0
10525,0.0,7.0,4.0,2.0,16.0,1.0,2.0,14.0,1.0
10526,0.0,7.0,5.0,0.0,16.0,1.0,1.0,4.0,1.0
10562,0.0,7.0,1.0,1.0,6.0,1.0,0.0,16.0,1.0
10563,0.0,7.0,2.0,0.0,16.0,1.0,0.0,16.0,1.0
10564,0.0,7.0,3.0,0.0,18.0,1.0,2.0,17.0,1.0
10565,0.0,7.0,4.0,2.0,17.0,1.0,1.0,16.0,1.0
10566,0.0,7.0,5.0,0.0,16.0,1.0,1.0,3.0,1.0
10597,0.0,7.0,1.0,1.0,6.0,1.0,0.0,16.0,1.0
10598,0.0,7.0,2.0,0.0,16.0,1.0,0.0,16.0,1.0
10599,0.0,7.0,3.0,0.0,16.0,1.0,2.0,17.0,1.0
10600,0.0,7.0,4.0,2.0,16.0,1.0,1.0,16.0,1.0
10601,0.0,7.0,5.0,0.0,15.0,1.0,1.0,3.0,1.0
10632,0.0,7.0,1.0,1.0,6.0,1.0,0.0,16.0,1.0
10633,0.0,7.0,2.0,0.0,16.0,1.0,0.0,17.0,1.0
10634,0.0,7.0,3.0,0.0,18.0,1.0,2.0,17.0,1.0
10635,0.0,7.0,4.0,2.0,17.0,1.0,1.0,16.0,1.0
10636,0.0,7.0,5.0,0.0,16.0,1.0,1.0,4.0,1.0
10672,0.0,7.0,1.0,1.0,7.0,1.0,0.0,16.0,1.0
10673,0.0,7.0,2.0,0.0,16.0,1.0,0.0,15.0,1.0
10674,0.0,7.0,3.0,0.0,13.0,1.0,2.0,17.0,1.0
10675,0.0,7.0,4.0,2.0,16.0,1.0,1.0,15.0,1.0
10676,0.0,7.0,5.0,0.0,17.0,1.0,1.0,4.0,1.0
10712,0.0,7.0,1.0,1.0,6.0,1.0,0.0,17.0,1.0
10713,0.0,7.0,2.0,0.0,16.0,1.0,0.0,14.0,1.0
10714,0.0,7.0,3.0,0.0,19.0,1.0,2.0,17.0,1.0
10715,0.0,7.0,4.0,2.0,16.0,1.0,1.0,16.0,1.0
10716,0.0,7.0,5.0,0.0,14.0,1.0,2.0,3.0,1.0
10747,0.0,7.0,1.0,1.0,7.0,1.0,0.0,17.0,1.0
10748,0.0,7.0,2.0,0.0,16.0,1.0,0.0,18.0,1.0
10749,0.0,7.0,3.0,0.0,14.0,1.0,2.0,17.0,1.0
10750,0.0,7.0,4.0,2.0,16.0,1.0,1.0,16.0,1.0
10751,0.0,7.0,5.0,0.0,7.0,1.0,1.0,3.0,1.0
10782,0.0,7.0,1.0,1.0,6.0,1.0,0.0,17.0,1.0
10783,0.0,7.0,2.0,0.0,16.0,1.0,0.0,16.0,1.0
10784,0.0,7.0,3.0,0.0,14.0,1.0,2.0,17.0,1.0
10785,0.0,7.0,4.0,2.0,17.0,1.0,2.0,14.0,1.0
10786,0.0,7.0,5.0,0.0,17.0,1.0,1.0,3.0,1.0
10822,0.0,7.0,1.0,1.0,6.0,1.0,0.0,17.0,1.0
10823,0.0,7.0,2.0,0.0,16.0,1.0,0.0,16.0,1.0
10824,0.0,7.0,3.0,0.0,16.0,1.0,2.0,17.0,1.0
10825,0.0,7.0,4.0,2.0,17.0,1.0,1.0,17.0,1.0
10826,0.0,7.0,5.0,0.0,4.0,1.0,1.0,4.0,1.0
10857,0.0,7.0,1.0,1.0,6.0,1.0,0.0,16.0,1.0
10858,0.0,7.0,2.0,0.0,16.0,1.0,0.0,18.0,1.0
10859,0.0,7.0,3.0,0.0,22.0,1.0,2.0,17.0,1.0
10860,0.0,7.0,4.0,2.0,16.0,1.0,1.0,16.0,1.0
10861,0.0,7.0,5.0,0.0,16.0,1.0,1.0,4.0,1.0
10897,0.0,7.0,1.0,1.0,6.0,1.0,0.0,16.0,1.0
10898,0.0,7.0,2.0,0.0,16.0,1.0,0.0,15.0,1.0
10899,0.0,7.0,3.0,0.0,18.0,1.0,2.0,17.0,1.0
10900,0.0,7.0,4.0,2.0,17.0,1.0,1.0,13.0,1.0
10901,0.0,7.0,5.0,0.0,16.0,1.0,2.0,3.0,1.0
10937,0.0,7.0,1.0,1.0,7.0,1.0,0.0,16.0,1.0
10938,0.0,7.0,2.0,0.0,16.0,1.0,0.0,14.0,1.0
10939,0.0,7.0,3.0,0.0,16.0,1.0,2.0,17.0,1.0
10940,0.0,7.0,4.0,2.0,16.0,1.0,1.0,17.0,1.0
10941,0.0,7.0,5.0,0.0,15.0,1.0,1.0,3.0,1.0
10977,0.0,7.0,1.0,1.0,6.0,1.0,0.0,17.0,1.0
10978,0.0,7.0,2.0,0.0,16.0,1.0,0.0,17.0,1.0
10979,0.0,7.0,3.0,0.0,18.0,1.0,2.0,17.0,1.0
10980,0.0,7.0,4.0,2.0,16.0,1.0,1.0,17.0,1.0
10981,0.0,7.0,5.0,0.0,33.0,1.0,1.0,4.0,1.0
11012,0.0,7.0,1.0,1.0,6.0,1.0,0.0,18.0,1.0
11013,0.0,7.0,2.0,0.0,16.0,1.0,0.0,17.0,1.0
11014,0.0,7.0,3.0,0.0,13.0,1.0,2.0,17.0,1.0
11015,0.0,7.0,4.0,2.0,17.0,1.0,1.0,13.0,1.0
11016,0.0,7.0,5.0,0.0,16.0,1.0,1.0,4.0,1.0
11047,0.0,7.0,1.0,1.0,6.0,1.0,0.0,17.0,1.0
11048,0.0,7.0,2.0,0.0,16.0,1.0,0.0,16.0,1.0
11049,0.0,7.0,3.0,0.0,16.0,1.0,2.0,17.0,1.0
11050,0.0,7.0,4.0,2.0,17.0,1.0,1.0,13.0,1.0
11051,0.0,7.0,5.0,0.0,17.0,1.0,1.0,4.0,1.0
11082,0.0,7.0,1.0,1.0,6.0,1.0,0.0,16.0,1.0
11083,0.0,7.0,2.0,0.0,16.0,1.0,0.0,16.0,1.0
11084,0.0,7.0,3.0,0.0,18.0,1.0,2.0,17.0,1.0
11085,0.0,7.0,4.0,2.0,17.0,1.0,2.0,14.0,1.0
11086,0.0,7.0,5.0,0.0,17.0,1.0,1.0,3.0,1.0
11122,0.0,7.0,1.0,1.0,6.0,1.0,0.0,17.0,1.0
11123,0.0,7.0,2.0,0.0,16.0,1.0,0.0,18.0,1.0
11124,0.0,7.0,3.0,0.0,14.0,1.0,2.0,17.0,1.0
11125,0.0,7.0,4.0,2.0,16.0,1.0,1.0,14.0,1.0
11126,0.0,7.0,5.0,0.0,16.0,1.0,1.0,3.0,1.0
11162,0.0,7.0,1.0,1.0,7.0,1.0,0.0,17.0,1.0
11163,0.0,7.0,2.0,0.0,16.0,1.0,0.0,18.0,1.0
11164,0.0,7.0,3.0,0.0,14.0,1.0,2.0,17.0,1.0
11165,0.0,7.0,4.0,2.0,16.0,1.0,1.0,14.0,1.0
11166,0.0,7.0,5.0,0.0,16.0,1.0,1.0,4.0,1.0
11198,0.0,7.0,1.0,0.0,6.0,1.0,0.0,16.0,1.0
11199,0.0,7.0,2.0,0.0,16.0,1.0,0.0,17.0,1.0
11200,0.0,7.0,3.0,0.0,13.0,1.0,2.0,17.0,1.0
11201,0.0,7.0,4.0,2.0,16.0,1.0,1.0,17.0,1.0
11202,0.0,7.0,5.0,2.0,16.0,1.0,2.0,3.0,1.0
11238,0.0,7.0,1.0,1.0,6.0,1.0,0.0,16.0,1.0
11239,0.0,7.0,2.0,0.0,17.0,1.0,0.0,16.0,1.0
11240,0.0,7.0,3.0,0.0,13.0,1.0,2.0,17.0,1.0
11241,0.0,7.0,4.0,2.0,16.0,1.0,1.0,17.0,1.0
11242,0.0,7.0,5.0,2.0,17.0,1.0,1.0,4.0,1.0
11274,0.0,7.0,1.0,1.0,7.0,1.0,0.0,16.0,1.0
11275,0.0,7.0,2.0,0.0,16.0,1.0,0.0,17.0,1.0
11276,0.0,7.0,3.0,0.0,13.0,1.0,2.0,17.0,1.0
11277,0.0,7.0,4.0,2.0,16.0,1.0,1.0,17.0,1.0
11278,0.0,7.0,5.0,0.0,16.0,1.0,1.0,3.0,1.0
11309,0.0,7.0,1.0,1.0,6.0,1.0,0.0,16.0,1.0
11310,0.0,7.0,2.0,0.0,16.0,1.0,0.0,17.0,1.0
11311,0.0,7.0,3.0,0.0,14.0,1.0,2.0,17.0,1.0
11312,0.0,7.0,4.0,2.0,16.0,1.0,1.0,16.0,1.0
11313,0.0,7.0,5.0,0.0,17.0,1.0,1.0,3.0,1.0
11349,0.0,7.0,1.0,1.0,6.0,1.0,0.0,16.0,1.0
11350,0.0,7.0,2.0,0.0,16.0,1.0,0.0,17.0,1.0
11351,0.0,7.0,3.0,0.0,19.0,1.0,2.0,17.0,1.0
11352,0.0,7.0,4.0,2.0,17.0,1.0,1.0,17.0,1.0
11353,0.0,7.0,5.0,0.0,17.0,1.0,2.0,4.0,1.0
11389,0.0,7.0,1.0,1.0,7.0,1.0,0.0,16.0,1.0
11390,0.0,7.0,2.0,0.0,16.0,1.0,0.0,14.0,1.0
11391,0.0,7.0,3.0,0.0,18.0,1.0,2.0,17.0,1.0
11392,0.0,7.0,4.0,2.0,16.0,1.0,0.0,17.0,1.0
11393,0.0,7.0,5.0,0.0,17.0,1.0,2.0,4.0,1.0
11424,0.0,7.0,1.0,1.0,6.0,1.0,0.0,17.0,1.0
11425,0.0,7.0,2.0,0.0,17.0,1.0,0.0,18.0,1.0
11426,0.0,7.0,3.0,0.0,16.0,1.0,2.0,17.0,1.0
11427,0.0,7.0,4.0,2.0,16.0,1.0,1.0,15.0,1.0
11428,0.0,7.0,5.0,0.0,16.0,1.0,1.0,3.0,1.0
11464,0.0,7.0,1.0,1.0,6.0,1.0,0.0,17.0,1.0
11465,0.0,7.0,2.0,0.0,16.0,1.0,0.0,18.0,1.0
11466,0.0,7.0,3.0,0.0,14.0,1.0,2.0,17.0,1.0
11467,0.0,7.0,4.0,2.0,17.0,1.0,2.0,14.0,1.0
11468,0.0,7.0,5.0,0.0,16.0,1.0,1.0,3.0,1.0
