,totalPowerConsumed,firstStartedTimestamp,latency,serverNumber,tacticNumber
0,220417.12,2019-06-24 00:01:21.199000+00:00,126.801,1,1
1,423707.9,2019-06-24 00:03:29.658000+00:00,275.342,1,2
2,33689.04,2019-06-24 00:08:06.376000+00:00,20.624,1,3
3,243504.8,2019-06-24 00:08:28.165000+00:00,144.835,1,4
4,18612.44,2019-06-24 00:10:54.532000+00:00,12.468,1,5
5,196664.16,2019-06-24 00:11:08.096000+00:00,128.904,2,1
6,195690.88,2019-06-24 00:13:18.961000+00:00,120.039,2,2
7,68305.16,2019-06-24 00:15:20.516000+00:00,38.484,2,3
8,261841.58,2019-06-24 00:16:00.736000+00:00,165.264,2,4
9,12501.72,2019-06-24 00:18:47.332000+00:00,8.668,2,5
10,203162.96,2019-06-24 00:18:57.678000+00:00,125.322,3,1
11,303638.72,2019-06-24 00:21:04.611000+00:00,177.389,3,2
12,8514.66,2019-06-24 00:24:03.837000+00:00,5.163,3,3
13,258368.88,2019-06-24 00:24:10.134000+00:00,176.866,3,4
14,177015.3,2019-06-24 00:27:09.323000+00:00,109.677,4,1
15,225123.36,2019-06-24 00:29:00.989000+00:00,134.011,4,2
16,47670.7,2019-06-24 00:31:16.634000+00:00,33.366,4,3
17,236887.42,2019-06-24 00:31:51.794000+00:00,153.206,4,4
18,4698.54,2019-06-24 00:34:26.056000+00:00,2.944,4,5
19,94235.68,2019-06-24 00:34:30.518000+00:00,58.482,5,1
20,171097.08,2019-06-24 00:35:30.253000+00:00,91.747,5,2
21,16770.6,2019-06-24 00:37:03.295000+00:00,10.705,5,3
22,242667.04,2019-06-24 00:37:15.286000+00:00,162.714,5,4
23,549153.22,2019-06-24 00:40:00.549000+00:00,342.451,6,1
24,15500.1,2019-06-24 00:45:44.410000+00:00,10.59,6,2
25,11034.1,2019-06-24 00:45:56.245000+00:00,7.755,6,3
26,336483.84,2019-06-24 00:46:05.075000+00:00,200.925,6,4
27,1755.6,2019-06-24 00:49:27.507000+00:00,0.493,6,5
28,753327.96,2019-06-24 00:49:29.458000+00:00,461.542,7,1
29,24322.76,2019-06-24 00:57:12.041000+00:00,16.959,7,2
30,11931.92,2019-06-24 00:57:30.576000+00:00,7.424,7,3
31,355079.34,2019-06-24 00:57:39.218000+00:00,225.782,7,4
32,1544.62,2019-06-24 01:01:26.570000+00:00,0.43,7,5
33,618242.24,2019-06-24 01:01:28.777000+00:00,384.223,8,1
34,65620.94,2019-06-24 01:07:54.459000+00:00,40.541,8,2
35,13984.74,2019-06-24 01:08:36.696000+00:00,8.304,8,3
36,254421.86,2019-06-24 01:08:46.582000+00:00,153.418,8,4
37,3140.06,2019-06-24 01:11:21.426000+00:00,1.574,8,5
38,169070.44,2019-06-24 01:11:24.123000+00:00,114.877,9,1
39,234004.54,2019-06-24 01:13:20.051000+00:00,143.949,9,2
40,12386.22,2019-06-24 01:15:45.418000+00:00,7.582,9,3
41,258602.96,2019-06-24 01:15:54.194000+00:00,152.806,9,4
42,5718.02,2019-06-24 01:18:28.418000+00:00,3.582,9,5
43,367034.36,2019-06-24 01:19:03.815000+00:00,215.185,1,1
44,32837.42,2019-06-24 01:22:40.177000+00:00,16.823,1,2
45,5624.08,2019-06-24 01:22:58.949000+00:00,2.051,1,3
46,256462.36,2019-06-24 01:23:02.611000+00:00,158.389,1,4
47,9681.98,2019-06-24 01:25:42.285000+00:00,6.715,1,5
48,193323.9,2019-06-24 01:25:50.119000+00:00,122.881,2,1
49,225004.78,2019-06-24 01:27:54.623000+00:00,135.377,2,2
50,25701.06,2019-06-24 01:30:11.986000+00:00,13.014,2,3
51,185919.58,2019-06-24 01:30:26.867000+00:00,118.133,2,4
52,12510.96,2019-06-24 01:32:26.636000+00:00,8.364,2,5
53,239559.32,2019-06-24 01:32:36.981000+00:00,153.019,3,1
54,246044.26,2019-06-24 01:35:11.911000+00:00,150.089,3,2
55,7693.84,2019-06-24 01:37:43.059000+00:00,3.941,3,3
56,206038.14,2019-06-24 01:37:48.409000+00:00,138.591,3,4
57,18165.84,2019-06-24 01:40:08.623000+00:00,13.377,3,5
58,343763.42,2019-06-24 01:40:23.412000+00:00,171.588,4,1
59,106255.38,2019-06-24 01:43:16.207000+00:00,57.793,4,2
60,7318.08,2019-06-24 01:44:15.195000+00:00,3.805,4,3
61,171423.56,2019-06-24 01:44:20.074000+00:00,111.926,4,4
62,145819.52,2019-06-24 01:46:14.977000+00:00,95.023,5,1
63,116417.84,2019-06-24 01:47:51.258000+00:00,70.742,5,2
64,17278.8,2019-06-24 01:49:03.936000+00:00,10.064,5,3
65,492913.96,2019-06-24 01:49:15.392000+00:00,306.608,5,4
66,546821.66,2019-06-24 01:54:24.764000+00:00,343.236,6,1
67,8965.88,2019-06-24 02:00:09.537000+00:00,5.463,6,2
68,71934.94,2019-06-24 02:00:16.312000+00:00,43.688,6,3
69,300122.9,2019-06-24 02:01:01.757000+00:00,175.243,6,4
70,670100.2,2019-06-24 02:03:59.969000+00:00,414.031,7,1
71,36826.02,2019-06-24 02:10:55.057000+00:00,20.943,7,2
72,15778.84,2019-06-24 02:11:17.360000+00:00,10.64,7,3
73,412331.92,2019-06-24 02:11:29.515000+00:00,275.485,7,4
74,590198.84,2019-06-24 02:16:07.966000+00:00,345.034,8,1
75,38017.98,2019-06-24 02:21:54.027000+00:00,23.973,8,2
76,7781.62,2019-06-24 02:22:19.567000+00:00,4.433,8,3
77,289362.92,2019-06-24 02:22:25.872000+00:00,175.128,8,4
78,149915.92,2019-06-24 02:25:23.807000+00:00,102.193,9,1
79,195236.58,2019-06-24 02:27:07.323000+00:00,120.677,9,2
80,303577.12,2019-06-24 02:29:09.339000+00:00,183.661,9,3
81,243578.72,2019-06-24 02:32:14.218000+00:00,157.782,9,4
82,10079.3,2019-06-24 02:34:53.222000+00:00,5.778,9,5
83,272592.32,2019-06-24 02:35:30.647000+00:00,159.353,1,1
84,50766.1,2019-06-24 02:38:11.628000+00:00,35.372,1,2
85,1395.24,2019-06-24 02:38:48.374000+00:00,1.626,1,3
86,164176.32,2019-06-24 02:38:51.830000+00:00,106.17,1,4
87,18763.36,2019-06-24 02:40:39.986000+00:00,11.014,1,5
88,138251.96,2019-06-24 02:40:52.210000+00:00,86.79,2,1
89,154659.12,2019-06-24 02:42:20.377000+00:00,87.623,2,2
90,16140.74,2019-06-24 02:43:49.646000+00:00,8.354,2,3
91,308438.9,2019-06-24 02:43:59.583000+00:00,203.417,2,4
92,181351.94,2019-06-24 02:47:25.273000+00:00,113.727,3,1
93,227340.96,2019-06-24 02:49:20.381000+00:00,132.619,3,2
94,42471.66,2019-06-24 02:51:34.393000+00:00,29.607,3,3
95,240471,2019-06-24 02:52:05.759000+00:00,156.241,3,4
96,5550.16,2019-06-24 02:54:43.449000+00:00,2.551,3,5
97,482654.48,2019-06-24 02:54:47.536000+00:00,305.464,4,1
98,17674.58,2019-06-24 02:59:54.048000+00:00,9.952,4,2
99,91551.46,2019-06-24 03:00:05.099000+00:00,53.901,4,3
100,128278.92,2019-06-24 03:01:00.174000+00:00,80.826,4,4
101,32634.14,2019-06-24 03:02:22.452000+00:00,19.548,4,5
102,164291.82,2019-06-24 03:02:43.052000+00:00,91.948,5,1
103,91901.04,2019-06-24 03:04:16.102000+00:00,63.898,5,2
104,8368.36,2019-06-24 03:05:21.679000+00:00,5.321,5,3
105,313745.74,2019-06-24 03:05:28.091000+00:00,200.909,5,4
106,650043.24,2019-06-24 03:08:51.762000+00:00,406.238,6,1
107,66674.3,2019-06-24 03:15:39.190000+00:00,40.81,6,2
108,31419.08,2019-06-24 03:16:21.477000+00:00,19.523,6,3
109,289727.9,2019-06-24 03:16:42.479000+00:00,174.521,6,4
110,642159.98,2019-06-24 03:19:39.114000+00:00,399.886,7,1
111,115929.66,2019-06-24 03:26:20.331000+00:00,83.669,7,2
112,28496.16,2019-06-24 03:27:45.584000+00:00,15.416,7,3
113,253112.86,2019-06-24 03:28:02.373000+00:00,142.627,7,4
114,33408.76,2019-06-24 03:30:26.025000+00:00,20.975,7,5
115,546550.62,2019-06-24 03:30:48.612000+00:00,294.388,8,1
116,1382.92,2019-06-24 03:35:44.916000+00:00,0.084,8,2
117,11901.12,2019-06-24 03:35:46.728000+00:00,6.272,8,3
118,302831.76,2019-06-24 03:35:54.379000+00:00,177.621,8,4
119,141964.9,2019-06-24 03:38:54.552000+00:00,101.448,9,1
120,253702.68,2019-06-24 03:40:37.162000+00:00,156.838,9,2
121,7937.16,2019-06-24 03:43:15.863000+00:00,4.137,9,3
122,219697.94,2019-06-24 03:43:21.334000+00:00,124.666,9,4
123,24717,2019-06-24 03:45:27.747000+00:00,14.253,9,5
124,225009.4,2019-06-24 03:46:13.536000+00:00,145.464,1,1
125,150847.62,2019-06-24 03:48:40.669000+00:00,93.331,1,2
126,101954.16,2019-06-24 03:50:15.922000+00:00,57.078,1,3
127,234255.56,2019-06-24 03:51:14.765000+00:00,151.235,1,4
128,11134.2,2019-06-24 03:53:47.577000+00:00,7.423,1,5
129,104184.08,2019-06-24 03:53:56.632000+00:00,63.368,2,1
130,133128.38,2019-06-24 03:55:01.460000+00:00,93.54,2,2
131,90361.04,2019-06-24 03:56:36.548000+00:00,56.452,2,3
132,271141.64,2019-06-24 03:57:34.841000+00:00,162.159,2,4
133,35007.28,2019-06-24 04:00:18.886000+00:00,25.114,2,5
134,162928.92,2019-06-24 04:00:45.049000+00:00,100.951,3,1
135,101955.7,2019-06-24 04:02:27.447000+00:00,63.553,3,2
136,45976.7,2019-06-24 04:03:32.142000+00:00,28.858,3,3
137,214640.58,2019-06-24 04:04:02.715000+00:00,123.285,3,4
138,534728.04,2019-06-24 04:06:08.424000+00:00,337.576,4,1
139,121068.64,2019-06-24 04:11:47.791000+00:00,74.209,4,2
140,18282.88,2019-06-24 04:13:03.006000+00:00,12.994,4,3
141,298194.82,2019-06-24 04:13:17.915000+00:00,193.085,4,4
142,9509.5,2019-06-24 04:16:32.392000+00:00,5.608,4,5
143,152233.62,2019-06-24 04:16:39.395000+00:00,93.605,5,1
144,5516.28,2019-06-24 04:18:14.286000+00:00,2.714,5,2
145,6304.76,2019-06-24 04:18:18.554000+00:00,3.446,5,3
146,163751.28,2019-06-24 04:18:23.667000+00:00,96.333,5,4
147,585503.38,2019-06-24 04:20:02.500000+00:00,362.5,6,1
148,2805.88,2019-06-24 04:26:07.303000+00:00,1.697,6,3
149,154275.66,2019-06-24 04:26:10.558000+00:00,104.442,6,4
150,42759.64,2019-06-24 04:27:56.874000+00:00,25.126,6,5
151,544987.52,2019-06-24 04:28:23.825000+00:00,341.175,7,1
152,5591.74,2019-06-24 04:34:07.341000+00:00,3.659,7,3
153,270822.86,2019-06-24 04:34:12.516000+00:00,166.484,7,4
154,494156.74,2019-06-24 04:37:01.146000+00:00,309.854,8,1
155,203373.94,2019-06-24 04:42:12.566000+00:00,110.434,8,2
156,52666.46,2019-06-24 04:44:04.165000+00:00,25.835,8,3
157,217865.34,2019-06-24 04:44:31.109000+00:00,143.891,8,4
158,28790.3,2019-06-24 04:46:56.041000+00:00,19.959,8,5
159,188574.54,2019-06-24 04:47:17.320000+00:00,88.68,9,1
160,252764.82,2019-06-24 04:48:47.853000+00:00,147.147,9,2
161,6349.42,2019-06-24 04:51:16.325000+00:00,3.675,9,3
162,324202.34,2019-06-24 04:51:21.424000+00:00,173.576,9,4
163,349073.34,2019-06-24 04:54:47.688000+00:00,202.312,1,1
164,16892.26,2019-06-24 04:58:11.587000+00:00,9.413,1,2
165,4676.98,2019-06-24 04:58:22.014000+00:00,2.986,1,3
166,248221.82,2019-06-24 04:58:26.847000+00:00,167.153,1,4
167,188725.46,2019-06-24 05:01:16.234000+00:00,79.766,2,1
168,154951.72,2019-06-24 05:02:37.789000+00:00,92.211,2,2
169,134232.56,2019-06-24 05:04:11.447000+00:00,86.553,2,3
170,213354.68,2019-06-24 05:05:39.022000+00:00,138.978,2,4
171,329349.02,2019-06-24 05:08:00.384000+00:00,192.616,3,1
172,49899.08,2019-06-24 05:11:14.254000+00:00,34.746,3,2
173,4174.94,2019-06-24 05:11:50.596000+00:00,2.404,3,3
174,121484.44,2019-06-24 05:11:54.982000+00:00,80.018,3,4
175,302400.56,2019-06-24 05:13:17.332000+00:00,182.668,4,1
176,81441.36,2019-06-24 05:16:21.322000+00:00,46.678,4,2
177,79693.46,2019-06-24 05:17:09.272000+00:00,48.728,4,3
178,100880.78,2019-06-24 05:17:59.875000+00:00,73.125,4,4
179,29463.28,2019-06-24 05:19:14.277000+00:00,20.723,4,5
180,161707.7,2019-06-24 05:19:36.444000+00:00,97.556,5,1
181,76097.56,2019-06-24 05:21:15.908000+00:00,46.092,5,2
182,7918.68,2019-06-24 05:22:03.946000+00:00,4.054,5,3
183,225511.44,2019-06-24 05:22:09.408000+00:00,114.592,5,4
184,40309.5,2019-06-24 05:24:05.134000+00:00,27.866,5,5
185,659081.5,2019-06-24 05:24:34.338000+00:00,338.662,6,1
186,5143.6,2019-06-24 05:30:14.342000+00:00,2.658,6,2
187,6263.18,2019-06-24 05:30:18.642000+00:00,3.358,6,3
188,139314.56,2019-06-24 05:30:23.633000+00:00,98.367,6,4
189,729205.4,2019-06-24 05:32:04.395000+00:00,369.605,7,1
190,20988.66,2019-06-24 05:38:15.888000+00:00,14.112,7,2
191,6940.78,2019-06-24 05:38:31.637000+00:00,4.363,7,3
192,299713.26,2019-06-24 05:38:37.159000+00:00,183.841,7,4
193,783541.22,2019-06-24 05:41:43.715000+00:00,410.285,8,1
194,90325.62,2019-06-24 05:48:35.500000+00:00,47.5,8,2
195,20517.42,2019-06-24 05:49:24.581000+00:00,9.419,8,3
196,364094.5,2019-06-24 05:49:35.148000+00:00,235.852,8,4
197,188238.82,2019-06-24 05:53:33.680000+00:00,113.32,9,1
198,4740.12,2019-06-24 05:55:28.413000+00:00,2.587,9,2
199,3087.7,2019-06-24 05:55:32.606000+00:00,1.394,9,3
200,203586.46,2019-06-24 05:55:35.591000+00:00,121.409,9,4
201,55569.36,2019-06-24 05:58:09.064000+00:00,39.936,1,1
202,107199.4,2019-06-24 05:58:50.258000+00:00,65.742,1,2
203,122962.84,2019-06-24 05:59:57.647000+00:00,73.353,1,3
204,262360.56,2019-06-24 06:01:12.472000+00:00,154.528,1,4
205,29035.16,2019-06-24 06:03:48.103000+00:00,17.897,1,5
206,264211.64,2019-06-24 06:04:07.182000+00:00,81.818,2,1
207,11154.22,2019-06-24 06:05:30.472000+00:00,7.528,2,2
208,5599.44,2019-06-24 06:05:39.116000+00:00,3.884,2,3
209,261017.68,2019-06-24 06:05:44.101000+00:00,108.899,2,4
210,206270.68,2019-06-24 06:07:35.023000+00:00,83.977,3,1
211,162819.58,2019-06-24 06:09:00.416000+00:00,87.584,3,2
212,111041.7,2019-06-24 06:10:29.325000+00:00,48.675,3,3
213,219664.06,2019-06-24 06:11:19.042000+00:00,142.958,3,4
214,15515.5,2019-06-24 06:13:43.627000+00:00,9.373,3,5
215,433354.46,2019-06-24 06:13:54.713000+00:00,236.287,4,1
216,96410.16,2019-06-24 06:17:52.972000+00:00,68.028,4,2
217,5548.62,2019-06-24 06:19:02.296000+00:00,3.704,4,3
218,230607.3,2019-06-24 06:19:07.117000+00:00,143.883,4,4
219,32184.46,2019-06-24 06:21:32.358000+00:00,17.642,4,5
220,117913.18,2019-06-24 06:21:51.374000+00:00,71.626,5,1
221,244783,2019-06-24 06:23:04.736000+00:00,171.264,5,2
222,17137.12,2019-06-24 06:25:57.219000+00:00,10.781,5,3
223,254446.5,2019-06-24 06:26:09.337000+00:00,153.663,5,4
224,16072.98,2019-06-24 06:28:44.556000+00:00,10.444,5,5
225,495522.72,2019-06-24 06:28:56.064000+00:00,307.936,6,1
226,6846.84,2019-06-24 06:34:05.462000+00:00,3.538,6,2
227,255911.04,2019-06-24 06:34:10.221000+00:00,151.779,6,3
228,244655.18,2019-06-24 06:36:43.458000+00:00,158.542,6,4
229,11215.82,2019-06-24 06:39:23.884000+00:00,7.116,6,5
230,553962.64,2019-06-24 06:39:32.085000+00:00,337.915,7,1
231,15036.56,2019-06-24 06:45:11.719000+00:00,9.281,7,2
232,12512.5,2019-06-24 06:45:22.719000+00:00,8.281,7,3
233,287162.26,2019-06-24 06:45:32.487000+00:00,180.513,7,4
234,554569.4,2019-06-24 06:48:35.823000+00:00,343.177,8,1
235,9275.42,2019-06-24 06:54:20.610000+00:00,5.39,8,2
236,6378.68,2019-06-24 06:54:27.221000+00:00,3.779,8,3
237,231378.84,2019-06-24 06:54:32.120000+00:00,142.88,8,4
238,184709.14,2019-06-24 06:56:57.593000+00:00,107.407,9,1
239,55760.32,2019-06-24 06:58:46.110000+00:00,40.89,9,2
240,115962,2019-06-24 06:59:28.638000+00:00,75.362,9,3
241,303801.96,2019-06-24 07:00:45.720000+00:00,176.28,9,4
242,219003.4,2019-06-24 07:04:14.985000+00:00,70.015,1,1
243,133136.08,2019-06-24 07:05:26.947000+00:00,86.053,1,2
244,14058.66,2019-06-24 07:06:54.391000+00:00,8.609,1,3
245,288706.88,2019-06-24 07:07:04.142000+00:00,162.858,1,4
246,30171.68,2019-06-24 07:09:48.704000+00:00,15.296,1,5
247,153696.62,2019-06-24 07:10:05.377000+00:00,91.623,2,1
248,1410.64,2019-06-24 07:11:38.107000+00:00,0.893,2,2
249,7071.68,2019-06-24 07:11:40.693000+00:00,4.307,2,3
250,260007.44,2019-06-24 07:11:46.143000+00:00,169.857,2,4
251,106481.76,2019-06-24 07:14:38.704000+00:00,64.296,3,1
252,160350.96,2019-06-24 07:15:44.734000+00:00,90.266,3,2
253,87006.92,2019-06-24 07:17:16.149000+00:00,53.851,3,3
254,252780.22,2019-06-24 07:18:11.049000+00:00,167.951,3,4
255,746304.02,2019-06-24 07:21:01.184000+00:00,469.816,4,1
256,1781.78,2019-06-24 07:28:52.989000+00:00,0.011,4,2
257,9608.06,2019-06-24 07:28:54+00:00,5,4,3
258,290785.88,2019-06-24 07:29:00.917000+00:00,172.083,4,4
259,7011.62,2019-06-24 07:31:54.333000+00:00,4.667,4,5
260,113017.52,2019-06-24 07:32:00.534000+00:00,80.466,5,1
261,79838.22,2019-06-24 07:33:22.837000+00:00,47.163,5,2
262,231132.44,2019-06-24 07:34:11.931000+00:00,144.069,5,3
263,226840.46,2019-06-24 07:36:37.434000+00:00,136.566,5,4
264,598416.28,2019-06-24 07:38:56.456000+00:00,370.544,6,1
265,11181.94,2019-06-24 07:45:08.955000+00:00,7.045,6,2
266,73843,2019-06-24 07:45:17.760000+00:00,51.24,6,3
267,190678.18,2019-06-24 07:46:10.722000+00:00,118.278,6,4
268,633962.56,2019-06-24 07:48:11.276000+00:00,396.724,7,1
269,105838.04,2019-06-24 07:54:49.835000+00:00,65.165,7,2
270,202559.28,2019-06-24 07:55:56.940000+00:00,121.06,7,3
271,216616.4,2019-06-24 07:57:59.169000+00:00,131.831,7,4
272,11220.44,2019-06-24 08:00:12.676000+00:00,7.324,7,5
273,539982.52,2019-06-24 08:00:21.926000+00:00,328.074,8,1
274,114785.44,2019-06-24 08:05:51.238000+00:00,77.762,8,2
275,11185.02,2019-06-24 08:07:10.812000+00:00,7.188,8,3
276,167967.8,2019-06-24 08:07:19.458000+00:00,108.542,8,4
277,164441.2,2019-06-24 08:09:10.018000+00:00,102.982,9,1
278,61860.26,2019-06-24 08:10:54.961000+00:00,38.039,9,2
279,131455.94,2019-06-24 08:11:34.593000+00:00,73.407,9,3
280,158173.4,2019-06-24 08:12:49.931000+00:00,101.069,9,4
281,47715.36,2019-06-24 08:15:03.202000+00:00,33.798,1,1
282,156785.86,2019-06-24 08:15:38.288000+00:00,105.712,1,2
283,126586.46,2019-06-24 08:17:25.186000+00:00,85.814,1,3
284,303127.44,2019-06-24 08:18:52.152000+00:00,184.848,1,4
285,132182.82,2019-06-24 08:21:59.679000+00:00,88.321,2,1
286,122443.86,2019-06-24 08:23:29.710000+00:00,78.29,2,2
287,79835.14,2019-06-24 08:24:49.408000+00:00,49.592,2,3
288,257963.86,2019-06-24 08:25:40.129000+00:00,149.871,2,4
289,106789.76,2019-06-24 08:28:12.146000+00:00,75.854,3,1
290,131295.78,2019-06-24 08:29:29.278000+00:00,84.722,3,2
291,251677.58,2019-06-24 08:30:55.215000+00:00,150.785,3,3
292,227701.32,2019-06-24 08:33:27.539000+00:00,148.461,3,4
293,304009.86,2019-06-24 08:35:58.598000+00:00,196.402,4,1
294,89974.5,2019-06-24 08:39:16.984000+00:00,56.016,4,2
295,7007,2019-06-24 08:40:14.995000+00:00,3.005,4,3
296,274783.74,2019-06-24 08:40:19.915000+00:00,166.085,4,4
297,6942.32,2019-06-24 08:43:07.969000+00:00,4.031,4,5
298,108362.1,2019-06-24 08:43:13.975000+00:00,70.025,5,1
299,30798.46,2019-06-24 08:44:25.597000+00:00,17.403,5,2
300,6347.88,2019-06-24 08:44:44.707000+00:00,3.293,5,3
301,371756,2019-06-24 08:44:49.957000+00:00,221.043,5,4
302,608578.74,2019-06-24 08:48:33.337000+00:00,402.663,6,1
303,71819.44,2019-06-24 08:55:17.223000+00:00,41.777,6,2
304,189581.7,2019-06-24 08:56:00.619000+00:00,132.381,6,3
305,218139.46,2019-06-24 08:58:14.384000+00:00,133.616,6,4
306,3056.9,2019-06-24 09:00:29.627000+00:00,1.373,6,5
307,607539.24,2019-06-24 09:00:32.928000+00:00,386.072,7,1
308,8123.5,2019-06-24 09:07:00.054000+00:00,4.946,7,2
309,9885.26,2019-06-24 09:07:06.662000+00:00,5.338,7,3
310,316725.64,2019-06-24 09:07:13.064000+00:00,190.936,7,4
311,4168.78,2019-06-24 09:10:25.578000+00:00,2.422,7,5
312,518461.02,2019-06-24 09:10:29.295000+00:00,313.705,8,1
313,13179.32,2019-06-24 09:15:44.371000+00:00,6.629,8,2
314,16630.46,2019-06-24 09:15:52.418000+00:00,9.582,8,3
315,263771.2,2019-06-24 09:16:03.351000+00:00,175.649,8,4
316,6366.36,2019-06-24 09:19:00.415000+00:00,3.585,8,5
317,157369.52,2019-06-24 09:19:05.467000+00:00,115.533,9,1
318,8174.32,2019-06-24 09:21:02.356000+00:00,4.644,9,2
319,7655.34,2019-06-24 09:21:08.818000+00:00,3.182,9,3
320,282037.14,2019-06-24 09:21:13.201000+00:00,177.799,9,4
321,115164.28,2019-06-24 09:24:43.459000+00:00,71.541,1,1
322,110727.54,2019-06-24 09:25:56.347000+00:00,66.653,1,2
323,9578.8,2019-06-24 09:27:04.807000+00:00,5.193,1,3
324,255966.48,2019-06-24 09:27:11.317000+00:00,174.683,1,4
325,22454.74,2019-06-24 09:30:07.363000+00:00,15.637,1,5
326,46520.32,2019-06-24 09:30:24.461000+00:00,33.539,2,1
327,149033.5,2019-06-24 09:30:59.911000+00:00,97.089,2,2
328,58290.54,2019-06-24 09:32:38.697000+00:00,34.303,2,3
329,226252.18,2019-06-24 09:33:14.425000+00:00,131.575,2,4
330,21290.5,2019-06-24 09:35:27.127000+00:00,10.873,2,5
331,328328,2019-06-24 09:35:39.500000+00:00,113.5,3,1
332,7107.1,2019-06-24 09:37:34.750000+00:00,4.25,3,2
333,10080.84,2019-06-24 09:37:40.202000+00:00,6.798,3,3
334,291945.5,2019-06-24 09:37:48.759000+00:00,145.241,3,4
335,1506931.58,2019-06-24 09:40:16.615000+00:00,856.385,4,1
336,210193.06,2019-06-24 09:54:34.891000+00:00,128.109,4,2
337,230785.94,2019-06-24 09:56:44.995000+00:00,115.005,4,3
338,314917.68,2019-06-24 09:58:41.817000+00:00,186.183,4,4
339,165419.1,2019-06-24 10:01:50.985000+00:00,82.015,5,1
340,123380.18,2019-06-24 10:03:14.083000+00:00,80.917,5,2
341,201302.64,2019-06-24 10:04:36.689000+00:00,123.311,5,3
342,222768.7,2019-06-24 10:06:41.240000+00:00,126.76,5,4
343,17366.58,2019-06-24 10:08:49.677000+00:00,10.323,5,5
344,542619,2019-06-24 10:09:01.037000+00:00,341.963,6,1
345,181194.86,2019-06-24 10:14:44.686000+00:00,114.314,6,2
346,9771.3,2019-06-24 10:16:40.715000+00:00,6.285,6,3
347,266420,2019-06-24 10:16:48.435000+00:00,167.565,6,4
348,1864.94,2019-06-24 10:19:37.825000+00:00,0.175,6,5
349,635912.2,2019-06-24 10:19:39.847000+00:00,397.153,7,1
350,6361.74,2019-06-24 10:26:19.971000+00:00,3.029,7,3
351,253029.7,2019-06-24 10:26:24.887000+00:00,144.113,7,4
352,26942.3,2019-06-24 10:28:50.486000+00:00,17.514,7,5
353,594758.78,2019-06-24 10:29:09.006000+00:00,331.994,8,1
354,26943.84,2019-06-24 10:34:42.237000+00:00,13.763,8,2
355,9874.48,2019-06-24 10:34:57.210000+00:00,4.79,8,3
356,206021.2,2019-06-24 10:35:03.671000+00:00,137.329,8,4
357,79597.98,2019-06-24 10:37:23.721000+00:00,47.279,9,1
358,114486.68,2019-06-24 10:38:12.899000+00:00,69.101,9,2
359,110759.88,2019-06-24 10:39:23.705000+00:00,68.295,9,3
360,233628.78,2019-06-24 10:40:33.927000+00:00,133.073,9,4
361,7395.08,2019-06-24 10:42:48.178000+00:00,4.822,9,5
362,196513.24,2019-06-24 10:43:24.465000+00:00,125.535,1,1
363,7410.48,2019-06-24 10:45:32.998000+00:00,4.002,1,3
364,159671.82,2019-06-24 10:45:38.407000+00:00,97.593,1,4
365,17354.26,2019-06-24 10:47:17.813000+00:00,9.187,1,5
366,58085.72,2019-06-24 10:47:28.112000+00:00,29.888,2,1
367,109216.8,2019-06-24 10:47:59.589000+00:00,62.411,2,2
368,44971.08,2019-06-24 10:49:03.322000+00:00,31.678,2,3
369,352656.92,2019-06-24 10:49:36.637000+00:00,225.363,2,4
370,9552.62,2019-06-24 10:53:23.464000+00:00,5.536,2,5
371,188691.58,2019-06-24 10:53:30.946000+00:00,105.054,3,1
372,1783.32,2019-06-24 10:55:17.432000+00:00,0.568,3,2
373,10184.02,2019-06-24 10:55:19.616000+00:00,4.384,3,3
374,277044.46,2019-06-24 10:55:25.336000+00:00,168.664,3,4
375,346461.5,2019-06-24 10:58:16.916000+00:00,201.084,4,1
376,4738.58,2019-06-24 11:01:40.918000+00:00,2.082,4,3
377,188739.32,2019-06-24 11:01:44.233000+00:00,132.767,4,4
378,219810.36,2019-06-24 11:03:59.365000+00:00,94.635,5,1
379,17261.86,2019-06-24 11:05:35.080000+00:00,10.92,5,2
380,9714.32,2019-06-24 11:05:47.134000+00:00,4.866,5,3
381,313912.06,2019-06-24 11:05:53.630000+00:00,186.37,5,4
382,628138.28,2019-06-24 11:09:02.157000+00:00,389.843,6,1
383,144036.2,2019-06-24 11:15:33.328000+00:00,103.672,6,2
384,83609.68,2019-06-24 11:17:18.978000+00:00,49.022,6,3
385,177400.3,2019-06-24 11:18:09.342000+00:00,109.658,6,4
386,25483.92,2019-06-24 11:20:00.180000+00:00,15.82,6,5
387,553395.92,2019-06-24 11:20:17.243000+00:00,337.757,7,1
388,55079.64,2019-06-24 11:25:56.942000+00:00,32.058,7,2
389,72929.78,2019-06-24 11:26:30.832000+00:00,45.168,7,3
390,465717.56,2019-06-24 11:27:17.205000+00:00,293.795,7,4
391,505055.32,2019-06-24 11:32:13.203000+00:00,316.797,8,1
392,10909.36,2019-06-24 11:37:31.561000+00:00,5.439,8,2
393,100292.5,2019-06-24 11:37:38.766000+00:00,59.234,8,3
394,317098.32,2019-06-24 11:38:39.354000+00:00,190.646,8,4
395,103103,2019-06-24 11:41:52.958000+00:00,58.042,9,1
396,95800.32,2019-06-24 11:42:52.627000+00:00,67.373,9,2
397,5579.42,2019-06-24 11:44:01.251000+00:00,3.749,9,3
398,225921.08,2019-06-24 11:44:06.026000+00:00,141.974,9,4
399,22448.58,2019-06-24 11:46:29.259000+00:00,13.741,9,5
400,96299.28,2019-06-24 11:47:14.078000+00:00,54.922,1,1
401,121633.82,2019-06-24 11:48:10.488000+00:00,68.512,1,2
402,35304.5,2019-06-24 11:49:20.067000+00:00,22.933,1,3
403,203373.94,2019-06-24 11:49:44.255000+00:00,137.745,1,4
404,48876.52,2019-06-24 11:52:04.425000+00:00,30.575,2,1
405,132669.46,2019-06-24 11:52:36.829000+00:00,81.171,2,2
406,128342.06,2019-06-24 11:53:59.513000+00:00,72.487,2,3
407,241559.78,2019-06-24 11:55:13.951000+00:00,160.049,2,4
408,184622.9,2019-06-24 11:57:56.682000+00:00,112.318,3,1
409,20509.72,2019-06-24 11:59:50.798000+00:00,12.202,3,2
410,11098.78,2019-06-24 12:00:04.469000+00:00,6.531,3,3
411,236516.28,2019-06-24 12:00:12.636000+00:00,122.364,3,4
412,37671.48,2019-06-24 12:02:16.362000+00:00,21.638,3,5
413,388660.58,2019-06-24 12:02:39.190000+00:00,191.81,4,1
414,44949.52,2019-06-24 12:05:52.800000+00:00,13.2,4,2
415,17386.6,2019-06-24 12:06:07.964000+00:00,10.036,4,3
416,351141.56,2019-06-24 12:06:19.722000+00:00,208.278,4,4
417,147408.8,2019-06-24 12:09:50.472000+00:00,66.528,5,1
418,101067.12,2019-06-24 12:10:58.325000+00:00,56.675,5,2
419,183722,2019-06-24 12:11:56.058000+00:00,97.942,5,3
420,257293.96,2019-06-24 12:13:35.044000+00:00,146.956,5,4
421,3147.76,2019-06-24 12:16:03.357000+00:00,1.643,5,5
422,721226.66,2019-06-24 12:16:06.139000+00:00,325.861,6,1
423,39102.14,2019-06-24 12:21:33.112000+00:00,19.888,6,2
424,115262.84,2019-06-24 12:21:54.848000+00:00,67.152,6,3
425,437912.86,2019-06-24 12:23:03.232000+00:00,283.768,6,4
426,689702.86,2019-06-24 12:27:49.880000+00:00,435.12,7,1
427,148135.68,2019-06-24 12:35:06.842000+00:00,85.158,7,2
428,61147.24,2019-06-24 12:36:33.697000+00:00,38.303,7,3
429,180512.64,2019-06-24 12:37:13.411000+00:00,124.589,7,4
430,1635.48,2019-06-24 12:39:19.259000+00:00,0.741,7,5
431,541624.16,2019-06-24 12:39:21.124000+00:00,330.876,8,1
432,82939.78,2019-06-24 12:44:53.841000+00:00,55.159,8,2
433,3201.66,2019-06-24 12:45:50.159000+00:00,1.841,8,3
434,236507.04,2019-06-24 12:45:53.086000+00:00,143.914,8,4
435,8108.1,2019-06-24 12:48:18.763000+00:00,4.237,8,5
436,249572.4,2019-06-24 12:48:24.645000+00:00,150.355,9,1
437,199738,2019-06-24 12:50:56.167000+00:00,128.833,9,2
438,37321.9,2019-06-24 12:53:06.650000+00:00,22.35,9,3
439,274047.62,2019-06-24 12:53:30.645000+00:00,159.355,9,4
440,5031.18,2019-06-24 12:56:11.935000+00:00,2.065,9,5
441,74659.2,2019-06-24 12:56:45.450000+00:00,52.55,1,1
442,97035.4,2019-06-24 12:57:39.168000+00:00,67.832,1,2
443,19812.1,2019-06-24 12:58:48.454000+00:00,10.546,1,3
444,274344.84,2019-06-24 12:59:00.870000+00:00,163.13,1,4
445,117006.12,2019-06-24 13:01:46.614000+00:00,64.386,2,1
446,113596.56,2019-06-24 13:02:52.969000+00:00,94.031,2,2
447,35119.7,2019-06-24 13:04:28.470000+00:00,24.53,2,3
448,291734.52,2019-06-24 13:04:54.438000+00:00,177.562,2,4
449,162437.66,2019-06-24 13:07:54.492000+00:00,86.508,3,1
450,63303.24,2019-06-24 13:09:22.854000+00:00,43.146,3,2
451,104581.4,2019-06-24 13:10:07.540000+00:00,75.46,3,3
452,245186.48,2019-06-24 13:11:24.887000+00:00,146.113,3,4
453,9654.26,2019-06-24 13:13:52.541000+00:00,5.459,3,5
454,211280.3,2019-06-24 13:13:59.115000+00:00,118.885,4,1
455,81632.32,2019-06-24 13:15:59.821000+00:00,58.179,4,2
456,5602.52,2019-06-24 13:16:59.562000+00:00,3.438,4,3
457,186369.26,2019-06-24 13:17:04.249000+00:00,119.751,4,4
458,9086,2019-06-24 13:19:05.789000+00:00,5.211,4,5
459,74061.68,2019-06-24 13:19:12.483000+00:00,44.517,5,1
460,122142.02,2019-06-24 13:19:58.730000+00:00,71.27,5,2
461,105231.28,2019-06-24 13:21:11.933000+00:00,56.067,5,3
462,331263.24,2019-06-24 13:22:09.236000+00:00,218.764,5,4
463,1532.3,2019-06-24 13:25:49.535000+00:00,0.465,5,5
464,616631.4,2019-06-24 13:25:51.520000+00:00,383.48,6,1
465,7804.72,2019-06-24 13:32:16.976000+00:00,4.024,6,2
466,11690.14,2019-06-24 13:32:22.006000+00:00,6.994,6,3
467,284040.68,2019-06-24 13:32:30.509000+00:00,167.491,6,4
468,706541.22,2019-06-24 13:35:20.186000+00:00,440.814,7,1
469,129657.22,2019-06-24 13:42:42.629000+00:00,92.371,7,2
470,47755.4,2019-06-24 13:44:16.954000+00:00,24.046,7,3
471,199166.66,2019-06-24 13:44:42.957000+00:00,123.043,7,4
472,13906.2,2019-06-24 13:46:47.517000+00:00,8.483,7,5
473,650215.72,2019-06-24 13:46:57.001000+00:00,404.999,8,1
474,93396.38,2019-06-24 13:53:43.016000+00:00,49.984,8,2
475,18926.6,2019-06-24 13:54:34.316000+00:00,9.684,8,3
476,177737.56,2019-06-24 13:54:45.484000+00:00,121.516,8,4
477,58949.66,2019-06-24 13:56:48.425000+00:00,38.575,8,5
478,236212.9,2019-06-24 13:57:28.870000+00:00,143.13,9,1
479,178221.12,2019-06-24 13:59:53.760000+00:00,101.24,9,2
480,66032.12,2019-06-24 14:01:36.463000+00:00,47.537,9,3
481,254736.02,2019-06-24 14:02:25.556000+00:00,160.444,9,4
482,20742.26,2019-06-24 14:05:07.153000+00:00,13.847,9,5
483,125029.52,2019-06-24 14:05:52.574000+00:00,68.426,1,1
484,72435.44,2019-06-24 14:07:02.135000+00:00,44.865,1,2
485,95307.52,2019-06-24 14:07:48.116000+00:00,68.884,1,3
486,364972.3,2019-06-24 14:08:58.672000+00:00,223.328,1,4
487,7068.6,2019-06-24 14:12:43.632000+00:00,3.368,1,5
488,103426.4,2019-06-24 14:12:48.215000+00:00,57.785,2,1
489,116876.76,2019-06-24 14:13:47.300000+00:00,83.7,2,2
490,87733.8,2019-06-24 14:15:12.410000+00:00,56.59,2,3
491,276032.68,2019-06-24 14:16:10.703000+00:00,164.297,2,4
492,10932.46,2019-06-24 14:18:56.528000+00:00,6.472,2,5
493,121578.38,2019-06-24 14:19:04.375000+00:00,71.625,3,1
494,77706.86,2019-06-24 14:20:17.356000+00:00,54.644,3,2
495,146866.72,2019-06-24 14:21:13.556000+00:00,96.444,3,3
496,263276.86,2019-06-24 14:22:51.205000+00:00,158.795,3,4
497,6250.86,2019-06-24 14:25:31.421000+00:00,3.579,3,5
498,188295.8,2019-06-24 14:25:36.759000+00:00,117.241,4,1
499,1384.46,2019-06-24 14:27:35.661000+00:00,0.339,4,2
500,5542.46,2019-06-24 14:27:37.813000+00:00,3.187,4,3
501,117522.02,2019-06-24 14:27:42.592000+00:00,79.408,4,4
502,146141.38,2019-06-24 14:29:04.183000+00:00,88.817,5,1
503,112159.74,2019-06-24 14:30:34.194000+00:00,68.806,5,2
504,139390.02,2019-06-24 14:31:44.011000+00:00,77.989,5,3
505,291586.68,2019-06-24 14:33:03.958000+00:00,193.042,5,4
506,23965.48,2019-06-24 14:36:18.955000+00:00,14.045,5,5
507,586342.68,2019-06-24 14:36:34.604000+00:00,365.396,6,1
508,14369.74,2019-06-24 14:42:41.543000+00:00,8.457,6,2
509,42531.72,2019-06-24 14:42:51.753000+00:00,25.247,6,3
510,178789.38,2019-06-24 14:43:18.416000+00:00,105.584,6,4
511,756922.32,2019-06-24 14:45:06.665000+00:00,470.335,7,1
512,1430.66,2019-06-24 14:52:58.890000+00:00,0.11,7,2
513,6968.5,2019-06-24 14:53:00.192000+00:00,4.808,7,3
514,224519.68,2019-06-24 14:53:06.502000+00:00,148.498,7,4
515,663250.28,2019-06-24 14:55:37.920000+00:00,413.08,8,1
516,128566.9,2019-06-24 15:02:32.844000+00:00,78.156,8,2
517,9631.16,2019-06-24 15:03:52.895000+00:00,5.105,8,3
518,278348.84,2019-06-24 15:03:59.986000+00:00,163.014,8,4
519,124145.56,2019-06-24 15:06:45.100000+00:00,88.9,9,1
520,135401.42,2019-06-24 15:08:15.566000+00:00,86.434,9,2
521,76561.1,2019-06-24 15:09:43.887000+00:00,45.113,9,3
522,283726.52,2019-06-24 15:10:30.994000+00:00,165.006,9,4
523,87987.9,2019-06-24 15:13:48.340000+00:00,62.66,1,1
524,77203.28,2019-06-24 15:14:52.009000+00:00,49.991,1,2
525,90014.54,2019-06-24 15:15:43.177000+00:00,56.823,1,3
526,294409.5,2019-06-24 15:16:41.524000+00:00,173.476,1,4
527,106417.08,2019-06-24 15:19:37.502000+00:00,68.498,2,1
528,150288.6,2019-06-24 15:20:47.335000+00:00,102.665,2,2
529,27544.44,2019-06-24 15:22:31.649000+00:00,15.351,2,3
530,244992.44,2019-06-24 15:22:48.087000+00:00,151.913,2,4
531,3113.88,2019-06-24 15:25:21.584000+00:00,1.416,2,5
532,197338.68,2019-06-24 15:25:24.134000+00:00,109.866,3,1
533,36404.06,2019-06-24 15:27:15.819000+00:00,25.181,3,2
534,93414.86,2019-06-24 15:27:42.577000+00:00,67.423,3,3
535,215727.82,2019-06-24 15:28:51.509000+00:00,134.491,3,4
536,319437.58,2019-06-24 15:31:08.972000+00:00,187.028,4,1
537,91808.64,2019-06-24 15:34:17.746000+00:00,64.254,4,2
538,26786.76,2019-06-24 15:35:23.241000+00:00,18.759,4,3
539,322956.48,2019-06-24 15:35:43.061000+00:00,202.939,4,4
540,81013.24,2019-06-24 15:39:08.354000+00:00,42.646,5,1
541,128640.82,2019-06-24 15:39:52.970000+00:00,79.03,5,2
542,109831.26,2019-06-24 15:41:13.180000+00:00,77.82,5,3
543,341960.08,2019-06-24 15:42:32.968000+00:00,205.032,5,4
544,631450.82,2019-06-24 15:46:00.418000+00:00,393.582,6,1
545,24552.22,2019-06-24 15:52:35.664000+00:00,12.336,6,2
546,56602.7,2019-06-24 15:52:49.901000+00:00,33.099,6,3
547,173114.48,2019-06-24 15:53:24.753000+00:00,118.247,6,4
548,9863.7,2019-06-24 15:55:24.283000+00:00,6.717,6,5
549,818993.56,2019-06-24 15:55:32.815000+00:00,481.185,7,1
550,96645.78,2019-06-24 16:03:35.162000+00:00,58.838,7,2
551,101958.78,2019-06-24 16:04:35.426000+00:00,58.574,7,3
552,208234.18,2019-06-24 16:05:35.475000+00:00,128.525,7,4
553,8346.8,2019-06-24 16:07:45.327000+00:00,5.673,7,5
554,644531.58,2019-06-24 16:07:52.409000+00:00,355.591,8,1
555,32518.64,2019-06-24 16:13:49.537000+00:00,23.463,8,2
556,98995.82,2019-06-24 16:14:14.048000+00:00,69.952,8,3
557,414450.96,2019-06-24 16:15:25.629000+00:00,250.371,8,4
558,237019.86,2019-06-24 16:19:38.117000+00:00,82.883,9,1
559,139222.16,2019-06-24 16:21:02.525000+00:00,93.475,9,2
560,189329.14,2019-06-24 16:22:37.178000+00:00,115.822,9,3
561,233924.46,2019-06-24 16:24:34.849000+00:00,136.151,9,4
562,22236.06,2019-06-24 16:26:52.910000+00:00,15.09,9,5
563,82417.72,2019-06-24 16:27:39.885000+00:00,59.115,1,1
564,117445.02,2019-06-24 16:28:40.800000+00:00,68.2,1,2
565,255724.7,2019-06-24 16:29:50.443000+00:00,149.557,1,3
566,234662.12,2019-06-24 16:32:21.118000+00:00,159.882,1,4
567,164969.42,2019-06-24 16:35:03.459000+00:00,89.541,2,1
568,1564.64,2019-06-24 16:36:34.753000+00:00,0.247,2,2
569,7935.62,2019-06-24 16:36:36.382000+00:00,4.618,2,3
570,251281.8,2019-06-24 16:36:42.260000+00:00,146.74,2,4
571,3320.24,2019-06-24 16:39:10.722000+00:00,1.278,2,5
572,143524.92,2019-06-24 16:39:13.125000+00:00,86.875,3,1
573,62306.86,2019-06-24 16:40:41.120000+00:00,43.88,3,2
574,128811.76,2019-06-24 16:41:26.487000+00:00,80.513,3,3
575,390650.26,2019-06-24 16:42:48.303000+00:00,233.697,3,4
576,198524.48,2019-06-24 16:46:44.648000+00:00,133.352,4,1
577,14733.18,2019-06-24 16:48:59.570000+00:00,8.43,4,2
578,86397.08,2019-06-24 16:49:09.587000+00:00,13.413,4,3
579,253203.72,2019-06-24 16:49:24.286000+00:00,149.714,4,4
580,13294.82,2019-06-24 16:51:55.944000+00:00,6.056,4,5
581,163261.56,2019-06-24 16:52:03.675000+00:00,47.325,5,1
582,116479.44,2019-06-24 16:52:52.078000+00:00,68.922,5,2
583,11217.36,2019-06-24 16:54:02.660000+00:00,7.34,5,3
584,128591.54,2019-06-24 16:54:11.933000+00:00,82.067,5,4
585,24050.18,2019-06-24 16:55:35.031000+00:00,13.969,5,5
586,598622.64,2019-06-24 16:55:50.696000+00:00,361.304,6,1
587,9763.6,2019-06-24 17:01:53.272000+00:00,6.728,6,2
588,58061.08,2019-06-24 17:02:01.072000+00:00,35.928,6,3
589,199072.72,2019-06-24 17:02:38.703000+00:00,120.297,6,4
590,692949.18,2019-06-24 17:04:41.390000+00:00,408.61,7,1
591,31824.1,2019-06-24 17:11:31.176000+00:00,19.824,7,2
592,72712.64,2019-06-24 17:11:52.517000+00:00,41.483,7,3
593,502965.54,2019-06-24 17:12:35.629000+00:00,313.371,7,4
594,604009.56,2019-06-24 17:17:51.693000+00:00,380.307,8,1
595,11046.42,2019-06-24 17:24:14.368000+00:00,6.632,8,3
596,228271.12,2019-06-24 17:24:22.412000+00:00,133.588,8,4
597,25189.78,2019-06-24 17:26:37.563000+00:00,13.437,8,5
598,137207.84,2019-06-24 17:26:52.835000+00:00,93.165,9,1
599,187528.88,2019-06-24 17:28:27.640000+00:00,120.36,9,2
600,34380.5,2019-06-24 17:30:29.317000+00:00,20.683,9,3
601,303629.48,2019-06-24 17:30:51.873000+00:00,175.127,9,4
602,3591.28,2019-06-24 17:33:48.301000+00:00,1.699,9,5
603,89429.34,2019-06-24 17:34:21.928000+00:00,64.072,1,1
604,129249.12,2019-06-24 17:35:27.712000+00:00,81.288,1,2
605,11705.54,2019-06-24 17:36:50.453000+00:00,5.547,1,3
606,582692.88,2019-06-24 17:36:57.081000+00:00,362.919,1,4
607,85162,2019-06-24 17:43:02.149000+00:00,52.851,2,1
608,197552.74,2019-06-24 17:43:56.628000+00:00,117.372,2,2
609,156961.42,2019-06-24 17:45:55.796000+00:00,102.204,2,3
610,337822.1,2019-06-24 17:47:39.591000+00:00,216.409,2,4
611,182460.74,2019-06-24 17:51:18.491000+00:00,102.509,3,1
612,162319.08,2019-06-24 17:53:02.956000+00:00,112.044,3,2
613,256725.7,2019-06-24 17:54:56.510000+00:00,164.49,3,3
614,280480.2,2019-06-24 17:57:42.333000+00:00,168.667,3,4
615,271324.9,2019-06-24 18:00:33.318000+00:00,169.682,4,1
616,9666.58,2019-06-24 18:03:24.284000+00:00,5.716,4,2
617,24345.86,2019-06-24 18:03:31.093000+00:00,14.907,4,3
618,202135.78,2019-06-24 18:03:47.302000+00:00,112.698,4,4
619,3458.84,2019-06-24 18:05:41.290000+00:00,1.71,4,5
620,84308.84,2019-06-24 18:05:44.014000+00:00,58.986,5,1
621,181328.84,2019-06-24 18:06:44.504000+00:00,117.496,5,2
622,61567.66,2019-06-24 18:08:43.900000+00:00,38.1,5,3
623,244157.76,2019-06-24 18:09:23.136000+00:00,139.864,5,4
624,3269.42,2019-06-24 18:11:44.794000+00:00,1.206,5,5
625,688262.96,2019-06-24 18:11:47.300000+00:00,425.7,6,1
626,114879.38,2019-06-24 18:18:54.290000+00:00,81.71,6,2
627,165152.68,2019-06-24 18:20:17.869000+00:00,101.131,6,3
628,202982.78,2019-06-24 18:22:00.925000+00:00,119.075,6,4
629,11590.04,2019-06-24 18:24:01.957000+00:00,5.043,6,5
630,775939.78,2019-06-24 18:24:08.535000+00:00,480.465,7,1
631,8936.62,2019-06-24 18:32:11.402000+00:00,5.598,7,3
632,254036.86,2019-06-24 18:32:18.996000+00:00,164.004,7,4
633,605760.54,2019-06-24 18:35:05.287000+00:00,377.713,8,1
634,122582.46,2019-06-24 18:41:24.100000+00:00,77.9,8,2
635,13110.02,2019-06-24 18:42:43.573000+00:00,7.427,8,3
636,280694.26,2019-06-24 18:42:52.707000+00:00,137.293,8,4
637,159229.84,2019-06-24 18:45:12.752000+00:00,87.248,9,1
638,73385.62,2019-06-24 18:46:41.135000+00:00,48.865,9,2
639,59290,2019-06-24 18:47:31.608000+00:00,33.392,9,3
640,271485.06,2019-06-24 18:48:06.498000+00:00,160.502,9,4
641,9038.26,2019-06-24 18:50:48.237000+00:00,4.763,9,5
642,66096.8,2019-06-24 18:51:24.572000+00:00,43.428,1,1
643,154047.74,2019-06-24 18:52:09.551000+00:00,107.449,1,2
644,22941.38,2019-06-24 18:53:58.755000+00:00,13.245,1,3
645,211169.42,2019-06-24 18:54:13.719000+00:00,129.281,1,4
646,17104.78,2019-06-24 18:56:24.206000+00:00,10.794,1,5
647,202528.48,2019-06-24 18:56:36.465000+00:00,64.535,2,1
648,73766,2019-06-24 18:57:42.132000+00:00,42.868,2,2
649,27824.72,2019-06-24 18:58:26.659000+00:00,16.341,2,3
650,290057.46,2019-06-24 18:58:44.202000+00:00,140.798,2,4
651,6367.9,2019-06-24 19:01:06.774000+00:00,3.226,2,5
652,113972.32,2019-06-24 19:01:11.719000+00:00,69.281,3,1
653,95338.32,2019-06-24 19:02:22.338000+00:00,58.662,3,2
654,124342.68,2019-06-24 19:03:22.400000+00:00,70.6,3,3
655,261507.4,2019-06-24 19:04:34.149000+00:00,173.851,3,4
656,172744.88,2019-06-24 19:07:30.508000+00:00,104.492,4,1
657,4810.96,2019-06-24 19:09:16.210000+00:00,2.79,4,2
658,10667.58,2019-06-24 19:09:20.141000+00:00,5.859,4,3
659,189646.38,2019-06-24 19:09:27.531000+00:00,110.469,4,4
660,202915.02,2019-06-24 19:11:20.231000+00:00,81.769,5,1
661,62246.8,2019-06-24 19:12:43.178000+00:00,50.822,5,2
662,73733.66,2019-06-24 19:13:35.344000+00:00,50.656,5,3
663,323489.32,2019-06-24 19:14:27.241000+00:00,144.759,5,4
664,1573.88,2019-06-24 19:16:53.636000+00:00,0.364,5,5
665,639039.94,2019-06-24 19:16:55.556000+00:00,391.444,6,1
666,11169.62,2019-06-24 19:23:28.016000+00:00,6.984,6,2
667,30213.26,2019-06-24 19:23:36.718000+00:00,17.282,6,3
668,152061.14,2019-06-24 19:23:55.263000+00:00,82.737,6,4
669,721482.3,2019-06-24 19:25:20.305000+00:00,438.695,7,1
670,20839.28,2019-06-24 19:32:40.412000+00:00,9.588,7,2
671,86874.48,2019-06-24 19:32:51.830000+00:00,46.17,7,3
672,175218.12,2019-06-24 19:33:39.494000+00:00,107.506,7,4
673,494763.5,2019-06-24 19:35:29.613000+00:00,308.387,8,1
674,137255.58,2019-06-24 19:40:39.802000+00:00,81.198,8,2
675,47752.32,2019-06-24 19:42:02.547000+00:00,28.453,8,3
676,276382.26,2019-06-24 19:42:32.984000+00:00,162.016,8,4
677,12589.5,2019-06-24 19:45:16.719000+00:00,8.281,8,5
678,160027.56,2019-06-24 19:45:26.493000+00:00,107.507,9,1
679,166962.18,2019-06-24 19:47:15.881000+00:00,100.119,9,2
680,44370.48,2019-06-24 19:48:57.457000+00:00,27.543,9,3
681,236644.1,2019-06-24 19:49:26.119000+00:00,139.881,9,4
682,5544,2019-06-24 19:51:47.999000+00:00,3.001,9,5
683,75897.36,2019-06-24 19:52:22.709000+00:00,53.291,1,1
684,81683.14,2019-06-24 19:53:17.747000+00:00,48.253,1,2
685,95168.92,2019-06-24 19:54:07.500000+00:00,57.5,1,3
686,253160.6,2019-06-24 19:55:06.949000+00:00,147.051,1,4
687,88027.94,2019-06-24 19:57:36.752000+00:00,52.248,2,1
688,256123.56,2019-06-24 19:58:30.571000+00:00,169.429,2,2
689,48505.38,2019-06-24 20:01:21.772000+00:00,28.228,2,3
690,249278.26,2019-06-24 20:01:51.439000+00:00,144.561,2,4
691,9717.4,2019-06-24 20:04:25.403000+00:00,5.597,2,5
692,152974.36,2019-06-24 20:04:32.153000+00:00,107.847,3,1
693,81202.66,2019-06-24 20:06:21.132000+00:00,50.868,3,2
694,110915.42,2019-06-24 20:07:13.767000+00:00,66.233,3,3
695,362599.16,2019-06-24 20:08:21.764000+00:00,144.236,3,4
696,185739.4,2019-06-24 20:10:48.062000+00:00,127.938,4,1
697,189555.52,2019-06-24 20:12:57.848000+00:00,116.152,4,2
698,126868.28,2019-06-24 20:14:55.887000+00:00,77.113,4,3
699,269031.84,2019-06-24 20:16:14.545000+00:00,165.455,4,4
700,191714.6,2019-06-24 20:19:02.237000+00:00,80.763,5,1
701,4643.1,2019-06-24 20:20:24.907000+00:00,2.093,5,2
702,32024.3,2019-06-24 20:20:28.166000+00:00,15.834,5,3
703,342948.76,2019-06-24 20:20:45.290000+00:00,127.71,5,4
704,11807.18,2019-06-24 20:22:54.743000+00:00,5.257,5,5
705,592005.26,2019-06-24 20:23:01.936000+00:00,358.064,6,1
706,51211.16,2019-06-24 20:29:01.964000+00:00,14.036,6,2
707,127815.38,2019-06-24 20:29:17.428000+00:00,73.572,6,3
708,251671.42,2019-06-24 20:30:32.092000+00:00,152.908,6,4
709,11149.6,2019-06-24 20:33:06.359000+00:00,6.641,6,5
710,742104.44,2019-06-24 20:33:14.138000+00:00,418.862,7,1
711,119122.08,2019-06-24 20:40:14.428000+00:00,74.572,7,2
712,81079.46,2019-06-24 20:41:30.965000+00:00,44.035,7,3
713,216657.98,2019-06-24 20:42:16.585000+00:00,138.415,7,4
714,1077713.56,2019-06-24 20:44:37.121000+00:00,543.879,8,1
715,11221.98,2019-06-24 20:53:42.609000+00:00,6.391,8,2
716,155710.94,2019-06-24 20:53:50.769000+00:00,94.231,8,3
717,233856.7,2019-06-24 20:55:26.227000+00:00,141.773,8,4
718,178076.36,2019-06-24 20:57:50.709000+00:00,116.291,9,1
719,60120.06,2019-06-24 20:59:48.090000+00:00,35.91,9,2
720,12564.86,2019-06-24 21:00:25.613000+00:00,7.387,9,3
721,250636.54,2019-06-24 21:00:34.795000+00:00,144.205,9,4
722,165910.36,2019-06-24 21:03:31.862000+00:00,116.138,1,1
723,134729.98,2019-06-24 21:05:29.439000+00:00,78.561,1,2
724,6504.96,2019-06-24 21:06:49.566000+00:00,3.434,1,3
725,310043.58,2019-06-24 21:06:54.534000+00:00,184.466,1,4
726,83404.86,2019-06-24 21:10:01.391000+00:00,59.609,2,1
727,140321.72,2019-06-24 21:11:02.642000+00:00,90.358,2,2
728,175352.1,2019-06-24 21:12:34.957000+00:00,106.043,2,3
729,343247.52,2019-06-24 21:14:22.025000+00:00,216.975,2,4
730,36984.64,2019-06-24 21:18:00.670000+00:00,20.33,2,5
731,125717.9,2019-06-24 21:18:22.388000+00:00,76.612,3,1
732,120506.54,2019-06-24 21:19:40.168000+00:00,68.832,3,2
733,155889.58,2019-06-24 21:20:50.328000+00:00,92.672,3,3
734,366016.42,2019-06-24 21:22:24.409000+00:00,232.591,3,4
735,1560.02,2019-06-24 21:26:18.993000+00:00,0.007,3,5
736,191015.44,2019-06-24 21:26:20.011000+00:00,107.989,4,1
737,124261.06,2019-06-24 21:28:09.035000+00:00,84.965,4,2
738,215627.72,2019-06-24 21:29:35.451000+00:00,139.549,4,3
739,282161.88,2019-06-24 21:31:56.752000+00:00,163.248,4,4
740,9751.28,2019-06-24 21:34:41.003000+00:00,5.997,4,5
741,87116.26,2019-06-24 21:34:48.246000+00:00,60.754,5,1
742,75675.6,2019-06-24 21:35:50.037000+00:00,52.963,5,2
743,137642.12,2019-06-24 21:36:44.656000+00:00,83.344,5,3
744,367796.66,2019-06-24 21:38:09.825000+00:00,223.175,5,4
745,606538.24,2019-06-24 21:41:55.216000+00:00,373.784,6,1
746,2785.86,2019-06-24 21:48:10.576000+00:00,1.424,6,2
747,11097.24,2019-06-24 21:48:13.863000+00:00,7.137,6,3
748,234309.46,2019-06-24 21:48:22.530000+00:00,159.47,6,4
749,826342.44,2019-06-24 21:51:04.530000+00:00,494.47,7,1
750,11716.32,2019-06-24 21:59:21.515000+00:00,6.485,7,3
751,258877.08,2019-06-24 21:59:29.963000+00:00,138.037,7,4
752,745765.02,2019-06-24 22:01:50.870000+00:00,431.13,8,1
753,9729.72,2019-06-24 22:09:03.406000+00:00,6.594,8,2
754,83909.98,2019-06-24 22:09:11.491000+00:00,59.509,8,3
755,289479.96,2019-06-24 22:10:12.476000+00:00,166.524,8,4
756,169684.9,2019-06-24 22:13:01.879000+00:00,92.121,9,1
757,133570.36,2019-06-24 22:14:35.241000+00:00,88.759,9,2
758,9729.72,2019-06-24 22:16:05.263000+00:00,6.737,9,3
759,206939.04,2019-06-24 22:16:13.084000+00:00,133.916,9,4
760,24621.52,2019-06-24 22:18:28.151000+00:00,14.849,9,5
761,72898.98,2019-06-24 22:19:14.789000+00:00,45.211,1,1
762,92632.54,2019-06-24 22:20:01.627000+00:00,50.373,1,2
763,107245.6,2019-06-24 22:20:53.477000+00:00,63.523,1,3
764,269107.3,2019-06-24 22:21:58.119000+00:00,178.881,1,4
765,1518.44,2019-06-24 22:24:58.532000+00:00,0.468,1,5
766,119214.48,2019-06-24 22:25:00.249000+00:00,72.751,2,1
767,122996.72,2019-06-24 22:26:14.419000+00:00,71.581,2,2
768,36970.78,2019-06-24 22:27:27.958000+00:00,19.042,2,3
769,177280.18,2019-06-24 22:27:48.783000+00:00,118.217,2,4
770,154713.02,2019-06-24 22:29:49.967000+00:00,100.033,3,1
771,86681.98,2019-06-24 22:31:31.871000+00:00,52.129,3,2
772,31254.3,2019-06-24 22:32:25.036000+00:00,19.964,3,3
773,240729.72,2019-06-24 22:32:46.016000+00:00,140.984,3,4
774,15483.16,2019-06-24 22:35:08.365000+00:00,8.635,3,5
775,95262.86,2019-06-24 22:35:18.020000+00:00,63.98,4,1
776,210351.68,2019-06-24 22:36:23.226000+00:00,136.774,4,2
777,79125.2,2019-06-24 22:38:41.456000+00:00,48.544,4,3
778,252580.02,2019-06-24 22:39:31.994000+00:00,149.006,4,4
779,23896.18,2019-06-24 22:42:02.872000+00:00,12.128,4,5
780,115136.56,2019-06-24 22:42:16.722000+00:00,79.278,5,1
781,123906.86,2019-06-24 22:43:37.074000+00:00,80.926,5,2
782,115221.26,2019-06-24 22:44:59.865000+00:00,72.135,5,3
783,389019.4,2019-06-24 22:46:13.643000+00:00,236.357,5,4
784,15506.26,2019-06-24 22:50:11.831000+00:00,10.169,5,5
785,595990.78,2019-06-24 22:50:23.247000+00:00,371.753,6,1
786,12466.3,2019-06-24 22:56:36.472000+00:00,8.528,6,2
787,46129.16,2019-06-24 22:56:46.268000+00:00,31.732,6,3
788,259576.24,2019-06-24 22:57:19.388000+00:00,160.612,6,4
789,675177.58,2019-06-24 23:00:02.936000+00:00,418.064,7,1
790,174948.62,2019-06-24 23:07:02.809000+00:00,94.191,7,2
791,141010.1,2019-06-24 23:08:38.272000+00:00,100.728,7,3
792,238821.66,2019-06-24 23:10:20.522000+00:00,147.478,7,4
793,401625.84,2019-06-24 23:12:50.841000+00:00,250.159,8,1
794,3831.52,2019-06-24 23:17:02.705000+00:00,1.295,8,2
795,8174.32,2019-06-24 23:17:05.525000+00:00,4.475,8,3
796,100683.66,2019-06-24 23:17:11.152000+00:00,60.848,8,4
797,55047.3,2019-06-24 23:18:13.672000+00:00,33.328,8,5
798,191542.12,2019-06-24 23:18:48.830000+00:00,105.17,9,1
799,180509.56,2019-06-24 23:20:35.742000+00:00,127.258,9,2
800,67844.7,2019-06-24 23:22:44.744000+00:00,38.256,9,3
801,237891.5,2019-06-24 23:23:24.206000+00:00,145.794,9,4
802,41794.06,2019-06-24 23:25:51.019000+00:00,21.981,9,5
803,307199.2,2019-06-24 23:26:44.101000+00:00,212.899,1,1
804,60813.06,2019-06-24 23:30:18.036000+00:00,37.964,1,2
805,50341.06,2019-06-24 23:30:57.159000+00:00,30.841,1,3
806,335715.38,2019-06-24 23:31:29.998000+00:00,206.002,1,4
807,87239.46,2019-06-24 23:34:58.648000+00:00,59.352,2,1
808,123143.02,2019-06-24 23:35:59.237000+00:00,74.763,2,2
809,212176.58,2019-06-24 23:37:15.828000+00:00,122.172,2,3
810,381792.18,2019-06-24 23:39:19.786000+00:00,246.214,2,4
811,104259.54,2019-06-24 23:43:28.992000+00:00,58.008,3,1
812,30099.3,2019-06-24 23:44:28.734000+00:00,18.266,3,2
813,46683.56,2019-06-24 23:44:48.668000+00:00,28.332,3,3
814,119907.48,2019-06-24 23:45:18.870000+00:00,69.13,3,4
815,136628.8,2019-06-24 23:46:30.809000+00:00,84.191,4,1
816,106558.76,2019-06-24 23:47:56.797000+00:00,75.203,4,2
817,76753.6,2019-06-24 23:49:13.866000+00:00,46.134,4,3
818,338966.32,2019-06-24 23:50:01.088000+00:00,200.912,4,4
819,106316.98,2019-06-24 23:53:24.689000+00:00,70.311,5,1
820,111126.4,2019-06-24 23:54:36.094000+00:00,78.906,5,2
821,184836.96,2019-06-24 23:55:56.535000+00:00,110.465,5,3
822,247488.78,2019-06-24 23:57:48.087000+00:00,142.913,5,4