,time_since_last_recording_server_1_tactic_1,latency_server_1_tactic_1,cost_server_1_tactic_1,reliability_server_1_tactic_1,time_since_last_ping_server_1_tactic_1,ping_time_server_1_tactic_1,day1_server_1_tactic_1,day2_server_1_tactic_1,day3_server_1_tactic_1,day4_server_1_tactic_1,day5_server_1_tactic_1,day6_server_1_tactic_1,day7_server_1_tactic_1,predicted_Latency 2,predicted_Cost 2,predicted_Reliability 2
0,0.0052184384826386,0.0163601247502555,0.1679687499999999,1,0.0024466494495038,0.0952199003926322,0.0,0.0,0.0,0.0,1.0,0.0,0.0,0.014841368,0.17445935,1.0
1,0.0030775406436074,0.0160591505857462,0.1796874999999999,1,0.0089710479815142,0.0946445668309222,0.0,0.0,0.0,0.0,1.0,0.0,0.0,0.014104864,0.17927955,1.0
2,0.0064895965745634,0.0148790123939011,0.189453125,1,0.0013592496941688,0.0951496306446371,0.0,0.0,0.0,0.0,1.0,0.0,0.0,0.014452731,0.16947141,1.0
3,0.0020070917240917,0.0148935013630769,0.1699218749999999,1,0.0057768112002174,0.0947411877344154,0.0,0.0,0.0,0.0,1.0,0.0,0.0,0.014599999,0.17695738,1.0
4,0.0143172542985214,0.0149850961709685,0.18359375,1,0.003398124235422,0.0970556975590046,0.0,0.0,0.0,0.0,1.0,0.0,0.0,0.013484752,0.17303035,1.0
5,0.0074931424366093,0.0156268455996342,0.1777343749999999,1,0.0090390104662226,0.0949036865266542,0.0,0.0,0.0,0.0,1.0,0.0,0.0,0.014825439,0.1694264,1.0
6,0.0010704489195156,0.0159655885029498,0.1699218749999999,1,0.0014272121788772,0.0946928772826688,0.0,0.0,0.0,0.0,1.0,0.0,0.0,0.014613977,0.17870936,1.0
7,0.0043486987355322,0.0149618185008843,0.1875,1,0.0073399483485116,0.0946884854234191,0.0,0.0,0.0,0.0,1.0,0.0,0.0,0.013917511,0.17721377,1.0
8,0.000468321402288,0.0151234163822808,0.185546875,1,0.0043495990213402,0.0948378086379087,0.0,0.0,0.0,0.0,1.0,0.0,0.0,0.014350167,0.17741373,1.0
9,0.0053522445975781,0.014997101376844,0.185546875,1,0.0036699741742558,0.0955053712438623,0.0,0.0,0.0,0.0,1.0,0.0,0.0,0.014226591,0.17426042,1.0
10,0.0,0.0155437602529901,0.1796874999999999,1,0.0016310996330025,0.094561121505178,0.0,0.0,0.0,0.0,1.0,0.0,0.0,0.01519764,0.17331448,1.0
11,0.0008028366896367,0.0166769147972167,0.1777343749999999,1,0.0026505369036291,0.4923098544537845,0.0,0.0,0.0,0.0,1.0,0.0,0.0,0.014671272,0.17735954,1.0
12,0.006088178229745,0.0150017161796622,0.185546875,1,0.0065923610167187,0.4914139151668467,0.0,0.0,0.0,0.0,1.0,0.0,0.0,0.014604127,0.16956395,1.0
13,0.0101692647353984,0.0150048382050446,0.1699218749999999,1,0.0011553622400434,0.4923142463130342,0.0,0.0,0.0,0.0,1.0,0.0,0.0,0.013935363,0.17639275,1.0
14,0.0018063825516826,0.0160760687300177,0.18359375,1,0.0046894114448824,0.4924284346535263,0.0,0.0,0.0,0.0,1.0,0.0,0.0,0.015496319,0.16673188,1.0
15,0.0044825048504716,0.0148571771121409,0.1640625,1,0.0002718499388337,0.4917784394845714,0.0,0.0,0.0,0.0,1.0,0.0,0.0,0.0149865355,0.173814,1.0
16,0.013915835953703,0.0166046946027947,0.1777343749999999,1,0.0006796248470844,0.4918838441065641,0.0,0.0,0.0,0.0,1.0,0.0,0.0,0.013789138,0.17303142,1.0
17,0.0066903057469726,0.0151779541975697,0.1777343749999999,1,0.0057768112002174,0.4918179662178186,0.0,0.0,0.0,0.0,1.0,0.0,0.0,0.014656728,0.17066726,1.0
18,0.0042148926205927,0.0152451816708354,0.171875,1,0.0066603235014272,0.4921561393800452,0.0,0.0,0.0,0.0,1.0,0.0,0.0,0.0153329875,0.1680821,1.0
19,0.0132468053790058,0.0151359989633951,0.166015625,1,0.0031942367812967,0.4922351928465397,0.0,0.0,0.0,0.0,1.0,0.0,0.0,0.014110869,0.17183861,1.0
20,0.0017394794942128,0.0150139124442531,0.173828125,1,0.0036699741742558,0.4918355336548175,0.0,0.0,0.0,0.0,1.0,0.0,0.0,0.013456872,0.18729489,1.0
21,0.0040141834481835,0.015287065520435,0.205078125,1,0.0060486611390512,0.4923274218907833,0.0,0.0,0.0,0.0,1.0,0.0,0.0,0.013317978,0.17944962,1.0
22,0.0024754131263798,0.0151944902244104,0.19140625,1,0.0113497349463096,0.4920902614912998,0.0,0.0,0.0,0.0,1.0,0.0,0.0,0.013719952,0.1800217,1.0
23,0.0005352244597578,0.0149660364894474,0.19140625,1,0.0002718499388337,0.4921605312392949,0.0,0.0,0.0,0.0,1.0,0.0,0.0,0.0144959,0.1744024,1.0
24,0.0020070917240917,0.0148705617199507,0.1796874999999999,1,0.0044855239907571,0.4924855288237723,0.0,0.0,0.0,0.0,1.0,0.0,0.0,0.014808169,0.17280261,1.0
25,0.006088178229745,0.0150025580977378,0.17578125,1,0.000475737392959,0.4920595184765519,0.0,0.0,0.0,0.0,1.0,0.0,0.0,0.014229959,0.17555952,1.0
26,0.0028099284137285,0.0153368961528675,0.181640625,1,0.0023107244800869,0.492850053141497,0.0,0.0,0.0,0.0,1.0,0.0,0.0,0.0152095165,0.1694575,1.0
27,0.0039472803907138,0.0162348931107214,0.1699218749999999,1,0.0012912872094603,0.49352639946595,0.0,0.0,0.0,0.0,1.0,0.0,0.0,0.015566176,0.16788365,1.0
28,0.0013380611493945,0.0154918321737808,0.166015625,1,6.796248470844094e-05,0.4917740476253217,0.0,0.0,0.0,0.0,1.0,0.0,0.0,0.015642961,0.16933814,1.0
29,0.0022078008965009,0.0149185405525262,0.1679687499999999,1,0.0059806986543428,0.4921561393800452,0.0,0.0,0.0,0.0,1.0,0.0,0.0,0.013602829,0.18657117,1.0
30,0.0036127651033652,0.0151057843922594,0.203125,1,0.005097186353133,0.4918047906400696,0.0,0.0,0.0,0.0,1.0,0.0,0.0,0.018716058,0.1443651,1.0
31,0.0024754131263798,0.030443688327362,0.126953125,1,0.0066603235014272,0.4917652639068223,0.0,0.0,0.0,0.0,1.0,0.0,0.0,0.016725516,0.17812608,1.0
32,0.0060212751722753,0.0163525516866681,0.1875,1,0.0,0.4921122207875482,0.0,0.0,0.0,0.0,1.0,0.0,0.0,0.014338067,0.17304642,1.0
33,0.0032113467585468,0.0151519282213485,0.1777343749999999,1,0.0008155498165012,0.493627412228693,0.0,0.0,0.0,0.0,1.0,0.0,0.0,0.015269166,0.16876516,1.0
34,0.0108382953100956,0.0157279009632577,0.1679687499999999,1,0.0059127361696343,0.4922659358612875,0.0,0.0,0.0,0.0,1.0,0.0,0.0,0.014496794,0.1707683,1.0
35,0.0061550812872148,0.0150993051923063,0.171875,1,0.0034660867201304,0.4914139151668467,0.0,0.0,0.0,0.0,1.0,0.0,0.0,0.014325028,0.17641927,1.0
36,0.0038803773332441,0.0162217079598124,0.18359375,1,0.0053690362919668,0.4921078289282985,0.0,0.0,0.0,0.0,1.0,0.0,0.0,0.014817035,0.17137289,1.0
37,0.0006021275172275,0.0150834977080397,0.173828125,1,0.0110778850074758,0.491914587121312,0.0,0.0,0.0,0.0,1.0,0.0,0.0,0.015547922,0.16986911,1.0
38,0.0012711580919248,0.0161070748301173,0.1699218749999999,1,0.0084273481038466,0.0987773063848849,0.0,0.0,0.0,0.0,1.0,0.0,0.0,0.015828555,0.16798331,1.0
39,0.0023416070114404,0.0155760302799762,0.166015625,1,0.0014951746635857,0.0946665261271706,0.0,0.0,0.0,0.0,1.0,0.0,0.0,0.01477856,0.17762397,1.0
40,0.0006690305746972,0.0161788709161821,0.185546875,1,6.796248470844094e-05,0.4916466837070805,0.0,0.0,0.0,0.0,1.0,0.0,0.0,0.0149348285,0.17402242,1.0
41,0.0002007091724091,0.0163101828418679,0.1796874999999999,1,0.0019709120565447,0.0948597679341572,0.0,0.0,0.0,0.0,1.0,0.0,0.0,0.014408102,0.180128,1.0
42,0.0079614638388974,0.0155859884281866,0.19140625,1,0.0001359249694168,0.5103560041107803,0.0,0.0,0.0,0.0,1.0,0.0,0.0,0.014143219,0.17113861,1.0
43,6.690305746972637e-05,0.0148927833182344,0.173828125,1,0.0048932988990077,0.4915412790850879,0.0,0.0,0.0,0.0,1.0,0.0,0.0,0.015852591,0.16634794,1.0
44,0.005619856827457,0.0149929547728559,0.162109375,1,0.0020388745412532,0.4915764139590855,0.0,0.0,0.0,0.0,1.0,0.0,0.0,0.015243357,0.16939709,1.0
45,0.0017394794942128,0.0149704959258377,0.1679687499999999,1,0.0076797607720538,0.4916510755663303,0.0,0.0,0.0,0.0,1.0,0.0,0.0,0.014974361,0.17416483,1.0
46,0.0003345152873486,0.0148742107314602,0.1777343749999999,1,0.0148158216664401,0.4920507347580525,0.0,0.0,0.0,0.0,1.0,0.0,0.0,0.01564776,0.16715452,1.0
47,0.0040141834481835,0.0150737642112858,0.1640625,1,0.0,0.0947411877344154,0.0,0.0,0.0,0.0,1.0,0.0,0.0,0.01501528,0.17387138,1.0
48,0.0069579179768515,0.016251746169057,0.1777343749999999,1,0.0054369987766752,0.0950661853188929,0.0,0.0,0.0,0.0,1.0,0.0,0.0,0.0146229025,0.1714751,1.0
49,0.0036796681608349,0.0149731938428628,0.173828125,1,0.0014951746635857,0.0947587551714142,0.0,0.0,0.0,0.0,1.0,0.0,0.0,0.015133074,0.170722,1.0
50,0.0036796681608349,0.0161846215735611,0.171875,1,0.002786461873046,0.0944425413054362,0.0,0.0,0.0,0.0,1.0,0.0,0.0,0.014279118,0.17938878,1.0
51,0.001204255034455,0.0153117393888241,0.189453125,1,0.0054369987766752,0.0943327448241938,0.0,0.0,0.0,0.0,1.0,0.0,0.0,0.01778925,0.15526992,1.0
52,0.0036796681608349,0.0269126272306963,0.146484375,1,0.0017670246024194,0.0944293657276871,0.0,0.0,0.0,0.0,1.0,0.0,0.0,0.016966617,0.16949332,1.0
53,0.0032782498160165,0.0158188071199554,0.171875,1,0.0054369987766752,0.0942976099501963,0.0,0.0,0.0,0.0,1.0,0.0,0.0,0.015896043,0.1641977,1.0
54,0.0035458620458954,0.0150163731125438,0.1582031249999999,1,0.0055049612613837,0.0951057120521401,0.0,0.0,0.0,0.0,1.0,0.0,0.0,0.015783852,0.16760023,1.0
55,0.001204255034455,0.0152949178236834,0.1640625,1,0.0037379366589642,0.1149086054090138,0.0,0.0,0.0,0.0,1.0,0.0,0.0,0.016223958,0.16535689,1.0
56,0.0055529537699872,0.0159983771178777,0.1601562499999999,1,0.0019029495718363,0.0945084191941816,0.0,0.0,0.0,0.0,1.0,0.0,0.0,0.015035024,0.17380778,1.0
57,0.0078945607814277,0.0160808703924587,0.1777343749999999,1,0.0064564360473018,0.094561121505178,0.0,0.0,0.0,0.0,1.0,0.0,0.0,0.014418071,0.1724091,1.0
58,0.0031444437010771,0.0150782215481297,0.17578125,1,0.0041457115672148,0.0946797017049197,0.0,0.0,0.0,0.0,1.0,0.0,0.0,0.015140867,0.16992201,1.0
59,0.0034789589884257,0.0152230713485068,0.1699218749999999,1,0.0032621992660051,0.0951584143631365,0.0,0.0,0.0,0.0,1.0,0.0,0.0,0.014760962,0.17481229,1.0
60,0.0006690305746972,0.0154661967131757,0.1796874999999999,1,0.0128449096098953,0.4918311417955678,0.0,0.0,0.0,0.0,1.0,0.0,0.0,0.014131075,0.18127558,1.0
61,0.0038134742757744,0.0153966975307884,0.193359375,1,0.008631235557972,0.0946972691419185,0.0,0.0,0.0,0.0,1.0,0.0,0.0,0.014616093,0.17026372,1.0
62,0.0040810865056533,0.015044362164577,0.171875,1,0.0014272121788772,0.4920419510395531,0.0,0.0,0.0,0.0,1.0,0.0,0.0,0.01472432,0.17460108,1.0
63,0.0043486987355322,0.0161540689754673,0.1796874999999999,1,0.0019029495718363,0.492388907920279,0.0,0.0,0.0,0.0,1.0,0.0,0.0,0.015142417,0.16864373,1.0
64,0.0024754131263798,0.0149807543091723,0.1679687499999999,1,0.0010194372706266,0.4919321545583107,0.0,0.0,0.0,0.0,1.0,0.0,0.0,0.015072262,0.17458889,1.0
65,0.0062888874021542,0.0170513373907471,0.1796874999999999,1,0.0048253364142993,0.4917520883290733,0.0,0.0,0.0,0.0,1.0,0.0,0.0,0.014546072,0.17318659,1.0
66,0.0004014183448183,0.0150324472391934,0.1777343749999999,1,0.0,0.4914710093370928,0.0,0.0,0.0,0.0,1.0,0.0,0.0,0.01460067,0.17675477,1.0
67,0.0035458620458954,0.014889512225063,0.18359375,1,0.0030583118118798,0.4917476964698236,0.0,0.0,0.0,0.0,1.0,0.0,0.0,0.013630247,0.1812686,1.0
68,0.0007359336321669,0.014913113225281,0.193359375,1,0.001699062117711,0.4923362056092826,0.0,0.0,0.0,0.0,1.0,0.0,0.0,0.014350405,0.17525281,1.0
69,0.004147989563123,0.0150757860743949,0.181640625,1,0.0032621992660051,0.49597266506803,0.0,0.0,0.0,0.0,1.0,0.0,0.0,0.015271803,0.16750404,1.0
70,0.000468321402288,0.0163973329101935,0.166015625,1,0.0013592496941688,0.4914358744630953,0.0,0.0,0.0,0.0,1.0,0.0,0.0,0.015835574,0.16920447,1.0
71,0.0072255302067304,0.0148825123376217,0.1679687499999999,1,0.0055729237460921,0.4919409382768101,0.0,0.0,0.0,0.0,1.0,0.0,0.0,0.01405183,0.17772898,1.0
72,0.0046832140228808,0.0152787639142734,0.185546875,1,0.0053690362919668,0.4927270810825055,0.0,0.0,0.0,0.0,1.0,0.0,0.0,0.015004491,0.16760786,1.0
73,0.0022747039539706,0.015155310590475,0.166015625,1,0.0052331113225499,0.4916378999885812,0.0,0.0,0.0,0.0,1.0,0.0,0.0,0.015562272,0.16926944,1.0
74,0.0028099284137285,0.0153466191518898,0.1679687499999999,1,0.0089030854968057,0.4923669486240305,0.0,0.0,0.0,0.0,1.0,0.0,0.0,0.015241509,0.171146,1.0
75,0.0014049642068642,0.0150120186534696,0.171875,1,0.0065923610167187,0.4920331673210537,0.0,0.0,0.0,0.0,1.0,0.0,0.0,0.015322616,0.17178084,1.0
76,0.0062888874021542,0.0163443382614521,0.173828125,1,0.001087399755335,0.4950723339218425,0.0,0.0,0.0,0.0,1.0,0.0,0.0,0.0151140895,0.16869532,1.0
77,0.0030106375861376,0.0151301265323294,0.1679687499999999,1,0.0,0.1122559224221982,0.0,0.0,0.0,0.0,1.0,0.0,0.0,0.015517643,0.16828182,1.0
78,0.0008028366896367,0.015104281117092,0.166015625,1,0.0025825744189207,0.0944469331646859,0.0,0.0,0.0,0.0,1.0,0.0,0.0,0.01575782,0.16923,1.0
79,0.0078945607814277,0.0157820524620232,0.1679687499999999,1,0.0042816365366317,0.0950398341633947,0.0,0.0,0.0,0.0,1.0,0.0,0.0,0.013942426,0.18011646,1.0
80,0.0169264735398407,0.0165416578239899,0.19140625,1,0.0035340492048389,0.0954878038068636,0.0,0.0,0.0,0.0,1.0,0.0,0.0,0.01317144,0.17252882,1.0
81,0.0023416070114404,0.0150111662376625,0.1777343749999999,1,0.0006796248470844,0.0945303784904301,0.0,0.0,0.0,0.0,1.0,0.0,0.0,0.015547371,0.16767003,1.0
82,0.0004014183448183,0.0165606902114088,0.166015625,1,0.0004077749082506,0.09482024120091,0.0,0.0,0.0,0.0,1.0,0.0,0.0,0.015927156,0.1698226,1.0
83,0.0073593363216699,0.0162226947465842,0.1699218749999999,1,0.0038738616283811,0.1327878644145212,0.0,0.0,0.0,0.0,1.0,0.0,0.0,0.014021045,0.17842959,1.0
84,0.003412055930956,0.0149950354232621,0.1875,1,0.0021747995106701,0.0947455795936651,0.0,0.0,0.0,0.0,1.0,0.0,0.0,0.014514422,0.17248087,1.0
85,0.0085635913561249,0.0149720516896631,0.17578125,1,0.0014951746635857,0.09467530984567,0.0,0.0,0.0,0.0,1.0,0.0,0.0,0.014037585,0.17460187,1.0
86,0.0006690305746972,0.0149792741290145,0.1796874999999999,1,0.0004077749082506,0.094978348133899,0.0,0.0,0.0,0.0,1.0,0.0,0.0,0.014799809,0.17465103,1.0
87,0.0017394794942128,0.0154161246329161,0.1796874999999999,1,6.796248470844094e-05,0.0945962563791755,0.0,0.0,0.0,0.0,1.0,0.0,0.0,0.015010795,0.17173836,1.0
88,0.0032782498160165,0.0150483135107571,0.173828125,1,0.0145439717276063,0.094934429541402,0.0,0.0,0.0,0.0,1.0,0.0,0.0,0.014609611,0.1748505,1.0
89,0.0115742289422626,0.0149277848549868,0.1796874999999999,1,0.0030583118118798,0.094574297082927,0.0,0.0,0.0,0.0,1.0,0.0,0.0,0.013986161,0.1714506,1.0
90,0.0001338061149394,0.0151870515317877,0.173828125,1,0.0002038874541253,0.0947719307491633,0.0,0.0,0.0,0.0,1.0,0.0,0.0,0.013900256,0.18453263,1.0
91,0.0016056733792734,0.0148967073703122,0.19921875,1,0.006796248470844,0.0944117982906883,0.0,0.0,0.0,0.0,1.0,0.0,0.0,0.015044143,0.16798644,1.0
92,0.0011373519769853,0.016511260592324,0.1679687499999999,1,0.0025825744189207,0.0942844343724472,0.0,0.0,0.0,0.0,1.0,0.0,0.0,0.015708437,0.17069057,1.0
93,0.001204255034455,0.0162681457253867,0.171875,1,0.0006116623623759,0.0947631470306639,0.0,0.0,0.0,0.0,1.0,0.0,0.0,0.015362134,0.17179558,1.0
94,0.0101023616779286,0.0152817914600713,0.173828125,1,0.0015631371482941,0.0944513250239356,0.0,0.0,0.0,0.0,1.0,0.0,0.0,0.013968801,0.1745408,1.0
95,0.0088981066434736,0.0150272424638585,0.1796874999999999,1,0.0057768112002174,0.0961817175683153,0.0,0.0,0.0,0.0,1.0,0.0,0.0,0.013733273,0.17634748,1.0
96,0.0001338061149394,0.0150751184186642,0.18359375,1,0.0020388745412532,0.1211889641360773,0.0,0.0,0.0,0.0,1.0,0.0,0.0,0.0155788865,0.16691323,1.0
97,0.0008697397471064,0.0151535826638511,0.1640625,1,0.0029903493271714,0.0947455795936651,0.0,0.0,0.0,0.0,1.0,0.0,0.0,0.015104687,0.1751688,1.0
98,0.0018063825516826,0.0152117316988158,0.1796874999999999,1,0.0038738616283811,0.094359095979692,0.0,0.0,0.0,0.0,1.0,0.0,0.0,0.015511384,0.16695435,1.0
99,0.0026092192413193,0.0151586341723045,0.1640625,1,0.0019709120565447,0.0947807144676627,0.0,0.0,0.0,0.0,1.0,0.0,0.0,0.014881423,0.17596593,1.0
100,0.0035458620458954,0.015637767439607,0.181640625,1,0.0014951746635857,0.0946709179864203,0.0,0.0,0.0,0.0,1.0,0.0,0.0,0.015451735,0.16732311,1.0
101,0.0012711580919248,0.016805331448523,0.166015625,1,0.0012233247247519,0.0947543633121645,0.0,0.0,0.0,0.0,1.0,0.0,0.0,0.015849164,0.16901663,1.0
102,0.001204255034455,0.0152326956688519,0.1679687499999999,1,0.0051651488378415,0.1157957609774522,0.0,0.0,0.0,0.0,1.0,0.0,0.0,0.01568756,0.16836892,1.0
103,0.0006021275172275,0.0149209907230852,0.166015625,1,0.0015631371482941,0.0944557168831853,0.0,0.0,0.0,0.0,1.0,0.0,0.0,0.01611065,0.16784778,1.0
104,0.0040141834481835,0.0177806253038082,0.166015625,1,0.0022427619953785,0.0951715899408856,0.0,0.0,0.0,0.0,1.0,0.0,0.0,0.014652511,0.17909895,1.0
105,0.0066234026895029,0.0160192298119587,0.189453125,1,0.0023786869647954,0.4918355336548175,0.0,0.0,0.0,0.0,1.0,0.0,0.0,0.014784386,0.16886751,1.0
106,0.0024085100689101,0.0165321510782389,0.1699218749999999,1,0.000475737392959,0.0952813864221279,0.0,0.0,0.0,0.0,1.0,0.0,0.0,0.019159293,0.15314409,1.0
107,0.0016725764367431,0.0334814526172296,0.14453125,1,0.0051651488378415,0.4918574929510659,0.0,0.0,0.0,0.0,1.0,0.0,0.0,0.017597249,0.17044199,1.0
108,0.0068910149193818,0.0162103326178338,0.17578125,1,0.0256898192197906,0.4918574929510659,0.0,0.0,0.0,0.0,1.0,0.0,0.0,0.013760513,0.18012889,1.0
109,0.0011373519769853,0.0151934383517026,0.19140625,1,0.0005436998776675,0.0949124702451536,0.0,0.0,0.0,0.0,1.0,0.0,0.0,0.0146189835,0.17328258,1.0
110,0.0009366428045761,0.0152832779388681,0.1777343749999999,1,0.0051651488378415,0.492547014853268,0.0,0.0,0.0,0.0,1.0,0.0,0.0,0.014287224,0.17952701,1.0
111,0.0086973974710644,0.0150521472823431,0.189453125,1,0.0052331113225499,0.0946401749716725,0.0,0.0,0.0,0.0,1.0,0.0,0.0,0.01458109,0.1679862,1.0
112,0.0064226935170937,0.0166756592685155,0.1679687499999999,1,0.0046894114448824,0.094574297082927,0.0,0.0,0.0,0.0,1.0,0.0,0.0,0.0139349755,0.18278667,1.0
113,0.0044156017930019,0.0169211571205295,0.197265625,1,6.796248470844094e-05,0.0956766537546004,0.0,0.0,0.0,0.0,1.0,0.0,0.0,0.0144332405,0.17177628,1.0
114,0.0022747039539706,0.0148959032440705,0.17578125,1,0.0048253364142993,0.0944776761794338,0.0,0.0,0.0,0.0,1.0,0.0,0.0,0.015507689,0.16789433,1.0
115,0.0007359336321669,0.0159761723159646,0.166015625,1,0.0063884735625934,0.0946621342679209,0.0,0.0,0.0,0.0,1.0,0.0,0.0,0.01568677,0.17017351,1.0
116,0.0013380611493945,0.0151439520448671,0.1699218749999999,1,0.0019709120565447,0.4920463428988029,0.0,0.0,0.0,0.0,1.0,0.0,0.0,0.015209382,0.17291696,1.0
117,0.0003345152873486,0.0157598056691836,0.17578125,1,0.0061845861084681,0.4922527602835384,0.0,0.0,0.0,0.0,1.0,0.0,0.0,0.014440468,0.17953248,1.0
118,0.0009366428045761,0.0150039102055698,0.189453125,1,0.0072719858638031,0.4926787706307589,0.0,0.0,0.0,0.0,1.0,0.0,0.0,0.014972901,0.17127103,1.0
119,0.0006021275172275,0.0161452865731978,0.173828125,1,0.0065923610167187,0.4928324857044982,0.0,0.0,0.0,0.0,1.0,0.0,0.0,0.015470481,0.1715834,1.0
120,0.0074931424366093,0.0161115363660539,0.173828125,1,0.0044855239907571,0.4930301193707344,0.0,0.0,0.0,0.0,1.0,0.0,0.0,0.015050357,0.16777267,1.0
121,0.0084297852411855,0.0149815332408582,0.166015625,1,0.0006116623623759,0.492446002090525,0.0,0.0,0.0,0.0,1.0,0.0,0.0,0.0146242585,0.17194456,1.0
122,0.0238843915166923,0.0154188981336089,0.173828125,1,0.0011553622400434,0.4922878951575361,0.0,0.0,0.0,0.0,1.0,0.0,0.0,0.012603348,0.17403546,1.0
123,0.0002676122298789,0.014986698124813,0.1796874999999999,1,0.0002038874541253,0.4921824905355433,0.0,0.0,0.0,0.0,1.0,0.0,0.0,0.015501073,0.16883893,1.0
124,0.005619856827457,0.015720741510296,0.1679687499999999,1,0.0016310996330025,0.4924899206830221,0.0,0.0,0.0,0.0,1.0,0.0,0.0,0.015425956,0.16866392,1.0
125,0.0012711580919248,0.0167003919242017,0.1679687499999999,1,0.0087671605273888,0.4925865415865153,0.0,0.0,0.0,0.0,1.0,0.0,0.0,0.01597265,0.16710998,1.0
126,0.001940188666622,0.0149956925812612,0.1640625,1,0.0023786869647954,0.491971681291558,0.0,0.0,0.0,0.0,1.0,0.0,0.0,0.015765136,0.16910203,1.0
127,6.690305746972637e-05,0.0165215882606873,0.1679687499999999,1,0.0014951746635857,0.4925162718385202,0.0,0.0,0.0,0.0,1.0,0.0,0.0,0.016172206,0.167767,1.0
128,0.016123636850204,0.0166226415247646,0.166015625,1,0.0021068370259616,0.4917740476253217,0.0,0.0,0.0,0.0,1.0,0.0,0.0,0.014015248,0.17143293,1.0
129,0.0038134742757744,0.0150992128122681,0.173828125,1,0.003398124235422,0.0948905109489051,0.0,0.0,0.0,0.0,1.0,0.0,0.0,0.015003329,0.17093706,1.0
130,0.0003345152873486,0.0151373552703199,0.171875,1,0.0006116623623759,0.0972269800697427,0.0,0.0,0.0,0.0,1.0,0.0,0.0,0.015508568,0.17090987,1.0
131,0.0008697397471064,0.0160266433100256,0.171875,1,0.0019029495718363,0.0950574016003935,0.0,0.0,0.0,0.0,1.0,0.0,0.0,0.015780589,0.16878489,1.0
132,0.0123101625744296,0.0161051537452317,0.1679687499999999,1,0.004009786597798,0.0945699052236774,0.0,0.0,0.0,0.0,1.0,0.0,0.0,0.015095567,0.16551296,1.0
133,0.0052853415401083,0.016543270275566,0.162109375,1,0.0055049612613837,0.0947719307491633,0.0,0.0,0.0,0.0,1.0,0.0,0.0,0.015591925,0.16811185,1.0
134,0.005619856827457,0.0151514264297773,0.166015625,1,0.006796248470844,0.0949519969784008,0.0,0.0,0.0,0.0,1.0,0.0,0.0,0.0153040495,0.1682429,1.0
135,0.0034789589884257,0.0151306451202712,0.166015625,1,0.0019029495718363,0.4920595184765519,0.0,0.0,0.0,0.0,1.0,0.0,0.0,0.0151884165,0.17122945,1.0
136,0.0031444437010771,0.0150030724865869,0.171875,1,0.0002038874541253,0.4923669486240305,0.0,0.0,0.0,0.0,1.0,0.0,0.0,0.014583459,0.17583394,1.0
137,0.0036796681608349,0.0151541306454415,0.181640625,1,0.0040777490825064,0.4918443173733168,0.0,0.0,0.0,0.0,1.0,0.0,0.0,0.015793404,0.16204166,1.0
138,0.0006021275172275,0.0151519681127287,0.154296875,1,0.0001359249694168,0.4924064753572778,0.0,0.0,0.0,0.0,1.0,0.0,0.0,0.01575177,0.17166169,1.0
139,0.0010704489195156,0.0152117694906496,0.171875,1,0.0034660867201304,0.4927973508305006,0.0,0.0,0.0,0.0,1.0,0.0,0.0,0.015570125,0.16986932,1.0
140,0.0042817956780624,0.0162037442414719,0.1699218749999999,1,0.0004077749082506,0.0942317320614509,0.0,0.0,0.0,0.0,1.0,0.0,0.0,0.01549398,0.16794255,1.0
141,0.0004014183448183,0.0152134701231713,0.166015625,1,0.0016310996330025,0.0950530097411438,0.0,0.0,0.0,0.0,1.0,0.0,0.0,0.014998546,0.17609769,1.0
142,0.0007359336321669,0.0150890867003518,0.181640625,1,0.0120973222781024,0.0948290249194093,0.0,0.0,0.0,0.0,1.0,0.0,0.0,0.01489771,0.17355162,1.0
143,0.0111728105974443,0.0156448912002813,0.1777343749999999,1,0.0038738616283811,0.0946884854234191,0.0,0.0,0.0,0.0,1.0,0.0,0.0,0.013779914,0.17515405,1.0
144,0.0,0.0155032935971586,0.181640625,1,0.0014272121788772,0.0950222667263959,0.0,0.0,0.0,0.0,1.0,0.0,0.0,0.014322272,0.17939614,1.0
145,0.0014718672643339,0.0150283594225024,0.189453125,1,0.0020388745412532,0.094416190149938,0.0,0.0,0.0,0.0,1.0,0.0,0.0,0.015422931,0.16801953,1.0
146,0.0011373519769853,0.0176523430234667,0.1679687499999999,1,0.0011553622400434,0.0946884854234191,0.0,0.0,0.0,0.0,1.0,0.0,0.0,0.01590087,0.1688394,1.0
147,0.0105706830802167,0.0150456134941856,0.1679687499999999,1,0.0025825744189207,0.0945962563791755,0.0,0.0,0.0,0.0,1.0,0.0,0.0,0.013435638,0.18043916,1.0
148,0.0056867598849267,0.0153518470222343,0.19140625,1,0.0076797607720538,0.0949256458229026,0.0,0.0,0.0,0.0,1.0,0.0,0.0,0.01580525,0.1593498,1.0
149,0.005619856827457,0.016637531507288,0.150390625,1,0.0031942367812967,0.4925733660087662,0.0,0.0,0.0,0.0,1.0,0.0,0.0,0.01511105,0.17514159,1.0
150,0.0042817956780624,0.0153075234998073,0.1796874999999999,1,0.0004077749082506,0.4923142463130342,0.0,0.0,0.0,0.0,1.0,0.0,0.0,0.015309608,0.16985413,1.0
151,0.0005352244597578,0.0187242873941897,0.171875,1,0.0004077749082506,0.4918662766695653,0.0,0.0,0.0,0.0,1.0,0.0,0.0,0.026907062,0.12696075,1.0
152,0.0034789589884257,0.0886409078801102,0.1171875,1,0.0057768112002174,0.4931838344444738,0.0,0.0,0.0,0.0,1.0,0.0,0.0,0.024013465,0.16338962,1.0
153,0.0008028366896367,0.0148782019690204,0.17578125,1,0.0127769471251868,0.4920463428988029,0.0,0.0,0.0,0.0,1.0,0.0,0.0,0.014634823,0.17673771,1.0
154,0.0022078008965009,0.0153020898739231,0.18359375,1,0.0001359249694168,0.4921122207875482,0.0,0.0,0.0,0.0,1.0,0.0,0.0,0.015184483,0.16872828,1.0
155,0.0076269485515488,0.0150939765437383,0.1679687499999999,1,0.0028544243577545,0.4926436357567613,0.0,0.0,0.0,0.0,1.0,0.0,0.0,0.015041074,0.16814524,1.0
156,0.0038134742757744,0.0150174438811685,0.166015625,1,0.0001359249694168,0.4919409382768101,0.0,0.0,0.0,0.0,1.0,0.0,0.0,0.015182843,0.17192921,1.0
157,0.0046832140228808,0.0161583772445223,0.173828125,1,0.0109419600380589,0.4919058034028126,0.0,0.0,0.0,0.0,1.0,0.0,0.0,0.015505856,0.1675504,1.0
158,0.0022078008965009,0.016325622905528,0.166015625,1,0.0118254723392687,0.4927622159565031,0.0,0.0,0.0,0.0,1.0,0.0,0.0,0.01592671,0.16711581,1.0
159,0.0079614638388974,0.0154095488538321,0.1640625,1,0.0012912872094603,0.4934780890142033,0.0,0.0,0.0,0.0,1.0,0.0,0.0,0.015542692,0.16436557,1.0
160,0.00488392319529,0.0150140489147641,0.1582031249999999,1,0.001699062117711,0.4920112080248053,0.0,0.0,0.0,0.0,1.0,0.0,0.0,0.015118321,0.17237273,1.0
161,0.0003345152873486,0.0151894681096056,0.173828125,1,0.0153595215441076,0.4920112080248053,0.0,0.0,0.0,0.0,1.0,0.0,0.0,0.014211243,0.18314566,1.0
162,0.0086304944135947,0.0167024788732468,0.197265625,1,0.0025825744189207,0.4922351928465397,0.0,0.0,0.0,0.0,1.0,0.0,0.0,0.013590416,0.17546856,1.0
163,0.009031912758413,0.0150507153917507,0.18359375,1,0.0113497349463096,0.4920507347580525,0.0,0.0,0.0,0.0,1.0,0.0,0.0,0.012366926,0.18854043,1.0
164,0.0021408978390312,0.0156638627008568,0.208984375,1,0.0085632730732635,0.4924679613867735,0.0,0.0,0.0,0.0,1.0,0.0,0.0,0.013510307,0.17923932,1.0
165,0.0040810865056533,0.015525779738279,0.19140625,1,0.0028544243577545,0.4925206636977698,0.0,0.0,0.0,0.0,1.0,0.0,0.0,0.013706064,0.17893785,1.0
166,0.0023416070114404,0.0149862026318808,0.189453125,1,0.0124371347016446,0.4925206636977698,0.0,0.0,0.0,0.0,1.0,0.0,0.0,0.014562314,0.17402206,1.0
167,0.0045494079079413,0.0164865510316474,0.1796874999999999,1,0.0006116623623759,0.4920858696320501,0.0,0.0,0.0,0.0,1.0,0.0,0.0,0.015154352,0.1685889,1.0
168,0.0064226935170937,0.0149131447184758,0.1679687499999999,1,0.0012912872094603,0.4922439765650391,0.0,0.0,0.0,0.0,1.0,0.0,0.0,0.014915099,0.1701718,1.0
169,0.0032782498160165,0.0148825753240114,0.1699218749999999,1,0.003398124235422,0.4929510659042399,0.0,0.0,0.0,0.0,1.0,0.0,0.0,0.015081024,0.17118384,1.0
170,0.0129791931491269,0.0148847042639831,0.171875,1,0.0036020116895473,0.4927578240972533,0.0,0.0,0.0,0.0,1.0,0.0,0.0,0.012658006,0.18413077,1.0
171,0.0052184384826386,0.0151889810148586,0.19921875,1,0.0008155498165012,0.492344989327782,0.0,0.0,0.0,0.0,1.0,0.0,0.0,0.013105458,0.18152854,1.0
172,0.0002676122298789,0.0152224750773511,0.1953125,1,0.0084953105885551,0.492344989327782,0.0,0.0,0.0,0.0,1.0,0.0,0.0,0.014695784,0.17228588,1.0
173,0.0194018866662206,0.0150056738244812,0.17578125,1,0.0002718499388337,0.4927358648010049,0.0,0.0,0.0,0.0,1.0,0.0,0.0,0.013268089,0.17287154,1.0
174,0.0018732856091523,0.0166142790317596,0.1777343749999999,1,0.0067282859861356,0.4921034370690489,0.0,0.0,0.0,0.0,1.0,0.0,0.0,0.015289297,0.17214172,1.0
175,0.0027430253562587,0.0167060166088013,0.17578125,1,0.0050292238684246,0.49180039878082,0.0,0.0,0.0,0.0,1.0,0.0,0.0,0.012847131,0.19272342,1.0
176,0.0068910149193818,0.0148706205072477,0.216796875,1,0.0012233247247519,0.4925777578680158,0.0,0.0,0.0,0.0,1.0,0.0,0.0,0.013258671,0.17423514,1.0
177,0.0022747039539706,0.0152550978281194,0.181640625,1,0.000475737392959,0.4920902614912998,0.0,0.0,0.0,0.0,1.0,0.0,0.0,0.0153926965,0.16769941,1.0
178,0.0040141834481835,0.0156964854516252,0.166015625,1,0.0032621992660051,0.4916862104403278,0.0,0.0,0.0,0.0,1.0,0.0,0.0,0.017957708,0.15833394,1.0
179,0.0182645346892353,0.0286553892489283,0.15234375,1,0.0038058991436726,0.4929247147487418,0.0,0.0,0.0,0.0,1.0,0.0,0.0,0.015334314,0.17144959,1.0
180,0.0002676122298789,0.0149933578857499,0.1777343749999999,1,0.0020388745412532,0.4923142463130342,0.0,0.0,0.0,0.0,1.0,0.0,0.0,0.013919001,0.18418173,1.0
181,0.0002007091724091,0.0159942221157043,0.19921875,1,0.0008835123012097,0.4919453301360598,0.0,0.0,0.0,0.0,1.0,0.0,0.0,0.015045172,0.16909918,1.0
182,0.0028768314711982,0.0151650944763407,0.1699218749999999,1,0.006796248470844,0.4919014115435629,0.0,0.0,0.0,0.0,1.0,0.0,0.0,0.015465638,0.16903587,1.0
183,0.0001338061149394,0.0157021080366784,0.1679687499999999,1,0.0008155498165012,0.4917213453143254,0.0,0.0,0.0,0.0,1.0,0.0,0.0,0.015611893,0.17182976,1.0
184,0.0002007091724091,0.0163104473847046,0.173828125,1,0.0010194372706266,0.4937064656951874,0.0,0.0,0.0,0.0,1.0,0.0,0.0,0.014766296,0.17758377,1.0
185,0.0016056733792734,0.0149789696947977,0.185546875,1,0.0041457115672148,0.492028775461804,0.0,0.0,0.0,0.0,1.0,0.0,0.0,0.014808169,0.17247479,1.0
186,0.0087643005285341,0.0155606112117793,0.17578125,1,0.0086991980426804,0.4925953253050146,0.0,0.0,0.0,0.0,1.0,0.0,0.0,0.014608478,0.17122,1.0
187,0.0010704489195156,0.0166347853006974,0.173828125,1,0.0029903493271714,0.4922966788760354,0.0,0.0,0.0,0.0,1.0,0.0,0.0,0.015445447,0.17077625,1.0
188,0.0020070917240917,0.0149867254189152,0.171875,1,0.0006116623623759,0.4921824905355433,0.0,0.0,0.0,0.0,1.0,0.0,0.0,0.015586978,0.16885667,1.0
189,0.0008028366896367,0.0164761729741723,0.1679687499999999,1,0.0031942367812967,0.4919936405878065,0.0,0.0,0.0,0.0,1.0,0.0,0.0,0.015365323,0.17293237,1.0
190,0.0001338061149394,0.0149568635715618,0.17578125,1,0.0005436998776675,0.4925645822902668,0.0,0.0,0.0,0.0,1.0,0.0,0.0,0.013638264,0.18640378,1.0
191,0.0018063825516826,0.0150125099473093,0.203125,1,0.000475737392959,0.095079360896642,0.0,0.0,0.0,0.0,1.0,0.0,0.0,0.015059819,0.16533564,1.0
192,0.0012711580919248,0.0148660917858288,0.162109375,1,0.0010194372706266,0.0951496306446371,0.0,0.0,0.0,0.0,1.0,0.0,0.0,0.01554825,0.17055377,1.0
193,0.0106375861376864,0.0148874798642222,0.1699218749999999,1,0.0038058991436726,0.0949959155708978,0.0,0.0,0.0,0.0,1.0,0.0,0.0,0.01456969,0.16974139,1.0
194,0.0072255302067304,0.0158363782231334,0.1699218749999999,1,0.0013592496941688,0.0947411877344154,0.0,0.0,0.0,0.0,1.0,0.0,0.0,0.015437281,0.16508447,1.0
195,0.0,0.0149848316281318,0.1601562499999999,1,0.0002038874541253,0.0951671980816358,0.0,0.0,0.0,0.0,1.0,0.0,0.0,0.015179088,0.17626415,1.0
196,0.0119087442296112,0.0154450500826094,0.181640625,1,0.0055049612613837,0.0946313912531731,0.0,0.0,0.0,0.0,1.0,0.0,0.0,0.014282605,0.16840452,1.0
197,0.005619856827457,0.0151642357618945,0.1679687499999999,1,0.0057768112002174,0.0946665261271706,0.0,0.0,0.0,0.0,1.0,0.0,0.0,0.015335774,0.1672774,1.0
198,0.0074262393791396,0.0148738811026875,0.1640625,1,0.0038058991436726,0.094618215675424,0.0,0.0,0.0,0.0,1.0,0.0,0.0,0.015114626,0.16832584,1.0
199,0.0044156017930019,0.0150009540443469,0.166015625,1,0.0150876716052738,0.094776322608413,0.0,0.0,0.0,0.0,1.0,0.0,0.0,0.014964392,0.17220041,1.0
200,0.0014718672643339,0.014915426925329,0.173828125,1,0.0032621992660051,0.0953692236071218,0.0,0.0,0.0,0.0,1.0,0.0,0.0,0.015036007,0.17368779,1.0
201,0.0039472803907138,0.0161868995813217,0.1777343749999999,1,0.0090390104662226,0.0949827399931487,0.0,0.0,0.0,0.0,1.0,0.0,0.0,0.0151147,0.17122617,1.0
202,0.001940188666622,0.0165541837173535,0.173828125,1,0.0029223868424629,0.0948641597934069,0.0,0.0,0.0,0.0,0.0,1.0,0.0,0.015604829,0.16996796,1.0
203,0.0135144176088847,0.0150193040792108,0.171875,1,0.0013592496941688,0.0954834119476139,0.0,0.0,0.0,0.0,0.0,1.0,0.0,0.015233105,0.1705245,1.0
204,0.0082290760687763,0.0163567822725091,0.173828125,1,0.0058447736849259,0.0946313912531731,0.0,0.0,0.0,0.0,0.0,1.0,0.0,0.0154591855,0.1714503,1.0
205,0.0149862848732187,0.016313036125321,0.17578125,1,0.0095827103438901,0.09539557476262,0.0,0.0,0.0,0.0,0.0,1.0,0.0,0.015314972,0.1746918,1.0
206,0.0022747039539706,0.0159173346298059,0.18359375,1,0.0082234606497213,0.0948509842156578,0.0,0.0,0.0,0.0,0.0,1.0,0.0,0.018028712,0.16635372,1.0
207,0.0031444437010771,0.0150009393475226,0.166015625,1,0.0003398124235422,0.0950090911486468,0.0,0.0,0.0,0.0,0.0,1.0,0.0,0.014459765,0.16793449,1.0
208,0.003412055930956,0.0154584682831604,0.166015625,1,0.0032621992660051,0.0943898389944399,0.0,0.0,0.0,0.0,0.0,1.0,0.0,0.014009183,0.17076181,1.0
209,0.001940188666622,0.0149728768113681,0.171875,1,0.0065243985320103,0.0943371366834435,0.0,0.0,0.0,0.0,0.0,1.0,0.0,0.01598168,0.16558602,1.0
210,0.0072255302067304,0.0161058528941573,0.162109375,1,0.0020388745412532,0.0944513250239356,0.0,0.0,0.0,0.0,0.0,1.0,0.0,0.0134581085,0.16958468,1.0
211,0.0030775406436074,0.0162824310385691,0.1699218749999999,1,0.0028544243577545,0.0947499714529148,0.0,0.0,0.0,0.0,0.0,1.0,0.0,0.014523929,0.17223588,1.0
212,0.0009366428045761,0.0148863922992268,0.17578125,1,0.0036699741742558,0.0945655133644277,0.0,0.0,0.0,0.0,0.0,1.0,0.0,0.016110962,0.17031184,1.0
213,0.0095671372181708,0.0163726401458875,0.171875,1,0.0084953105885551,0.0943107855279454,0.0,0.0,0.0,0.0,0.0,1.0,0.0,0.015642023,0.16753678,1.0
214,0.0011373519769853,0.016667214893204,0.1679687499999999,1,0.0021747995106701,0.0949607806969002,0.0,0.0,0.0,0.0,0.0,1.0,0.0,0.014129376,0.1724533,1.0
215,0.0058874690573359,0.0151389866178129,0.17578125,1,0.0037379366589642,0.0966867813820302,0.0,0.0,0.0,0.0,0.0,1.0,0.0,0.014786964,0.178737,1.0
216,0.0016725764367431,0.0149227942333768,0.189453125,1,0.0023786869647954,0.0949476051191511,0.0,0.0,0.0,0.0,0.0,1.0,0.0,0.018676436,0.17014146,1.0
217,0.0022747039539706,0.0148996929251837,0.173828125,1,0.0052331113225499,0.0949519969784008,0.0,0.0,0.0,0.0,0.0,1.0,0.0,0.014647966,0.17728461,1.0
218,0.0024085100689101,0.0149778128447737,0.185546875,1,0.0018349870871279,0.492186882394793,0.0,0.0,0.0,0.0,0.0,1.0,0.0,0.018167233,0.16840339,1.0
219,0.0001338061149394,0.0150939450505434,0.1699218749999999,1,0.0103982601603914,0.0951101039113898,0.0,0.0,0.0,0.0,0.0,1.0,0.0,0.013371741,0.18166506,1.0
220,0.0028768314711982,0.0161787743370512,0.193359375,1,0.0019709120565447,0.4924064753572778,0.0,0.0,0.0,0.0,0.0,1.0,0.0,0.019158399,0.17234479,1.0
221,0.0021408978390312,0.016144963243064,0.1796874999999999,1,0.0104662226450999,0.4975844774126679,0.0,0.0,0.0,0.0,0.0,1.0,0.0,0.016947871,0.16956134,1.0
222,0.0046163109654111,0.0168373789235988,0.171875,1,0.001087399755335,0.0976617741354625,0.0,0.0,0.0,0.0,0.0,1.0,0.0,0.01362667,0.1816681,1.0
223,0.0026092192413193,0.0158780458194617,0.1953125,1,0.0036699741742558,0.4924635695275238,0.0,0.0,0.0,0.0,0.0,1.0,0.0,0.019256746,0.17426759,1.0
224,0.0138489328962333,0.0157738033445197,0.18359375,1,0.0079516107108875,0.0950837527558916,0.0,0.0,0.0,0.0,0.0,1.0,0.0,0.016610688,0.17627673,1.0
225,0.0015387703218037,0.0154980657268141,0.1875,1,0.0011553622400434,0.0944557168831853,0.0,0.0,0.0,0.0,0.0,1.0,0.0,0.0161987,0.18491678,1.0
226,0.0037465712183046,0.0149183872856446,0.203125,1,0.002786461873046,0.0945347703496798,0.0,0.0,0.0,0.0,0.0,1.0,0.0,0.020125067,0.17873853,1.0
227,0.0035458620458954,0.0149777057679112,0.193359375,1,0.0027184993883376,0.0950749690373922,0.0,0.0,0.0,0.0,0.0,1.0,0.0,0.01880405,0.17459144,1.0
228,0.0054191476550478,0.0149569055624882,0.18359375,1,0.0031262742965882,0.0947894981861621,0.0,0.0,0.0,0.0,0.0,1.0,0.0,0.017229503,0.1722645,1.0
229,0.0035458620458954,0.0150829623237273,0.1777343749999999,1,0.0012233247247519,0.0946489586901719,0.0,0.0,0.0,0.0,0.0,1.0,0.0,0.016393846,0.1708701,1.0
230,0.007560045494079,0.0164660447627097,0.173828125,1,0.0106021476145167,0.0945874726606761,0.0,0.0,0.0,0.0,0.0,1.0,0.0,0.014063543,0.1813566,1.0
231,0.0006021275172275,0.0161256621137157,0.1953125,1,0.0012233247247519,0.0952286841111316,0.0,0.0,0.0,0.0,0.0,1.0,0.0,0.018550282,0.17931075,1.0
232,0.00976784639058,0.0156923010558032,0.193359375,1,0.0012233247247519,0.0946269993939234,0.0,0.0,0.0,0.0,0.0,1.0,0.0,0.018374091,0.17781778,1.0
233,0.0,0.0162030702871022,0.19140625,1,0.0006116623623759,0.0945259866311804,0.0,0.0,0.0,0.0,0.0,1.0,0.0,0.01656813,0.18821084,1.0
234,0.0086973974710644,0.015030150335516,0.2109375,1,0.0039418241130895,0.094574297082927,0.0,0.0,0.0,0.0,0.0,1.0,0.0,0.021405643,0.18059708,1.0
235,0.00488392319529,0.0150361634361853,0.19921875,1,0.0082234606497213,0.0947631470306639,0.0,0.0,0.0,0.0,0.0,1.0,0.0,0.020650094,0.17002566,1.0
236,0.0052184384826386,0.0160871186423162,0.17578125,1,0.0023107244800869,0.0951584143631365,0.0,0.0,0.0,0.0,0.0,1.0,0.0,0.01569826,0.17260489,1.0
237,0.0066234026895029,0.0161720683860953,0.1777343749999999,1,0.0048253364142993,0.0946928772826688,0.0,0.0,0.0,0.0,0.0,1.0,0.0,0.016581958,0.16836905,1.0
238,0.0018732856091523,0.0151610948405952,0.1699218749999999,1,0.0,0.0944513250239356,0.0,0.0,0.0,0.0,0.0,1.0,0.0,0.01521579,0.16769037,1.0
239,0.001940188666622,0.0149306969257369,0.166015625,1,0.0019709120565447,0.0947148365789173,0.0,0.0,0.0,0.0,0.0,1.0,0.0,0.013354903,0.17595442,1.0
240,0.009031912758413,0.0154978536726355,0.181640625,1,0.012029359793394,0.09539557476262,0.0,0.0,0.0,0.0,0.0,1.0,0.0,0.017794346,0.16603164,1.0
241,0.0131129992640663,0.0167440162977031,0.166015625,1,0.0006796248470844,0.0948992946674045,0.0,0.0,0.0,0.0,0.0,1.0,0.0,0.012844538,0.17849554,1.0
242,0.0034789589884257,0.015404440657628,0.189453125,1,0.0093788228897648,0.0946445668309222,0.0,0.0,0.0,0.0,0.0,1.0,0.0,0.019369906,0.16492654,1.0
243,0.0069579179768515,0.0148720544973864,0.1640625,1,0.0037379366589642,0.0945391622089295,0.0,0.0,0.0,0.0,0.0,1.0,0.0,0.013838625,0.16977501,1.0
244,0.0012711580919248,0.0159335452269666,0.1699218749999999,1,0.0009514747859181,0.0951540225038868,0.0,0.0,0.0,0.0,0.0,1.0,0.0,0.015221214,0.16753766,1.0
245,0.0124439686893691,0.0150993408845938,0.166015625,1,0.0006796248470844,0.0950222667263959,0.0,0.0,0.0,0.0,0.0,1.0,0.0,0.015047258,0.16317926,1.0
246,0.0095671372181708,0.0153137192610068,0.1582031249999999,1,0.0010194372706266,0.094618215675424,0.0,0.0,0.0,0.0,0.0,1.0,0.0,0.012434965,0.17091428,1.0
247,0.0038134742757744,0.014956943354322,0.171875,1,0.0055729237460921,0.0950090911486468,0.0,0.0,0.0,0.0,0.0,1.0,0.0,0.015887177,0.16641484,1.0
248,0.0016056733792734,0.0165549185585666,0.1640625,1,0.0085632730732635,0.0945874726606761,0.0,0.0,0.0,0.0,0.0,1.0,0.0,0.01398853,0.16879043,1.0
249,0.0092326219308222,0.0165846187408532,0.1679687499999999,1,0.0019029495718363,0.0951101039113898,0.0,0.0,0.0,0.0,0.0,1.0,0.0,0.014779633,0.1678349,1.0
250,0.0058874690573359,0.015906444283028,0.1679687499999999,1,0.0061166236237596,0.095351656170123,0.0,0.0,0.0,0.0,0.0,1.0,0.0,0.014833784,0.1673166,1.0
251,0.0052184384826386,0.014966735638373,0.166015625,1,0.0003398124235422,0.0949124702451536,0.0,0.0,0.0,0.0,0.0,1.0,0.0,0.013909018,0.1717215,1.0
252,0.0003345152873486,0.0153171730147083,0.173828125,1,0.0008155498165012,0.0949080783859038,0.0,0.0,0.0,0.0,0.0,1.0,0.0,0.0161897,0.16646855,1.0
253,0.0037465712183046,0.0154949164073294,0.1640625,1,0.0049612613837161,0.0951452387853874,0.0,0.0,0.0,0.0,0.0,1.0,0.0,0.014202779,0.16692449,1.0
254,0.0006021275172275,0.0155406949153583,0.1640625,1,0.0006116623623759,0.0945391622089295,0.0,0.0,0.0,0.0,0.0,1.0,0.0,0.013315206,0.1740744,1.0
255,0.0029437345286679,0.0167890452676947,0.1777343749999999,1,0.0021068370259616,0.094877335371156,0.0,0.0,0.0,0.0,0.0,1.0,0.0,0.01701737,0.16554709,1.0
256,0.0007359336321669,0.0157555330924161,0.1640625,1,0.006796248470844,0.0943459204019429,0.0,0.0,0.0,0.0,0.0,1.0,0.0,0.013179189,0.17402993,1.0
257,0.0046832140228808,0.0149725954721608,0.1777343749999999,1,0.0004077749082506,0.0947104447196676,0.0,0.0,0.0,0.0,0.0,1.0,0.0,0.016429013,0.16983397,1.0
258,0.0038134742757744,0.0150055331548776,0.171875,1,0.0,0.0950969283336407,0.0,0.0,0.0,0.0,0.0,1.0,0.0,0.013979321,0.1792608,1.0
259,0.0032113467585468,0.0149909518056636,0.189453125,1,0.010330297675683,0.0947104447196676,0.0,0.0,0.0,0.0,0.0,1.0,0.0,0.019379681,0.16505523,1.0
260,0.0021408978390312,0.0149919049996943,0.1640625,1,0.0054369987766752,0.0955492898363593,0.0,0.0,0.0,0.0,0.0,1.0,0.0,0.013848549,0.17014243,1.0
261,0.0056867598849267,0.0164058318737094,0.1699218749999999,1,0.017738208508903,0.0942932180909466,0.0,0.0,0.0,0.0,0.0,1.0,0.0,0.014262205,0.17395969,1.0
262,0.0008697397471064,0.0149006188251122,0.1796874999999999,1,0.0060486611390512,0.0945128110534313,0.0,0.0,0.0,0.0,0.0,1.0,0.0,0.016273296,0.17396338,1.0
263,0.000468321402288,0.0151811539061661,0.1796874999999999,1,0.0029903493271714,0.0955185468216114,0.0,0.0,0.0,0.0,0.0,1.0,0.0,0.016757762,0.17094864,1.0
264,0.0024085100689101,0.0161818543715072,0.173828125,1,0.0100584477368492,0.0945655133644277,0.0,0.0,0.0,0.0,0.0,1.0,0.0,0.016147947,0.16607715,1.0
265,0.0031444437010771,0.0148548550139075,0.1640625,1,0.0128449096098953,0.0947455795936651,0.0,0.0,0.0,0.0,0.0,1.0,0.0,0.0141561385,0.16714962,1.0
266,0.0079614638388974,0.0149113349095453,0.1640625,1,0.0012912872094603,0.094934429541402,0.0,0.0,0.0,0.0,0.0,1.0,0.0,0.0130269285,0.17560454,1.0
267,0.0061550812872148,0.0160668832148542,0.181640625,1,0.0107380725839336,0.094934429541402,0.0,0.0,0.0,0.0,0.0,1.0,0.0,0.015732681,0.17997102,1.0
268,0.010503780022747,0.0151997936784226,0.193359375,1,0.0006116623623759,0.1022029565996469,0.0,0.0,0.0,0.0,0.0,1.0,0.0,0.019351428,0.17096974,1.0
269,0.0048170201378202,0.016291488481407,0.1777343749999999,1,0.0058447736849259,0.0944513250239356,0.0,0.0,0.0,0.0,0.0,1.0,0.0,0.01627273,0.17143346,1.0
270,0.006355790459624,0.0166877442571513,0.17578125,1,0.0117575098545602,0.1009073581209869,0.0,0.0,0.0,0.0,0.0,1.0,0.0,0.012396818,0.19903387,1.0
271,0.0022078008965009,0.0151833647284443,0.232421875,1,0.0012912872094603,0.0961114478203202,0.0,0.0,0.0,0.0,0.0,1.0,0.0,0.026609128,0.16734056,1.0
272,0.001940188666622,0.015957402371836,0.17578125,1,0.0097865977980154,0.095193549237134,0.0,0.0,0.0,0.0,0.0,1.0,0.0,0.016281432,0.16799082,1.0
273,0.0002676122298789,0.0149727130467549,0.1679687499999999,1,0.0176022835394862,0.095193549237134,0.0,0.0,0.0,0.0,0.0,1.0,0.0,0.015086031,0.16702093,1.0
274,0.0068910149193818,0.0168218317830762,0.1640625,1,0.0065923610167187,0.0951540225038868,0.0,0.0,0.0,0.0,0.0,1.0,0.0,0.012807375,0.17716016,1.0
275,0.0015387703218037,0.0170265165541154,0.185546875,1,0.0006116623623759,0.0944776761794338,0.0,0.0,0.0,0.0,0.0,1.0,0.0,0.017209237,0.17485255,1.0
276,0.0018063825516826,0.0153848350940629,0.18359375,1,0.0097865977980154,0.0950969283336407,0.0,0.0,0.0,0.0,0.0,1.0,0.0,0.017885035,0.16752046,1.0
277,0.008295979126246,0.0149155319026452,0.1679687499999999,1,0.0017670246024194,0.0945347703496798,0.0,0.0,0.0,0.0,0.0,1.0,0.0,0.013658201,0.17625318,1.0
278,0.0066903057469726,0.015592060316153,0.18359375,1,0.0063884735625934,0.098057041467935,0.0,0.0,0.0,0.0,0.0,1.0,0.0,0.017357385,0.17100687,1.0
279,0.0125777748043085,0.0149076103143681,0.17578125,1,0.0064564360473018,0.1232750972796824,0.0,0.0,0.0,0.0,0.0,1.0,0.0,0.016297495,0.1683429,1.0
280,0.0024085100689101,0.0162275719926928,0.1699218749999999,1,0.0053010738072583,0.0950398341633947,0.0,0.0,0.0,0.0,0.0,1.0,0.0,0.0153287705,0.16734828,1.0
281,0.0054191476550478,0.0164840546710692,0.166015625,1,0.006320511077885,0.0947938900454118,0.0,0.0,0.0,0.0,0.0,1.0,0.0,0.014304822,0.16834836,1.0
282,0.0022747039539706,0.0151772508495515,0.1679687499999999,1,0.0070001359249694,0.0945391622089295,0.0,0.0,0.0,0.0,0.0,1.0,0.0,0.013939833,0.17470902,1.0
283,0.0106375861376864,0.0161065877353704,0.1796874999999999,1,0.0108739975533505,0.0948422004971584,0.0,0.0,0.0,0.0,0.0,1.0,0.0,0.016859805,0.16887985,1.0
284,0.0036127651033652,0.0150710620951679,0.171875,1,6.796248470844094e-05,0.0951452387853874,0.0,0.0,0.0,0.0,0.0,1.0,0.0,0.01561234,0.16837683,1.0
285,0.0044825048504716,0.0165862248937904,0.1679687499999999,1,0.0016310996330025,0.094833416778659,0.0,0.0,0.0,0.0,0.0,1.0,0.0,0.015797889,0.1603424,1.0
286,0.0006690305746972,0.0151096895484204,0.15234375,1,0.0023107244800869,0.0944688924609344,0.0,0.0,0.0,0.0,0.0,1.0,0.0,0.009923553,0.18204527,1.0
287,0.0018732856091523,0.0164987640926089,0.19140625,1,0.0055729237460921,0.0969810359517598,0.0,0.0,0.0,0.0,0.0,1.0,0.0,0.018504834,0.17447378,1.0
288,0.0016056733792734,0.0165497116836853,0.18359375,1,0.0056408862308005,0.0949476051191511,0.0,0.0,0.0,0.0,0.0,1.0,0.0,0.015672183,0.18303609,1.0
289,0.0050846323676992,0.0148953825565824,0.19921875,1,0.0042816365366317,0.0947675388899136,0.0,0.0,0.0,0.0,0.0,1.0,0.0,0.018390602,0.18746673,1.0
290,0.0120425503445507,0.0149661099735687,0.2109375,1,0.0048253364142993,0.0944908517571828,0.0,0.0,0.0,0.0,0.0,1.0,0.0,0.023976242,0.1615961,1.0
291,0.0036127651033652,0.0149674956741419,0.162109375,1,0.0112138099768927,0.0959840839020791,0.0,0.0,0.0,0.0,0.0,1.0,0.0,0.01315037,0.17216311,1.0
292,0.0020070917240917,0.0160191752237543,0.173828125,1,0.0048253364142993,0.4932584960517186,0.0,0.0,0.0,0.0,0.0,1.0,0.0,0.016020065,0.16713904,1.0
293,0.0042148926205927,0.0150029402151686,0.166015625,1,0.0012912872094603,0.4923405974685323,0.0,0.0,0.0,0.0,0.0,1.0,0.0,0.013967013,0.17178576,1.0
294,0.0054191476550478,0.0161653393401297,0.173828125,1,0.0016310996330025,0.4919980324470562,0.0,0.0,0.0,0.0,0.0,1.0,0.0,0.01377896,0.18358992,1.0
295,0.0108382953100956,0.0161289940937305,0.19921875,1,0.0030583118118798,0.4916730348625787,0.0,0.0,0.0,0.0,0.0,1.0,0.0,0.020995116,0.16725828,1.0
296,0.0008697397471064,0.0166865517148398,0.171875,1,0.0033301617507136,0.4919628975730586,0.0,0.0,0.0,0.0,0.0,1.0,0.0,0.0151697155,0.17115043,1.0
297,0.0006690305746972,0.0164963055238645,0.173828125,1,0.0009514747859181,0.4951865222623346,0.0,0.0,0.0,0.0,0.0,1.0,0.0,0.015379554,0.17205557,1.0
298,0.0040141834481835,0.0157759868726957,0.17578125,1,0.0121652847628109,0.4921561393800452,0.0,0.0,0.0,0.0,0.0,1.0,0.0,0.016021645,0.16983847,1.0
299,0.0064895965745634,0.0150277295586054,0.171875,1,0.0014951746635857,0.4925689741495165,0.0,0.0,0.0,0.0,0.0,1.0,0.0,0.014805293,0.1740715,1.0
300,0.0022747039539706,0.0166457932220694,0.1796874999999999,1,0.0028544243577545,0.4929774170597381,0.0,0.0,0.0,0.0,0.0,1.0,0.0,0.017307436,0.16646548,1.0
301,0.0028768314711982,0.016145164799511,0.166015625,1,0.0054369987766752,0.4921078289282985,0.0,0.0,0.0,0.0,0.0,1.0,0.0,0.014824247,0.16470306,1.0
302,0.0030775406436074,0.0149036421718174,0.1601562499999999,1,0.0182139459018621,0.4921078289282985,0.0,0.0,0.0,0.0,0.0,1.0,0.0,0.012819504,0.17140579,1.0
303,0.0052184384826386,0.0151499063582394,0.171875,1,0.0020388745412532,0.095237467829631,0.0,0.0,0.0,0.0,0.0,1.0,0.0,0.015516525,0.16823877,1.0
304,0.0014049642068642,0.0151974064942532,0.1679687499999999,1,0.0015631371482941,0.094833416778659,0.0,0.0,0.0,0.0,0.0,1.0,0.0,0.014904058,0.16786267,1.0
305,0.0059543721148056,0.0161668972035015,0.166015625,1,0.0048932988990077,0.1024489007176298,0.0,0.0,0.0,0.0,0.0,1.0,0.0,0.014718836,0.16542377,1.0
306,0.0023416070114404,0.0151275398912594,0.162109375,1,0.0003398124235422,0.0946094319569246,0.0,0.0,0.0,0.0,0.0,1.0,0.0,0.013727641,0.16827205,1.0
307,0.0117080350572021,0.0164693578468075,0.166015625,1,0.0088351230120973,0.09467530984567,0.0,0.0,0.0,0.0,0.0,1.0,0.0,0.01308999,0.17671387,1.0
308,0.0098347494480497,0.0150782047517591,0.185546875,1,0.0049612613837161,0.0959182060133336,0.0,0.0,0.0,0.0,0.0,1.0,0.0,0.018199539,0.16775449,1.0
309,0.0002007091724091,0.0150225688737432,0.1699218749999999,1,0.0012912872094603,0.09467530984567,0.0,0.0,0.0,0.0,0.0,1.0,0.0,0.014238333,0.17478116,1.0
310,0.0018063825516826,0.0148590289119979,0.1796874999999999,1,0.0004077749082506,0.0946797017049197,0.0,0.0,0.0,0.0,0.0,1.0,0.0,0.017220324,0.16698594,1.0
311,0.0035458620458954,0.0148823044825358,0.166015625,1,0.0040777490825064,0.094776322608413,0.0,0.0,0.0,0.0,0.0,1.0,0.0,0.013876921,0.17188793,1.0
312,0.0012711580919248,0.0149963014496949,0.173828125,1,0.0024466494495038,0.0953560480293727,0.0,0.0,0.0,0.0,0.0,1.0,0.0,0.016291326,0.16549297,1.0
313,0.0005352244597578,0.0149245683500198,0.162109375,1,0.0013592496941688,0.0951847655186346,0.0,0.0,0.0,0.0,0.0,1.0,0.0,0.012470311,0.17736678,1.0
314,0.0089650097009433,0.0163437881803154,0.18359375,1,0.0012233247247519,0.0997610828568166,0.0,0.0,0.0,0.0,0.0,1.0,0.0,0.016446685,0.17752577,1.0
315,0.0078276577239579,0.0155228844638995,0.189453125,1,0.0023107244800869,0.0950003074301474,0.0,0.0,0.0,0.0,0.0,1.0,0.0,0.019537603,0.1635415,1.0
316,0.0029437345286679,0.0149829651314506,0.162109375,1,0.000475737392959,0.095610775865855,0.0,0.0,0.0,0.0,0.0,1.0,0.0,0.012822514,0.17419869,1.0
317,0.0014049642068642,0.0153644296033486,0.1777343749999999,1,0.0142041593040641,0.49223080098729,0.0,0.0,0.0,0.0,0.0,1.0,0.0,0.019061064,0.15509503,1.0
318,0.0003345152873486,0.0228398348931048,0.142578125,1,0.0002718499388337,0.4921605312392949,0.0,0.0,0.0,0.0,0.0,1.0,0.0,0.009395247,0.16998462,1.0
319,0.0038803773332441,0.0165786077397301,0.1699218749999999,1,0.0009514747859181,0.4926041090235141,0.0,0.0,0.0,0.0,0.0,1.0,0.0,0.014803087,0.1701159,1.0
320,0.0028768314711982,0.0149006209246585,0.171875,1,0.0163109963300258,0.4926041090235141,0.0,0.0,0.0,0.0,0.0,1.0,0.0,0.0145250615,0.17638104,1.0
321,0.0053522445975781,0.0168226716016055,0.18359375,1,0.0034660867201304,0.4921297882245471,0.0,0.0,0.0,0.0,0.0,1.0,0.0,0.017709112,0.1688085,1.0
322,0.0067572088044423,0.0161085550102751,0.171875,1,6.796248470844094e-05,0.4926787706307589,0.0,0.0,0.0,0.0,0.0,1.0,0.0,0.015101021,0.17082362,1.0
323,0.0009366428045761,0.0151291040532701,0.173828125,1,0.0058447736849259,0.4923318137500329,0.0,0.0,0.0,0.0,0.0,1.0,0.0,0.01588515,0.16844778,1.0
324,0.0018732856091523,0.0150507825772331,0.1679687499999999,1,0.0117575098545602,0.4922527602835384,0.0,0.0,0.0,0.0,0.0,1.0,0.0,0.01523695,0.16491269,1.0
325,0.0066234026895029,0.0150471482625478,0.1601562499999999,1,0.0012233247247519,0.4924284346535263,0.0,0.0,0.0,0.0,0.0,1.0,0.0,0.013376301,0.16712211,1.0
326,0.005619856827457,0.0149932823020823,0.1640625,1,0.0047573739295908,0.0952901701406273,0.0,0.0,0.0,0.0,0.0,1.0,0.0,0.013230478,0.17381458,1.0
327,0.0020739947815615,0.0152688120647019,0.1777343749999999,1,0.0025146119342123,0.0952638189851291,0.0,0.0,0.0,0.0,0.0,1.0,0.0,0.01577369,0.17490591,1.0
328,0.000468321402288,0.0156544714301536,0.181640625,1,0.0062525485931765,0.0944776761794338,0.0,0.0,0.0,0.0,0.0,1.0,0.0,0.018031603,0.16376908,1.0
329,0.0107044891951562,0.0149861228491205,0.1601562499999999,1,0.0044175615060486,0.4922747195797869,0.0,0.0,0.0,0.0,0.0,1.0,0.0,0.0129955765,0.16975628,1.0
330,0.0016056733792734,0.0151449430307316,0.1699218749999999,1,0.006796248470844,0.0948026737639112,0.0,0.0,0.0,0.0,0.0,1.0,0.0,0.015219634,0.16771622,1.0
331,0.0037465712183046,0.0149994465700869,0.166015625,1,6.796248470844094e-05,0.0950178748671462,0.0,0.0,0.0,0.0,0.0,1.0,0.0,0.012770092,0.17974244,1.0
332,0.0129122900916571,0.0149256769104784,0.189453125,1,6.796248470844094e-05,0.492344989327782,0.0,0.0,0.0,0.0,0.0,1.0,0.0,0.017675495,0.17709054,1.0
333,0.004147989563123,0.0154816871659476,0.189453125,1,0.0083593856191382,0.4920463428988029,0.0,0.0,0.0,0.0,0.0,1.0,0.0,0.019131308,0.16681983,1.0
334,0.0008697397471064,0.0153263690276034,0.1679687499999999,1,0.0029223868424629,0.5116340351524414,0.0,0.0,0.0,0.0,0.0,1.0,0.0,0.012006825,0.18849684,1.0
335,0.0080283668963671,0.0163588860179249,0.20703125,1,0.0038058991436726,0.0950222667263959,0.0,0.0,0.0,0.0,0.0,1.0,0.0,0.022451079,0.1668253,1.0
336,0.0003345152873486,0.0148920421783823,0.171875,1,0.0027184993883376,0.0952857782813776,0.0,0.0,0.0,0.0,0.0,1.0,0.0,0.0147796925,0.1736583,1.0
337,0.0184652438616444,0.0148715002171571,0.1777343749999999,1,0.000475737392959,0.0949212539636529,0.0,0.0,0.0,0.0,0.0,1.0,0.0,0.016783362,0.16672637,1.0
338,0.0017394794942128,0.0151065129348335,0.1679687499999999,1,0.0019029495718363,0.0957952339543422,0.0,0.0,0.0,0.0,0.0,1.0,0.0,0.014552003,0.16984667,1.0
339,0.0040141834481835,0.015111948660264,0.1699218749999999,1,0.0005436998776675,0.0946269993939234,0.0,0.0,0.0,0.0,0.0,1.0,0.0,0.015514975,0.16554607,1.0
340,0.0260252893557235,0.0150964750038627,0.162109375,1,0.0019709120565447,0.1020053229334106,0.0,0.0,0.0,0.0,0.0,1.0,0.0,0.011452591,0.18309,1.0
341,0.0030775406436074,0.0157331519286118,0.19921875,1,0.0005436998776675,0.095193549237134,0.0,0.0,0.0,0.0,0.0,1.0,0.0,0.020438796,0.1709936,1.0
342,0.0018732856091523,0.0152753332555815,0.1777343749999999,1,0.0002718499388337,0.0948422004971584,0.0,0.0,0.0,0.0,0.0,1.0,0.0,0.01624698,0.17194799,1.0
343,0.0037465712183046,0.0164724987681069,0.17578125,1,0.0002038874541253,0.0946972691419185,0.0,0.0,0.0,0.0,0.0,1.0,0.0,0.016036725,0.16967618,1.0
344,0.0008028366896367,0.0152974099851689,0.171875,1,0.0035340492048389,0.0946313912531731,0.0,0.0,0.0,0.0,0.0,1.0,0.0,0.015422827,0.16954751,1.0
345,0.0076269485515488,0.0161018322629485,0.1699218749999999,1,0.0024466494495038,0.4928280938452485,0.0,0.0,0.0,0.0,0.0,1.0,0.0,0.014235264,0.17484693,1.0
346,0.0015387703218037,0.0162309564613656,0.181640625,1,0.0012233247247519,0.4919672894323083,0.0,0.0,0.0,0.0,0.0,1.0,0.0,0.01596958,0.17834307,1.0
347,0.0018732856091523,0.0150103075232163,0.189453125,1,0.0090390104662226,0.4920858696320501,0.0,0.0,0.0,0.0,0.0,1.0,0.0,0.018939978,0.16909324,1.0
348,0.0064895965745634,0.0165771821477768,0.171875,1,0.0083593856191382,0.4921605312392949,0.0,0.0,0.0,0.0,0.0,1.0,0.0,0.01465643,0.17465605,1.0
349,0.0117080350572021,0.0166085472702976,0.181640625,1,0.0105341851298083,0.0948817272304057,0.0,0.0,0.0,0.0,0.0,1.0,0.0,0.016623562,0.17343135,1.0
350,0.0050846323676992,0.0157183879188678,0.181640625,1,0.0048253364142993,0.0946489586901719,0.0,0.0,0.0,0.0,0.0,1.0,0.0,0.01667974,0.17324062,1.0
351,0.0028768314711982,0.0150165221803327,0.1796874999999999,1,0.0024466494495038,0.0949036865266542,0.0,0.0,0.0,0.0,0.0,1.0,0.0,0.015718197,0.17771739,1.0
352,0.0036127651033652,0.0149966289789213,0.1875,1,0.0014272121788772,0.0955053712438623,0.0,0.0,0.0,0.0,0.0,1.0,0.0,0.01895926,0.16614598,1.0
353,0.0196025958386298,0.0165558024675686,0.166015625,1,0.0003398124235422,0.0947060528604179,0.0,0.0,0.0,0.0,0.0,1.0,0.0,0.013697749,0.17207508,1.0
354,0.0017394794942128,0.0153021612584981,0.1777343749999999,1,0.0029903493271714,0.0947851063269124,0.0,0.0,0.0,0.0,0.0,1.0,0.0,0.01581568,0.17491798,1.0
355,0.0020739947815615,0.0162423276042515,0.181640625,1,0.0102623351909745,0.0946226075346737,0.0,0.0,0.0,0.0,0.0,1.0,0.0,0.016519612,0.17434527,1.0
356,0.0036796681608349,0.0149619591704879,0.181640625,1,0.0104662226450999,0.0948729435119063,0.0,0.0,0.0,0.0,0.0,1.0,0.0,0.017365819,0.16861738,1.0
357,0.0081621730113066,0.0150235640587004,0.1699218749999999,1,0.0002038874541253,0.1023610635326359,0.0,0.0,0.0,0.0,0.0,1.0,0.0,0.014713591,0.1711459,1.0
358,0.0012711580919248,0.0151432360995709,0.173828125,1,0.0025146119342123,0.0943371366834435,0.0,0.0,0.0,0.0,0.0,1.0,0.0,0.015971309,0.16840182,1.0
359,0.0018732856091523,0.0161839497187377,0.1679687499999999,1,0.0137963843958135,0.0943371366834435,0.0,0.0,0.0,0.0,0.0,1.0,0.0,0.014117515,0.17348498,1.0
360,0.0056867598849267,0.0167413351770485,0.1777343749999999,1,0.0014951746635857,0.0951320632076383,0.0,0.0,0.0,0.0,0.0,1.0,0.0,0.016290193,0.1702761,1.0
361,0.0095002341607011,0.015047578669544,0.173828125,1,0.0007475873317928,0.0944513250239356,0.0,0.0,0.0,0.0,0.0,1.0,0.0,0.015740192,0.16971062,1.0
362,0.0045494079079413,0.0162065219412574,0.171875,1,0.0046894114448824,0.0948509842156578,0.0,0.0,0.0,0.0,0.0,1.0,0.0,0.015635466,0.16703382,1.0
363,0.0092326219308222,0.0150667139347328,0.166015625,1,0.00740791083322,0.0946840935641694,0.0,0.0,0.0,0.0,0.0,1.0,0.0,0.013400888,0.175305,1.0
364,0.0032782498160165,0.0156229005520931,0.181640625,1,0.001087399755335,0.0964627965602958,0.0,0.0,0.0,0.0,0.0,1.0,0.0,0.017531728,0.1674857,1.0
365,0.0066234026895029,0.0154757013593804,0.1679687499999999,1,0.0070680984096778,0.094561121505178,0.0,0.0,0.0,0.0,0.0,1.0,0.0,0.014461046,0.17032404,1.0
366,0.0002676122298789,0.0154296268153199,0.171875,1,0.0186217208101128,0.094561121505178,0.0,0.0,0.0,0.0,0.0,1.0,0.0,0.016298836,0.16265889,1.0
367,0.0186659530340536,0.0149651084899726,0.15625,1,0.0045534864754655,0.0948290249194093,0.0,0.0,0.0,0.0,0.0,1.0,0.0,0.012634283,0.16644816,1.0
368,0.0029437345286679,0.0149725681780586,0.1640625,1,0.0125050971863531,0.103480987641308,0.0,0.0,0.0,0.0,0.0,1.0,0.0,0.013825661,0.17008455,1.0
369,0.0046163109654111,0.0160439687662838,0.1699218749999999,1,0.0124371347016446,0.0953296968738746,0.0,0.0,0.0,0.0,0.0,1.0,0.0,0.01517809,0.16820256,1.0
370,0.0030106375861376,0.0161456120028779,0.1679687499999999,1,0.0016310996330025,0.0944469331646859,0.0,0.0,0.0,0.0,0.0,1.0,0.0,0.014276003,0.17144485,1.0
371,0.0066903057469726,0.0150923200016893,0.173828125,1,0.0023107244800869,0.5174795998137852,0.0,0.0,0.0,0.0,0.0,1.0,0.0,0.014636731,0.17783369,1.0
372,0.0046832140228808,0.0163837236509272,0.1875,1,0.001087399755335,0.5176860171985208,0.0,0.0,0.0,0.0,0.0,1.0,0.0,0.01869238,0.16670373,1.0
373,0.0014049642068642,0.0148506916135488,0.1679687499999999,1,0.0019029495718363,0.0949432132599014,0.0,0.0,0.0,0.0,0.0,1.0,0.0,0.014298862,0.17191285,1.0
374,0.002676122298789,0.0154160700447117,0.173828125,1,0.0049612613837161,0.516921833689074,0.0,0.0,0.0,0.0,0.0,1.0,0.0,0.016861087,0.16131288,1.0
375,0.0072924332642001,0.0151080309068251,0.154296875,1,0.0078156857414707,0.5169262255483236,0.0,0.0,0.0,0.0,0.0,1.0,0.0,0.01095969,0.17640822,1.0
376,0.0014718672643339,0.0153189009413322,0.181640625,1,0.005708848715509,0.5183799309599726,0.0,0.0,0.0,0.0,0.0,1.0,0.0,0.018031752,0.16377334,1.0
377,0.0024085100689101,0.0148950613259949,0.1601562499999999,1,0.0021747995106701,0.4932014018814726,0.0,0.0,0.0,0.0,0.0,1.0,0.0,0.0132343825,0.16850056,1.0
378,0.0013380611493945,0.0152160420674171,0.166015625,1,0.0022427619953785,0.4917520883290733,0.0,0.0,0.0,0.0,0.0,1.0,0.0,0.012905901,0.17889874,1.0
379,0.0078276577239579,0.015081375066707,0.1875,1,0.0084273481038466,0.4952611838695794,0.0,0.0,0.0,0.0,0.0,1.0,0.0,0.017235463,0.1776368,1.0
380,0.0010704489195156,0.0153238810652106,0.189453125,1,0.016039146391192,0.4952611838695794,0.0,0.0,0.0,0.0,0.0,1.0,0.0,0.019201582,0.1671051,1.0
381,0.0024754131263798,0.0164689988243863,0.1679687499999999,1,0.000475737392959,0.4930345112299841,0.0,0.0,0.0,0.0,0.0,1.0,0.0,0.01696298,0.15745111,1.0
382,0.0068910149193818,0.0253157332928081,0.146484375,1,0.0056408862308005,0.0946621342679209,0.0,0.0,0.0,0.0,0.0,1.0,0.0,0.010916537,0.16256921,1.0
383,0.0058874690573359,0.0148568516824608,0.1582031249999999,1,0.0007475873317928,0.0950442260226444,0.0,0.0,0.0,0.0,0.0,1.0,0.0,0.012558168,0.17035434,1.0
384,0.0034789589884257,0.0149835383075968,0.1699218749999999,1,0.0026505369036291,0.0949871318523984,0.0,0.0,0.0,0.0,0.0,1.0,0.0,0.015213018,0.16856839,1.0
385,0.0014718672643339,0.0166161875193673,0.1679687499999999,1,0.0,0.0958655037023373,0.0,0.0,0.0,0.0,0.0,1.0,0.0,0.013430482,0.17737867,1.0
386,0.0096340402756405,0.0149768302570945,0.185546875,1,0.0048253364142993,0.0967702267077744,0.0,0.0,0.0,0.0,0.0,1.0,0.0,0.017745381,0.1717319,1.0
387,0.0008028366896367,0.0163283124243679,0.1777343749999999,1,0.0009514747859181,0.4919101952620623,0.0,0.0,0.0,0.0,0.0,1.0,0.0,0.015939867,0.17374231,1.0
388,0.0010035458620458,0.0161981489505208,0.1796874999999999,1,0.0055729237460921,0.4924372183720256,0.0,0.0,0.0,0.0,0.0,1.0,0.0,0.01608274,0.1755742,1.0
389,0.0011373519769853,0.016401261161364,0.18359375,1,0.0019029495718363,0.4920112080248053,0.0,0.0,0.0,0.0,0.0,1.0,0.0,0.017485445,0.17027101,1.0
390,0.0092995249882919,0.0152182633874269,0.173828125,1,0.0054369987766752,0.4922176254095409,0.0,0.0,0.0,0.0,0.0,1.0,0.0,0.014457947,0.17857842,1.0
391,0.0003345152873486,0.0156628990090945,0.189453125,1,0.0012233247247519,0.0950046992893971,0.0,0.0,0.0,0.0,0.0,1.0,0.0,0.017996078,0.17499597,1.0
392,0.0035458620458954,0.0151567319833358,0.18359375,1,0.0067282859861356,0.0947411877344154,0.0,0.0,0.0,0.0,0.0,1.0,0.0,0.018608844,0.16249149,1.0
393,0.0014718672643339,0.0152485010535722,0.1582031249999999,1,0.0043495990213402,0.0955273305401108,0.0,0.0,0.0,0.0,0.0,1.0,0.0,0.011397367,0.1794944,1.0
394,0.0088312035860038,0.0163746851040062,0.1875,1,0.0019029495718363,0.0951540225038868,0.0,0.0,0.0,0.0,0.0,1.0,0.0,0.018715655,0.16635744,1.0
395,0.0006690305746972,0.0148768435625494,0.1679687499999999,1,0.0059806986543428,0.0946401749716725,0.0,0.0,0.0,0.0,0.0,1.0,0.0,0.014254427,0.17197464,1.0
396,0.0006021275172275,0.0148737194376206,0.173828125,1,0.0060486611390512,0.0943371366834435,0.0,0.0,0.0,0.0,0.0,1.0,0.0,0.01597703,0.16852687,1.0
397,0.0051515354251689,0.0162880473249834,0.1679687499999999,1,0.0135924969416881,0.0950837527558916,0.0,0.0,0.0,0.0,0.0,1.0,0.0,0.013453728,0.17715465,1.0
398,0.0001338061149394,0.0150112145272279,0.185546875,1,0.0023786869647954,0.0948861190896554,0.0,0.0,0.0,0.0,0.0,1.0,0.0,0.01754061,0.17351143,1.0
399,0.0001338061149394,0.0160862578283238,0.1796874999999999,1,0.0018349870871279,0.4918882359658138,0.0,0.0,0.0,0.0,0.0,1.0,0.0,0.016525155,0.1717434,1.0
400,0.0037465712183046,0.0149978656117056,0.17578125,1,6.796248470844094e-05,0.0945918645199258,0.0,0.0,0.0,0.0,0.0,1.0,0.0,0.017587995,0.15919168,1.0
401,0.0068910149193818,0.0156754668933846,0.150390625,1,0.0054369987766752,0.4955730058763077,0.0,0.0,0.0,0.0,0.0,1.0,0.0,0.010229832,0.17659685,1.0
402,0.0011373519769853,0.016363026323274,0.181640625,1,0.0029903493271714,0.4916818185810782,0.0,0.0,0.0,0.0,0.0,1.0,0.0,0.017111218,0.17043434,1.0
403,0.0001338061149394,0.0155788226765859,0.173828125,1,0.002786461873046,0.4930476868077332,0.0,0.0,0.0,0.0,0.0,1.0,0.0,0.015930986,0.16838928,1.0
404,0.0008028366896367,0.0157537316816709,0.1679687499999999,1,0.001087399755335,0.4923054625945348,0.0,0.0,0.0,0.0,0.0,1.0,0.0,0.0147101935,0.16876437,1.0
405,0.0083628821837157,0.0154959094927403,0.1679687499999999,1,0.0005436998776675,0.0947236202974167,0.0,0.0,0.0,0.0,0.0,1.0,0.0,0.014587557,0.16918841,1.0
406,0.0062219843446845,0.0151602529225196,0.1699218749999999,1,0.0048253364142993,0.0953560480293727,0.0,0.0,0.0,0.0,0.0,1.0,0.0,0.014711594,0.17127179,1.0
407,0.0045494079079413,0.0152593032194046,0.173828125,1,0.0016310996330025,0.0946357831124228,0.0,0.0,0.0,0.0,0.0,1.0,0.0,0.015712028,0.17007153,1.0
408,0.0008028366896367,0.0161843465329928,0.171875,1,0.0033301617507136,0.0956590863176017,0.0,0.0,0.0,0.0,0.0,1.0,0.0,0.016024863,0.16439219,1.0
409,0.0016056733792734,0.0150027554550921,0.1601562499999999,1,0.002786461873046,0.09482024120091,0.0,0.0,0.0,0.0,0.0,1.0,0.0,0.012509977,0.17444777,1.0
410,0.0102361677928681,0.016648207700341,0.1777343749999999,1,0.0,0.0945303784904301,0.0,0.0,0.0,0.0,0.0,1.0,0.0,0.01724196,0.1639756,1.0
411,0.0032782498160165,0.016405575729058,0.162109375,1,0.0030583118118798,0.0949432132599014,0.0,0.0,0.0,0.0,0.0,1.0,0.0,0.012949472,0.1728133,1.0
412,0.0079614638388974,0.0152975128629387,0.17578125,1,0.0013592496941688,0.095079360896642,0.0,0.0,0.0,0.0,0.0,1.0,0.0,0.01618529,0.16864349,1.0
413,0.0,0.0150694790372403,0.1699218749999999,1,0.0096506728285986,0.095079360896642,0.0,0.0,0.0,0.0,0.0,1.0,0.0,0.015300995,0.16785578,1.0
414,0.0021408978390312,0.0161945209344745,0.166015625,1,0.0100584477368492,0.1088785826591829,0.0,0.0,0.0,0.0,0.0,1.0,0.0,0.014966821,0.16376287,1.0
415,0.0042148926205927,0.0150239419770385,0.1582031249999999,1,0.0008835123012097,0.0961070559610705,0.0,0.0,0.0,0.0,0.0,1.0,0.0,0.011282926,0.1803088,1.0
416,0.0067572088044423,0.0164815793059543,0.189453125,1,0.0021068370259616,0.1219575395047739,0.0,0.0,0.0,0.0,0.0,1.0,0.0,0.018998599,0.1673284,1.0
417,0.0016725764367431,0.0152852263178559,0.1699218749999999,1,0.0004077749082506,0.0962212443015626,0.0,0.0,0.0,0.0,0.0,1.0,0.0,0.013702041,0.1795028,1.0
418,0.0024085100689101,0.0168197931235965,0.189453125,1,0.0019029495718363,0.0949036865266542,0.0,0.0,0.0,0.0,0.0,1.0,0.0,0.019386327,0.1656075,1.0
419,0.0040141834481835,0.0171118967048907,0.166015625,1,0.0049612613837161,0.0946445668309222,0.0,0.0,0.0,0.0,0.0,1.0,0.0,0.017945265,0.15032952,1.0
420,0.0140496420686425,0.0308760143089372,0.1328125,1,0.0068642109555525,0.0951803736593849,0.0,0.0,0.0,0.0,0.0,1.0,0.0,0.0060650166,0.17643641,1.0
421,0.0107044891951562,0.0150892420667797,0.1875,1,0.0039418241130895,0.0943942308536896,0.0,0.0,0.0,0.0,0.0,1.0,0.0,0.01871336,0.1675026,1.0
422,0.0030775406436074,0.0164714699904086,0.1699218749999999,1,0.0029903493271714,0.0944864598979332,0.0,0.0,0.0,0.0,0.0,1.0,0.0,0.014667099,0.17119797,1.0
423,0.0001338061149394,0.0149720285946535,0.173828125,1,0.0052331113225499,0.0959884757613288,0.0,0.0,0.0,0.0,0.0,1.0,0.0,0.015878713,0.16855662,1.0
424,0.0052184384826386,0.0150092241573136,0.1679687499999999,1,0.0031262742965882,0.0952330759703813,0.0,0.0,0.0,0.0,0.0,1.0,0.0,0.014806574,0.16857578,1.0
425,0.0010704489195156,0.0164306884026286,0.1679687499999999,1,0.009718635313307,0.0952330759703813,0.0,0.0,0.0,0.0,0.0,1.0,0.0,0.013901984,0.17448787,1.0
426,0.0104368769652773,0.0157716849022797,0.1796874999999999,1,0.0042816365366317,0.0947543633121645,0.0,0.0,0.0,0.0,0.0,1.0,0.0,0.01678512,0.16996112,1.0
427,0.0059543721148056,0.0159063162107023,0.173828125,1,0.0048253364142993,0.0949959155708978,0.0,0.0,0.0,0.0,0.0,1.0,0.0,0.014390087,0.178688,1.0
428,0.000468321402288,0.0150342234553828,0.189453125,1,0.002786461873046,0.0947060528604179,0.0,0.0,0.0,0.0,0.0,1.0,0.0,0.019503182,0.16428666,1.0
429,0.0050177293102294,0.0149930429538015,0.162109375,1,0.0026505369036291,0.0946840935641694,0.0,0.0,0.0,0.0,0.0,1.0,0.0,0.014005011,0.16610922,1.0
430,0.0034789589884257,0.0163000525308589,0.162109375,1,0.0,0.0948465923564081,0.0,0.0,0.0,0.0,0.0,1.0,0.0,0.01222921,0.17873214,1.0
431,0.0018063825516826,0.0167008580234854,0.1875,1,0.0,0.0948553760749075,0.0,0.0,0.0,0.0,0.0,1.0,0.0,0.018883502,0.16586341,1.0
432,0.0008028366896367,0.0157862914460495,0.166015625,1,0.003398124235422,0.1085667606524546,0.0,0.0,0.0,0.0,0.0,1.0,0.0,0.014109438,0.17087628,1.0
433,0.001940188666622,0.0165186761899372,0.171875,1,0.0025825744189207,0.0950003074301474,0.0,0.0,0.0,0.0,0.0,1.0,0.0,0.014370358,0.17606196,1.0
434,0.0039472803907138,0.0149290256868637,0.18359375,1,0.006320511077885,0.0948465923564081,0.0,0.0,0.0,0.0,0.0,1.0,0.0,0.016253209,0.17930947,1.0
435,0.0057536629423964,0.0150212125668185,0.19140625,1,0.0048932988990077,0.0952023329556334,0.0,0.0,0.0,0.0,0.0,1.0,0.0,0.01993165,0.16368835,1.0
436,0.0003345152873486,0.0149915123845319,0.162109375,1,0.0035340492048389,0.09482024120091,0.0,0.0,0.0,0.0,0.0,1.0,0.0,0.013268685,0.17144498,1.0
437,0.0090988158158827,0.0159847426640555,0.171875,1,0.0031942367812967,0.0946665261271706,0.0,0.0,0.0,0.0,0.0,1.0,0.0,0.015265768,0.16966918,1.0
438,0.0086304944135947,0.0153222413195322,0.171875,1,0.0042816365366317,0.0944645006016847,0.0,0.0,0.0,0.0,0.0,1.0,0.0,0.014696782,0.17383477,1.0
439,0.0030106375861376,0.0150657838357116,0.1796874999999999,1,0.0098545602827239,0.0949168621044032,0.0,0.0,0.0,0.0,0.0,1.0,0.0,0.017384863,0.16583969,1.0
440,0.0037465712183046,0.0151726549426502,0.1640625,1,0.0023107244800869,0.0947587551714142,0.0,0.0,0.0,0.0,0.0,1.0,0.0,0.014176732,0.1670131,1.0
441,0.0071586271492607,0.0151680674339342,0.1640625,1,0.0014272121788772,0.0947104447196676,0.0,0.0,0.0,0.0,0.0,1.0,0.0,0.014018273,0.1686863,1.0
442,0.0046832140228808,0.0165030870584882,0.1679687499999999,1,0.0006116623623759,0.095092536474391,0.0,0.0,0.0,0.0,0.0,1.0,0.0,0.01454193,0.16923876,1.0
443,0.0023416070114404,0.0148730937728163,0.1699218749999999,1,0.0020388745412532,0.0944645006016847,0.0,0.0,0.0,0.0,0.0,1.0,0.0,0.014487749,0.17363597,1.0
444,0.0035458620458954,0.0161978487153966,0.1777343749999999,1,0.0019029495718363,0.0948290249194093,0.0,0.0,0.0,0.0,0.0,1.0,0.0,0.016238486,0.17156929,1.0
445,0.0044825048504716,0.0163099350954018,0.17578125,1,0.0014272121788772,0.0943854471351902,0.0,0.0,0.0,0.0,0.0,1.0,0.0,0.015358066,0.17459391,1.0
446,6.690305746972637e-05,0.0153713098166494,0.181640625,1,0.0015631371482941,0.0952726027036285,0.0,0.0,0.0,0.0,0.0,1.0,0.0,0.017194992,0.16980386,1.0
447,0.0100354586204589,0.0148583423603502,0.171875,1,0.0027184993883376,0.0945874726606761,0.0,0.0,0.0,0.0,0.0,1.0,0.0,0.014693087,0.17383982,1.0
448,0.0016725764367431,0.0148870011676605,0.1796874999999999,1,0.0036699741742558,0.0948992946674045,0.0,0.0,0.0,0.0,0.0,1.0,0.0,0.017089045,0.1679763,1.0
449,0.0025423161838496,0.0149799102915504,0.1679687499999999,1,0.0019709120565447,0.0948509842156578,0.0,0.0,0.0,0.0,0.0,1.0,0.0,0.015260762,0.16487159,1.0
450,0.0018063825516826,0.0153155353685762,0.1601562499999999,1,0.0061845861084681,0.0949871318523984,0.0,0.0,0.0,0.0,0.0,1.0,0.0,0.011576777,0.18029292,1.0
451,0.0005352244597578,0.0152271108756325,0.189453125,1,0.0185537583254043,0.0946577424086713,0.0,0.0,0.0,0.0,0.0,1.0,0.0,0.017161405,0.18102027,1.0
452,0.0006021275172275,0.0150029696088171,0.1953125,1,0.0105341851298083,0.0943371366834435,0.0,0.0,0.0,0.0,0.0,1.0,0.0,0.020296043,0.16773717,1.0
453,0.0008697397471064,0.0168541500996277,0.1699218749999999,1,0.0053690362919668,0.0951408469261377,0.0,0.0,0.0,0.0,0.0,1.0,0.0,0.014507091,0.17323735,1.0
454,0.0014718672643339,0.0167002050645789,0.1777343749999999,1,0.0006796248470844,0.0942712587946981,0.0,0.0,0.0,0.0,0.0,1.0,0.0,0.016423201,0.16965038,1.0
455,0.0062888874021542,0.0152714931853565,0.171875,1,0.0148837841511485,0.0958303688283398,0.0,0.0,0.0,0.0,0.0,0.0,1.0,0.0151466485,0.17143552,1.0
456,0.0003345152873486,0.0150006811033249,0.173828125,1,0.0048932988990077,0.0946313912531731,0.0,0.0,0.0,0.0,0.0,0.0,1.0,0.014941817,0.17073397,1.0
457,0.0008697397471064,0.0148871124436157,0.1699218749999999,1,0.0031262742965882,0.0950222667263959,0.0,0.0,0.0,0.0,0.0,0.0,1.0,0.014377123,0.16804682,1.0
458,0.006088178229745,0.0149711236901883,0.162109375,1,0.0096506728285986,0.0946489586901719,0.0,0.0,0.0,0.0,0.0,0.0,1.0,0.013206279,0.17187122,1.0
459,0.011239713654914,0.0154780402539843,0.17578125,1,0.0125730596710615,0.0946797017049197,0.0,0.0,0.0,0.0,0.0,0.0,1.0,0.016443765,0.17111047,1.0
460,0.0,0.0149019310415641,0.173828125,1,0.0241946445562049,0.0946797017049197,0.0,0.0,0.0,0.0,0.0,0.0,1.0,0.015111988,0.16940638,1.0
461,0.0028768314711982,0.0169305714862423,0.166015625,1,0.0014272121788772,0.095035442304145,0.0,0.0,0.0,0.0,0.0,0.0,1.0,0.013718551,0.16997258,1.0
462,0.0110390044825048,0.0149033566335175,0.1699218749999999,1,0.0060486611390512,0.0950617934596432,0.0,0.0,0.0,0.0,0.0,0.0,1.0,0.015476173,0.16908891,1.0
463,0.013447514551415,0.0164699667152412,0.1679687499999999,1,0.0116895473698518,0.0950486178818941,0.0,0.0,0.0,0.0,0.0,0.0,1.0,0.015071338,0.17246507,1.0
464,0.001204255034455,0.014996074698692,0.1796874999999999,1,0.0063884735625934,0.4935615343399475,0.0,0.0,0.0,0.0,0.0,0.0,1.0,0.016500866,0.16505319,1.0
465,0.0001338061149394,0.0149889824312126,0.15234375,1,0.0004077749082506,0.0949519969784008,0.0,0.0,0.0,0.0,0.0,0.0,1.0,0.01081649,0.16827363,1.0
466,0.0127784839767177,0.0148732134469567,0.1640625,1,0.0021068370259616,0.492547014853268,0.0,0.0,0.0,0.0,0.0,0.0,1.0,0.014381086,0.17136243,1.0
467,0.0014049642068642,0.0165068179523043,0.17578125,1,0.0006116623623759,0.4921824905355433,0.0,0.0,0.0,0.0,0.0,0.0,1.0,0.015526837,0.17099729,1.0
468,0.0071586271492607,0.0163285727681119,0.171875,1,0.0053010738072583,0.4919101952620623,0.0,0.0,0.0,0.0,0.0,0.0,1.0,0.015328949,0.16988982,1.0
469,0.0036796681608349,0.0150393421493185,0.1699218749999999,1,0.0032621992660051,0.4931662670074749,0.0,0.0,0.0,0.0,0.0,0.0,1.0,0.014639324,0.17029342,1.0
470,0.001204255034455,0.0163539499845193,0.1699218749999999,1,0.0015631371482941,0.4930608623854823,0.0,0.0,0.0,0.0,0.0,0.0,1.0,0.014236337,0.17158525,1.0
471,0.0067572088044423,0.0150828468486795,0.173828125,1,0.0014951746635857,0.4920331673210537,0.0,0.0,0.0,0.0,0.0,0.0,1.0,0.019142633,0.15615553,1.0
472,0.0022078008965009,0.0568022641793086,0.1328125,1,0.0078836482261791,0.4917828313438211,0.0,0.0,0.0,0.0,0.0,0.0,1.0,0.008000379,0.15980916,1.0
473,0.0020739947815615,0.016825846115646,0.1640625,1,0.0007475873317928,0.4915588465220866,0.0,0.0,0.0,0.0,0.0,0.0,1.0,0.013078636,0.17320253,1.0
474,0.0003345152873486,0.0149591415793223,0.1796874999999999,1,0.0038738616283811,0.4940226795611655,0.0,0.0,0.0,0.0,0.0,0.0,1.0,0.016268646,0.16768874,1.0
475,0.0032113467585468,0.0149989615748863,0.1601562499999999,1,0.0019029495718363,0.0952813864221279,0.0,0.0,0.0,0.0,0.0,0.0,1.0,0.012585586,0.17199537,1.0
476,0.0022078008965009,0.0165481685171378,0.17578125,1,0.0106021476145167,0.0948905109489051,0.0,0.0,0.0,0.0,0.0,0.0,1.0,0.014999902,0.18059047,1.0
477,0.0010704489195156,0.0149145388172343,0.201171875,1,0.0041457115672148,0.0951013201928904,0.0,0.0,0.0,0.0,0.0,0.0,1.0,0.022810703,0.15744145,1.0
478,0.0006021275172275,0.0405872831659154,0.130859375,1,0.0006116623623759,0.0945567296459283,0.0,0.0,0.0,0.0,0.0,0.0,1.0,0.0066636857,0.1718634,1.0
479,0.0017394794942128,0.0161724924944525,0.19140625,1,0.0017670246024194,0.0947719307491633,0.0,0.0,0.0,0.0,0.0,0.0,1.0,0.018575316,0.17208348,1.0
480,0.0042817956780624,0.0162264046449371,0.173828125,1,0.0006116623623759,0.0951320632076383,0.0,0.0,0.0,0.0,0.0,0.0,1.0,0.015568888,0.16884045,1.0
481,0.0,0.0165305365271164,0.166015625,1,0.0007475873317928,0.0945874726606761,0.0,0.0,0.0,0.0,0.0,0.0,1.0,0.013302093,0.17219165,1.0
482,0.0002007091724091,0.0149744493715641,0.17578125,1,0.0060486611390512,0.0948378086379087,0.0,0.0,0.0,0.0,0.0,0.0,1.0,0.015272891,0.17144157,1.0
483,0.0036796681608349,0.0148588441519214,0.171875,1,0.0015631371482941,0.0946357831124228,0.0,0.0,0.0,0.0,0.0,0.0,1.0,0.013962662,0.18835768,1.0
484,0.0006021275172275,0.0150506041157956,0.224609375,1,0.0014951746635857,0.095035442304145,0.0,0.0,0.0,0.0,0.0,0.0,1.0,0.02475739,0.1764479,1.0
485,0.0042148926205927,0.0161519652300516,0.18359375,1,0.0,0.0947851063269124,0.0,0.0,0.0,0.0,0.0,0.0,1.0,0.017393893,0.1691657,1.0
486,0.0010704489195156,0.0153753493437751,0.166015625,1,0.0021068370259616,0.0949871318523984,0.0,0.0,0.0,0.0,0.0,0.0,1.0,0.013483917,0.17226376,1.0
487,0.0008697397471064,0.0162087432612672,0.17578125,1,0.0095827103438901,0.0943854471351902,0.0,0.0,0.0,0.0,0.0,0.0,1.0,0.01552481,0.16982032,1.0
488,0.0026092192413193,0.0162018294552252,0.1679687499999999,1,0.0004077749082506,0.0958084095320913,0.0,0.0,0.0,0.0,0.0,0.0,1.0,0.014010256,0.17144659,1.0
489,0.0011373519769853,0.0151784244959461,0.173828125,1,0.0013592496941688,0.5023540365578364,0.0,0.0,0.0,0.0,0.0,0.0,1.0,0.015121227,0.1705778,1.0
490,0.0011373519769853,0.0162089910077333,0.1699218749999999,1,0.0084953105885551,0.5021124842991033,0.0,0.0,0.0,0.0,0.0,0.0,1.0,0.014400607,0.16903354,1.0
491,0.0007359336321669,0.0156043573589674,0.166015625,1,0.0044175615060486,0.5019455936476148,0.0,0.0,0.0,0.0,0.0,0.0,1.0,0.013685977,0.16653837,1.0
492,0.0060212751722753,0.0150861557336847,0.1582031249999999,1,0.0008835123012097,0.4988844677505776,0.0,0.0,0.0,0.0,0.0,0.0,1.0,0.012535637,0.17107041,1.0
493,0.0031444437010771,0.0164362710963018,0.173828125,1,0.0063884735625934,0.501137491545671,0.0,0.0,0.0,0.0,0.0,0.0,1.0,0.014887964,0.17728703,1.0
494,0.0068910149193818,0.0148859870867865,0.19140625,1,0.0109419600380589,0.5015020158633956,0.0,0.0,0.0,0.0,0.0,0.0,1.0,0.01871801,0.17772767,1.0
495,0.0021408978390312,0.0149918693074068,0.19140625,1,0.0008835123012097,0.5020817412843553,0.0,0.0,0.0,0.0,0.0,0.0,1.0,0.018350786,0.17675464,1.0
496,0.0034789589884257,0.0161121704290435,0.1875,1,0.0016310996330025,0.5023847795725843,0.0,0.0,0.0,0.0,0.0,0.0,1.0,0.017834997,0.17443146,1.0
497,0.0058874690573359,0.0158625385703193,0.181640625,1,0.0029903493271714,0.5027405201718096,0.0,0.0,0.0,0.0,0.0,0.0,1.0,0.016896283,0.17416589,1.0
498,0.0049508262527597,0.0151518358413103,0.181640625,1,0.0030583118118798,0.5024462656020799,0.0,0.0,0.0,0.0,0.0,0.0,1.0,0.016910588,0.17181867,1.0
499,0.0005352244597578,0.0149818838650942,0.173828125,1,0.0013592496941688,0.5035003118220068,0.0,0.0,0.0,0.0,0.0,0.0,1.0,0.01509208,0.17001882,1.0
500,0.0009366428045761,0.0162749482554736,0.1679687499999999,1,6.796248470844094e-05,0.5033685560445159,0.0,0.0,0.0,0.0,0.0,0.0,1.0,0.01388756,0.1702937,1.0
501,0.0056867598849267,0.0150035007940368,0.1699218749999999,1,0.0004077749082506,0.5026395074090666,0.0,0.0,0.0,0.0,0.0,0.0,1.0,0.014428323,0.17659564,1.0
502,0.0010704489195156,0.0151467465410231,0.189453125,1,0.0080875356803044,0.501339517071157,0.0,0.0,0.0,0.0,0.0,0.0,1.0,0.018084561,0.17167096,1.0
503,0.0028768314711982,0.0154232441944977,0.171875,1,0.0087671605273888,0.5015020158633956,0.0,0.0,0.0,0.0,0.0,0.0,1.0,0.014984524,0.16969112,1.0
504,0.0078276577239579,0.0164891250754395,0.1679687499999999,1,0.0031942367812967,0.5029249782602968,0.0,0.0,0.0,0.0,0.0,0.0,1.0,0.014948195,0.16579773,1.0
505,0.0078945607814277,0.0165353108954551,0.1582031249999999,1,0.0084953105885551,0.0941702460319551,0.0,0.0,0.0,0.0,0.0,0.0,1.0,0.012232518,0.18087913,1.0
506,0.0099016525055195,0.0167967611004321,0.205078125,1,0.0056408862308005,0.0945479459274289,0.0,0.0,0.0,0.0,0.0,0.0,1.0,0.02150095,0.18197751,1.0
507,0.0018063825516826,0.0148840764996325,0.205078125,1,0.0005436998776675,0.0946709179864203,0.0,0.0,0.0,0.0,0.0,0.0,1.0,0.021162575,0.1727222,1.0
508,0.001940188666622,0.0150983163059881,0.173828125,1,0.0035340492048389,0.0955976002881059,0.0,0.0,0.0,0.0,0.0,0.0,1.0,0.014886355,0.17506142,1.0
509,0.0088312035860038,0.0150517777621902,0.18359375,1,0.0026505369036291,0.0950969283336407,0.0,0.0,0.0,0.0,0.0,0.0,1.0,0.017815923,0.16965915,1.0
510,0.000468321402288,0.0149945546271541,0.1679687499999999,1,0.0097865977980154,0.0950486178818941,0.0,0.0,0.0,0.0,0.0,0.0,1.0,0.013826733,0.17179447,1.0
511,0.0098347494480497,0.0161638318658697,0.173828125,1,0.0014951746635857,0.0947060528604179,0.0,0.0,0.0,0.0,0.0,0.0,1.0,0.015935576,0.1716516,1.0
512,0.0030106375861376,0.0156394554748507,0.17578125,1,0.0024466494495038,0.1032262598048258,0.0,0.0,0.0,0.0,0.0,0.0,1.0,0.01585514,0.16844966,1.0
513,0.0072255302067304,0.0167663071810155,0.1640625,1,0.005708848715509,0.0948817272304057,0.0,0.0,0.0,0.0,0.0,0.0,1.0,0.013742154,0.17088221,1.0
514,0.0183983408041747,0.0150063519779436,0.173828125,1,0.0084273481038466,0.4932101855999719,0.0,0.0,0.0,0.0,0.0,0.0,1.0,0.016879505,0.16992743,1.0
515,0.0,0.0151390852964901,0.171875,1,0.0163109963300258,0.4932189693184713,0.0,0.0,0.0,0.0,0.0,0.0,1.0,0.014332509,0.17574903,1.0
516,0.0016056733792734,0.01611781400956,0.185546875,1,6.796248470844094e-05,0.4922571521427882,0.0,0.0,0.0,0.0,0.0,0.0,1.0,0.017278468,0.17327525,1.0
517,0.003412055930956,0.015265660645671,0.1777343749999999,1,0.0053690362919668,0.4938118703171801,0.0,0.0,0.0,0.0,0.0,0.0,1.0,0.016195005,0.1698249,1.0
518,0.0076938516090185,0.0166040458429808,0.1679687499999999,1,0.003398124235422,0.4926128927420135,0.0,0.0,0.0,0.0,0.0,0.0,1.0,0.014634972,0.17030638,1.0
519,0.0039472803907138,0.0156736675821857,0.171875,1,0.0059806986543428,0.0947104447196676,0.0,0.0,0.0,0.0,0.0,0.0,1.0,0.015000736,0.16962883,1.0
520,0.0056867598849267,0.0149644891238073,0.1679687499999999,1,0.0021068370259616,0.118791008985744,0.0,0.0,0.0,0.0,0.0,0.0,1.0,,,
