Unnamed: 0,time_since_last_recording_server_1_tactic_1,latency,cost,reliability,time_since_last_ping_server_1_tactic_1,ping_time_server_1_tactic_1,day1_server_1_tactic_1,day2_server_1_tactic_1,day3_server_1_tactic_1,day4_server_1_tactic_1,day5_server_1_tactic_1,day6_server_1_tactic_1,day7_server_1_tactic_1,predicted_latency,predicted_cost,predicted_reliability,timestamp
0,0.0052184384826386,0.0163601247502555,0.1679687499999999,1,0.0024466494495038,0.0952199003926322,0.0,0.0,0.0,0.0,1.0,0.0,0.0,0.015982399999999997,0.18852097,1.0,2020-04-17 05:33:51.000157
1,0.0030775406436074,0.0160591505857462,0.1796874999999999,1,0.0089710479815142,0.0946445668309222,0.0,0.0,0.0,0.0,1.0,0.0,0.0,0.015838953,0.1892796,1.0,2020-04-17 05:36:52.000180
2,0.0064895965745634,0.0148790123939011,0.189453125,1,0.0013592496941688,0.0951496306446371,0.0,0.0,0.0,0.0,1.0,0.0,0.0,0.016035963,0.1882825,1.0,2020-04-17 05:41:33.000029
3,0.0020070917240917,0.0148935013630769,0.1699218749999999,1,0.0057768112002174,0.0947411877344154,0.0,0.0,0.0,0.0,1.0,0.0,0.0,0.015926621999999998,0.1887896,1.0,2020-04-17 05:49:51.000582
4,0.0143172542985214,0.0149850961709685,0.18359375,1,0.003398124235422,0.0970556975590046,0.0,0.0,0.0,0.0,1.0,0.0,0.0,0.015968416000000003,0.1886414,1.0,2020-04-17 05:55:33.000253
5,0.0074931424366093,0.0156268455996342,0.1777343749999999,1,0.0090390104662226,0.0949036865266542,0.0,0.0,0.0,0.0,1.0,0.0,0.0,0.01606964,0.18809377,1.0,2020-04-17 06:01:14.000184
6,0.0010704489195156,0.0159655885029498,0.1699218749999999,1,0.0014272121788772,0.0946928772826688,0.0,0.0,0.0,0.0,1.0,0.0,0.0,0.015882883,0.18902126,1.0,2020-04-17 06:05:03.000728
7,0.0043486987355322,0.0149618185008843,0.1875,1,0.0073399483485116,0.0946884854234191,0.0,0.0,0.0,0.0,1.0,0.0,0.0,0.015865713,0.18916002,1.0,2020-04-17 06:10:14.000914
8,0.000468321402288,0.0151234163822808,0.185546875,1,0.0043495990213402,0.0948378086379087,0.0,0.0,0.0,0.0,1.0,0.0,0.0,0.015868188999999998,0.18913361,1.0,2020-04-17 06:17:14.000839
9,0.0053522445975781,0.014997101376844,0.185546875,1,0.0036699741742558,0.0955053712438623,0.0,0.0,0.0,0.0,1.0,0.0,0.0,0.015938189,0.18878469,1.0,2020-04-17 06:20:36.000364
10,0.0,0.0155437602529901,0.1796874999999999,1,0.0016310996330025,0.094561121505178,0.0,0.0,0.0,0.0,1.0,0.0,0.0,0.01597753,0.18856852,1.0,2020-04-17 06:22:46.000558
11,0.0008028366896367,0.0166769147972167,0.1777343749999999,1,0.0026505369036291,0.4923098544537845,0.0,0.0,0.0,0.0,1.0,0.0,0.0,0.015887216000000003,0.18902391,1.0,2020-04-17 06:33:24.000794
12,0.006088178229745,0.0150017161796622,0.185546875,1,0.0065923610167187,0.4914139151668467,0.0,0.0,0.0,0.0,1.0,0.0,0.0,0.016045632,0.18822289,1.0,2020-04-17 06:37:57.000592
13,0.0101692647353984,0.0150048382050446,0.1699218749999999,1,0.0011553622400434,0.4923142463130342,0.0,0.0,0.0,0.0,1.0,0.0,0.0,0.015935106,0.18877402,1.0,2020-04-17 06:44:04.000174
14,0.0018063825516826,0.0160760687300177,0.18359375,1,0.0046894114448824,0.4924284346535263,0.0,0.0,0.0,0.0,1.0,0.0,0.0,0.016114678,0.18785554,1.0,2020-04-17 06:49:18.000218
15,0.0044825048504716,0.0148571771121409,0.1640625,1,0.0002718499388337,0.4917784394845714,0.0,0.0,0.0,0.0,1.0,0.0,0.0,0.016015206,0.18833508,1.0,2020-04-17 06:55:25.000649
16,0.013915835953703002,0.0166046946027947,0.1777343749999999,1,0.0006796248470844,0.4918838441065641,0.0,0.0,0.0,0.0,1.0,0.0,0.0,0.015980702,0.18856646,1.0,2020-04-17 07:03:16.000741
17,0.0066903057469726,0.0151779541975697,0.1777343749999999,1,0.0057768112002174,0.4918179662178186,0.0,0.0,0.0,0.0,1.0,0.0,0.0,0.016043535,0.18821752,1.0,2020-04-17 07:07:37.000188
18,0.0042148926205927,0.0152451816708354,0.171875,1,0.0066603235014272,0.4921561393800452,0.0,0.0,0.0,0.0,1.0,0.0,0.0,0.016122399,0.18778685,1.0,2020-04-17 07:09:18.000424
19,0.0132468053790058,0.0151359989633951,0.166015625,1,0.0031942367812967,0.4922351928465397,0.0,0.0,0.0,0.0,1.0,0.0,0.0,0.01605055,0.18816042,1.0,2020-04-17 07:14:09.000593
20,0.0017394794942128,0.0150139124442531,0.173828125,1,0.0036699741742558,0.4918355336548175,0.0,0.0,0.0,0.0,1.0,0.0,0.0,0.015679194,0.1900898,1.0,2020-04-17 07:21:40.000098
21,0.0040141834481835,0.015287065520435,0.205078125,1,0.0060486611390512,0.4923274218907833,0.0,0.0,0.0,0.0,1.0,0.0,0.0,0.015760943,0.18975332,1.0,2020-04-17 07:29:37.000058
22,0.0024754131263798,0.0151944902244104,0.19140625,1,0.0113497349463096,0.4920902614912998,0.0,0.0,0.0,0.0,1.0,0.0,0.0,0.015790163,0.18955907,1.0,2020-04-17 07:33:19.000236
23,0.0005352244597578,0.0149660364894474,0.19140625,1,0.0002718499388337,0.4921605312392949,0.0,0.0,0.0,0.0,1.0,0.0,0.0,0.015919495,0.18888062,1.0,2020-04-17 07:36:49.000073
24,0.0020070917240917,0.0148705617199507,0.1796874999999999,1,0.0044855239907571,0.4924855288237723,0.0,0.0,0.0,0.0,1.0,0.0,0.0,0.015991809,0.18847749,1.0,2020-04-17 07:42:54.000134
25,0.006088178229745,0.0150025580977378,0.17578125,1,0.000475737392959,0.4920595184765519,0.0,0.0,0.0,0.0,1.0,0.0,0.0,0.015938268999999998,0.18875751,1.0,2020-04-17 07:48:30.000186
26,0.0028099284137285,0.0153368961528675,0.181640625,1,0.0023107244800869,0.492850053141497,0.0,0.0,0.0,0.0,1.0,0.0,0.0,0.016059773,0.18814686,1.0,2020-04-17 07:52:58.000121
27,0.0039472803907138,0.0162348931107214,0.1699218749999999,1,0.0012912872094603,0.49352639946595,0.0,0.0,0.0,0.0,1.0,0.0,0.0,0.016129203,0.18775523,1.0,2020-04-17 07:55:13.000535
28,0.0013380611493945,0.0154918321737808,0.166015625,1,6.796248470844094e-05,0.4917740476253217,0.0,0.0,0.0,0.0,1.0,0.0,0.0,0.016112218,0.18781716,1.0,2020-04-17 08:01:08.000092
29,0.0022078008965009,0.0149185405525262,0.1679687499999999,1,0.0059806986543428,0.4921561393800452,0.0,0.0,0.0,0.0,1.0,0.0,0.0,0.015713291,0.18989511,1.0,2020-04-17 08:12:30.000611
30,0.0036127651033652,0.0151057843922594,0.203125,1,0.005097186353133,0.4918047906400696,0.0,0.0,0.0,0.0,1.0,0.0,0.0,0.01656546,0.18572861,1.0,2020-04-17 08:15:21.000991
31,0.0024754131263798,0.030443688327362,0.126953125,1,0.0066603235014272,0.4917652639068223,0.0,0.0,0.0,0.0,1.0,0.0,0.0,0.015998421000000002,0.18840817,1.0,2020-04-17 08:18:41.000244
32,0.0060212751722753,0.0163525516866681,0.1875,1,0.0,0.4921122207875482,0.0,0.0,0.0,0.0,1.0,0.0,0.0,0.015954632,0.1887101,1.0,2020-04-17 08:29:40.000228
33,0.0032113467585468,0.0151519282213485,0.1777343749999999,1,0.0008155498165012,0.493627412228693,0.0,0.0,0.0,0.0,1.0,0.0,0.0,0.016088713,0.18798071,1.0,2020-04-17 08:33:22.000438
34,0.0108382953100956,0.0157279009632577,0.1679687499999999,1,0.0059127361696343,0.4922659358612875,0.0,0.0,0.0,0.0,1.0,0.0,0.0,0.016067842,0.18807545,1.0,2020-04-17 08:38:16.000307
35,0.0061550812872148,0.0150993051923063,0.171875,1,0.0034660867201304,0.4914139151668467,0.0,0.0,0.0,0.0,1.0,0.0,0.0,0.01592978,0.18880078,1.0,2020-04-17 08:43:02.000823
36,0.0038803773332441,0.0162217079598124,0.18359375,1,0.0053690362919668,0.4921078289282985,0.0,0.0,0.0,0.0,1.0,0.0,0.0,0.016006438,0.18842477,1.0,2020-04-17 08:47:15.000060
37,0.0006021275172275,0.0150834977080397,0.173828125,1,0.0110778850074758,0.491914587121312,0.0,0.0,0.0,0.0,1.0,0.0,0.0,0.016076721000000002,0.18803054,1.0,2020-04-17 08:52:37.000039
38,0.0012711580919248,0.0161070748301173,0.1699218749999999,1,0.0084273481038466,0.0987773063848849,0.0,0.0,0.0,0.0,1.0,0.0,0.0,0.016128542,0.18775326,1.0,2020-04-17 09:02:09.000298
39,0.0023416070114404,0.0155760302799762,0.166015625,1,0.0014951746635857,0.0946665261271706,0.0,0.0,0.0,0.0,1.0,0.0,0.0,0.015920023999999998,0.1888302,1.0,2020-04-17 09:07:49.000468
40,0.0006690305746972,0.0161788709161821,0.185546875,1,6.796248470844094e-05,0.4916466837070805,0.0,0.0,0.0,0.0,1.0,0.0,0.0,0.015940753999999998,0.18877667,1.0,2020-04-17 09:11:07.000637
41,0.0002007091724091,0.0163101828418679,0.1796874999999999,1,0.0019709120565447,0.0948597679341572,0.0,0.0,0.0,0.0,1.0,0.0,0.0,0.015819603999999998,0.18938293,1.0,2020-04-17 09:13:49.000857
42,0.0079614638388974,0.0155859884281866,0.19140625,1,0.0001359249694168,0.5103560041107803,0.0,0.0,0.0,0.0,1.0,0.0,0.0,0.01598838,0.18854192,1.0,2020-04-17 09:22:36.000352
43,6.690305746972637e-05,0.0148927833182344,0.173828125,1,0.0048932988990077,0.4915412790850879,0.0,0.0,0.0,0.0,1.0,0.0,0.0,0.016159646,0.18758672,1.0,2020-04-17 09:29:48.000899
44,0.005619856827457,0.0149929547728559,0.162109375,1,0.0020388745412532,0.4915764139590855,0.0,0.0,0.0,0.0,1.0,0.0,0.0,0.016123183,0.18775603,1.0,2020-04-17 09:34:07.000245
45,0.0017394794942128,0.0149704959258377,0.1679687499999999,1,0.0076797607720538,0.4916510755663303,0.0,0.0,0.0,0.0,1.0,0.0,0.0,0.015996631,0.18841958,1.0,2020-04-17 09:38:47.000001
46,0.0003345152873486,0.0148742107314602,0.1777343749999999,1,0.0148158216664401,0.4920507347580525,0.0,0.0,0.0,0.0,1.0,0.0,0.0,0.016128583000000002,0.18775970000000006,1.0,2020-04-17 09:44:55.000409
47,0.0040141834481835,0.0150737642112858,0.1640625,1,0.0,0.0947411877344154,0.0,0.0,0.0,0.0,1.0,0.0,0.0,0.016013438,0.18834108,1.0,2020-04-17 09:51:31.000972
48,0.0069579179768515,0.016251746169057,0.1777343749999999,1,0.0054369987766752,0.0950661853188929,0.0,0.0,0.0,0.0,1.0,0.0,0.0,0.016020875,0.1883395,1.0,2020-04-17 09:57:55.000029
49,0.0036796681608349,0.0149731938428628,0.173828125,1,0.0014951746635857,0.0947587551714142,0.0,0.0,0.0,0.0,1.0,0.0,0.0,0.016056083,0.188144,1.0,2020-04-17 10:02:02.000331
50,0.0036796681608349,0.0161846215735611,0.171875,1,0.002786461873046,0.0944425413054362,0.0,0.0,0.0,0.0,1.0,0.0,0.0,0.015859293,0.18915926,1.0,2020-04-17 10:07:55.000810
51,0.001204255034455,0.0153117393888241,0.189453125,1,0.0054369987766752,0.0943327448241938,0.0,0.0,0.0,0.0,1.0,0.0,0.0,0.016358051000000002,0.18672624,1.0,2020-04-17 10:14:02.000814
52,0.0036796681608349,0.0269126272306963,0.146484375,1,0.0017670246024194,0.0944293657276871,0.0,0.0,0.0,0.0,1.0,0.0,0.0,0.016125806,0.18777655,1.0,2020-04-17 10:18:37.000459
53,0.0032782498160165,0.0158188071199554,0.171875,1,0.0054369987766752,0.0942976099501963,0.0,0.0,0.0,0.0,1.0,0.0,0.0,0.016210625,0.18732953,1.0,2020-04-17 10:24:23.000902
54,0.0035458620458954,0.0150163731125438,0.1582031249999999,1,0.0055049612613837,0.0951057120521401,0.0,0.0,0.0,0.0,1.0,0.0,0.0,0.016177885,0.18746069,1.0,2020-04-17 10:29:44.000752
55,0.001204255034455,0.0152949178236834,0.1640625,1,0.0037379366589642,0.1149086054090138,0.0,0.0,0.0,0.0,1.0,0.0,0.0,0.016211014,0.18730894,1.0,2020-04-17 10:33:29.000658
56,0.0055529537699872,0.0159983771178777,0.1601562499999999,1,0.0019029495718363,0.0945084191941816,0.0,0.0,0.0,0.0,1.0,0.0,0.0,0.016022893,0.1882883,1.0,2020-04-17 10:40:13.000120
57,0.0078945607814277,0.0160808703924587,0.1777343749999999,1,0.0064564360473018,0.094561121505178,0.0,0.0,0.0,0.0,1.0,0.0,0.0,0.015999626,0.1884517,1.0,2020-04-17 10:49:54.000078
58,0.0031444437010771,0.0150782215481297,0.17578125,1,0.0041457115672148,0.0946797017049197,0.0,0.0,0.0,0.0,1.0,0.0,0.0,0.016068744,0.18807337,1.0,2020-04-17 10:51:38.000799
59,0.0034789589884257,0.0152230713485068,0.1699218749999999,1,0.0032621992660051,0.0951584143631365,0.0,0.0,0.0,0.0,1.0,0.0,0.0,0.015973674,0.18855512,1.0,2020-04-17 10:57:26.000696
60,0.0006690305746972,0.0154661967131757,0.1796874999999999,1,0.0128449096098953,0.4918311417955678,0.0,0.0,0.0,0.0,1.0,0.0,0.0,0.015796626,0.18949643,1.0,2020-04-17 11:04:58.000026
61,0.0038134742757744,0.0153966975307884,0.193359375,1,0.008631235557972001,0.0946972691419185,0.0,0.0,0.0,0.0,1.0,0.0,0.0,0.016004806,0.1884538,1.0,2020-04-17 11:07:58.000566
62,0.0040810865056533,0.015044362164576996,0.171875,1,0.0014272121788772,0.4920419510395531,0.0,0.0,0.0,0.0,1.0,0.0,0.0,0.015972571,0.18857326,1.0,2020-04-17 11:14:02.000894
63,0.0043486987355322,0.0161540689754673,0.1796874999999999,1,0.0019029495718363,0.492388907920279,0.0,0.0,0.0,0.0,1.0,0.0,0.0,0.01608139,0.18802473,1.0,2020-04-17 11:20:05.000082
64,0.0024754131263798,0.0149807543091723,0.1679687499999999,1,0.0010194372706266,0.4919321545583107,0.0,0.0,0.0,0.0,1.0,0.0,0.0,0.015985416000000002,0.18850137,1.0,2020-04-17 11:26:36.000426
65,0.0062888874021542,0.0170513373907471,0.1796874999999999,1,0.0048253364142993,0.4917520883290733,0.0,0.0,0.0,0.0,1.0,0.0,0.0,0.015972765,0.18859854,1.0,2020-04-17 11:32:36.000700
66,0.0004014183448183,0.0150324472391934,0.1777343749999999,1,0.0,0.4914710093370928,0.0,0.0,0.0,0.0,1.0,0.0,0.0,0.015907499999999998,0.18890664,1.0,2020-04-17 11:37:23.000580
67,0.0035458620458954,0.014889512225063,0.18359375,1,0.0030583118118798,0.4917476964698236,0.0,0.0,0.0,0.0,1.0,0.0,0.0,0.015786197,0.18955868,1.0,2020-04-17 11:43:23.000636
68,0.0007359336321669,0.014913113225281,0.193359375,1,0.001699062117711,0.4923362056092826,0.0,0.0,0.0,0.0,1.0,0.0,0.0,0.015894197,0.1890195,1.0,2020-04-17 11:49:16.000347
69,0.004147989563122999,0.0150757860743949,0.181640625,1,0.0032621992660051,0.4959726650680301,0.0,0.0,0.0,0.0,1.0,0.0,0.0,0.016105056,0.18791464,1.0,2020-04-17 11:54:36.000661
70,0.000468321402288,0.0163973329101935,0.166015625,1,0.0013592496941688,0.4914358744630953,0.0,0.0,0.0,0.0,1.0,0.0,0.0,0.01611218,0.18782061,1.0,2020-04-17 11:56:41.000798
71,0.0072255302067304,0.0148825123376217,0.1679687499999999,1,0.0055729237460921,0.4919409382768101,0.0,0.0,0.0,0.0,1.0,0.0,0.0,0.015912617,0.18887067,1.0,2020-04-17 12:03:58.000202
72,0.0046832140228808,0.0152787639142734,0.185546875,1,0.0053690362919668,0.4927270810825055,0.0,0.0,0.0,0.0,1.0,0.0,0.0,0.01609004,0.18799266,1.0,2020-04-17 12:10:22.000846
73,0.0022747039539706,0.015155310590475004,0.166015625,1,0.0052331113225499,0.4916378999885812,0.0,0.0,0.0,0.0,1.0,0.0,0.0,0.016114468,0.18780968,1.0,2020-04-17 12:17:10.000944
74,0.0028099284137285,0.0153466191518898,0.1679687499999999,1,0.0089030854968057,0.4923669486240305,0.0,0.0,0.0,0.0,1.0,0.0,0.0,0.016064174,0.1880748,1.0,2020-04-17 12:24:24.000771
75,0.0014049642068642,0.0150120186534696,0.171875,1,0.0065923610167187,0.4920331673210537,0.0,0.0,0.0,0.0,1.0,0.0,0.0,0.01603858,0.18822685,1.0,2020-04-17 12:26:52.000656
76,0.0062888874021542,0.0163443382614521,0.173828125,1,0.001087399755335,0.4950723339218425,0.0,0.0,0.0,0.0,1.0,0.0,0.0,0.016096903,0.18793514,1.0,2020-04-17 12:31:25.000407
77,0.0030106375861376,0.0151301265323294,0.1679687499999999,1,0.0,0.1122559224221982,0.0,0.0,0.0,0.0,1.0,0.0,0.0,0.016131075,0.18772773,1.0,2020-04-17 12:38:47.000663
78,0.0008028366896367,0.015104281117091996,0.166015625,1,0.0025825744189207,0.0944469331646859,0.0,0.0,0.0,0.0,1.0,0.0,0.0,0.016116004,0.18780282,1.0,2020-04-17 12:46:09.000747
79,0.0078945607814277,0.0157820524620232,0.1679687499999999,1,0.0042816365366317,0.0950398341633947,0.0,0.0,0.0,0.0,1.0,0.0,0.0,0.015853751,0.18919614,1.0,2020-04-17 12:53:43.000249
80,0.0169264735398407,0.0165416578239899,0.19140625,1,0.0035340492048389,0.0954878038068636,0.0,0.0,0.0,0.0,1.0,0.0,0.0,0.015949043,0.18877119,1.0,2020-04-17 13:00:17.000341
81,0.0023416070114404,0.0150111662376625,0.1777343749999999,1,0.0006796248470844,0.0945303784904301,0.0,0.0,0.0,0.0,1.0,0.0,0.0,0.016114462,0.18785293,1.0,2020-04-17 13:02:09.000020
82,0.0004014183448183,0.0165606902114088,0.166015625,1,0.0004077749082506,0.09482024120091,0.0,0.0,0.0,0.0,1.0,0.0,0.0,0.01609656,0.18791604,1.0,2020-04-17 13:04:29.000696
83,0.0073593363216699,0.0162226947465842,0.1699218749999999,1,0.0038738616283811,0.1327878644145212,0.0,0.0,0.0,0.0,1.0,0.0,0.0,0.015885603,0.1890219,1.0,2020-04-17 13:15:14.000630
84,0.003412055930956,0.0149950354232621,0.1875,1,0.0021747995106701,0.0947455795936651,0.0,0.0,0.0,0.0,1.0,0.0,0.0,0.015973968,0.1885944,1.0,2020-04-17 13:17:54.000202
85,0.0085635913561249,0.0149720516896631,0.17578125,1,0.0014951746635857,0.09467530984567,0.0,0.0,0.0,0.0,1.0,0.0,0.0,0.015959417,0.18864891,1.0,2020-04-17 13:24:27.000266
86,0.0006690305746972,0.0149792741290145,0.1796874999999999,1,0.0004077749082506,0.094978348133899,0.0,0.0,0.0,0.0,1.0,0.0,0.0,0.01594942,0.18869966,1.0,2020-04-17 13:29:36.000600
87,0.0017394794942128,0.0154161246329161,0.1796874999999999,1,6.796248470844094e-05,0.0945962563791755,0.0,0.0,0.0,0.0,1.0,0.0,0.0,0.01601423,0.18836433,1.0,2020-04-17 13:33:49.000467
88,0.0032782498160165,0.0150483135107571,0.173828125,1,0.0145439717276063,0.094934429541402,0.0,0.0,0.0,0.0,1.0,0.0,0.0,0.015961772,0.18862063,1.0,2020-04-17 13:41:25.000929
89,0.0115742289422626,0.0149277848549868,0.1796874999999999,1,0.0030583118118798,0.094574297082927,0.0,0.0,0.0,0.0,1.0,0.0,0.0,0.016018324,0.18836153,1.0,2020-04-17 13:47:12.000845
90,0.0001338061149394,0.0151870515317877,0.173828125,1,0.0002038874541253,0.0947719307491633,0.0,0.0,0.0,0.0,1.0,0.0,0.0,0.01574188,0.1897575,1.0,2020-04-17 13:52:27.000759
91,0.0016056733792734,0.0148967073703122,0.19921875,1,0.0067962484708440005,0.0944117982906883,0.0,0.0,0.0,0.0,1.0,0.0,0.0,0.016040875,0.1882894,1.0,2020-04-17 13:57:04.000026
92,0.0011373519769853,0.016511260592324,0.1679687499999999,1,0.0025825744189207,0.0942844343724472,0.0,0.0,0.0,0.0,1.0,0.0,0.0,0.016070265,0.1880596,1.0,2020-04-17 13:58:29.000984
93,0.001204255034455,0.0162681457253867,0.171875,1,0.0006116623623759,0.0947631470306639,0.0,0.0,0.0,0.0,1.0,0.0,0.0,0.016034022,0.1882469,1.0,2020-04-17 14:05:17.000447
94,0.0101023616779286,0.0152817914600713,0.173828125,1,0.0015631371482941,0.0944513250239356,0.0,0.0,0.0,0.0,1.0,0.0,0.0,0.015964959,0.18862033,1.0,2020-04-17 14:10:59.000262
95,0.0088981066434736,0.0150272424638585,0.1796874999999999,1,0.0057768112002174,0.0961817175683153,0.0,0.0,0.0,0.0,1.0,0.0,0.0,0.015907103,0.18893312,1.0,2020-04-17 14:18:11.000840
96,0.0001338061149394,0.0150751184186642,0.18359375,1,0.0020388745412532,0.1211889641360773,0.0,0.0,0.0,0.0,1.0,0.0,0.0,0.016114986,0.18784755,1.0,2020-04-17 14:24:02.000134
97,0.0008697397471064,0.0151535826638511,0.1640625,1,0.0029903493271714,0.0947455795936651,0.0,0.0,0.0,0.0,1.0,0.0,0.0,0.015985142,0.18847132,1.0,2020-04-17 14:30:25.000882
98,0.0018063825516826,0.0152117316988158,0.1796874999999999,1,0.0038738616283811,0.09435909597969197,0.0,0.0,0.0,0.0,1.0,0.0,0.0,0.016125027,0.1877892,1.0,2020-04-17 14:38:44.000236
99,0.0026092192413193,0.0151586341723045,0.1640625,1,0.0019709120565447,0.0947807144676627,0.0,0.0,0.0,0.0,1.0,0.0,0.0,0.01596585,0.18857953,1.0,2020-04-17 14:42:39.000104
100,0.0035458620458954,0.015637767439607,0.181640625,1,0.0014951746635857,0.0946709179864203,0.0,0.0,0.0,0.0,1.0,0.0,0.0,0.016107097,0.18791033,1.0,2020-04-17 14:47:46.000444
101,0.0012711580919248,0.016805331448523003,0.166015625,1,0.0012233247247519,0.0947543633121645,0.0,0.0,0.0,0.0,1.0,0.0,0.0,0.016114408,0.1878168,1.0,2020-04-17 14:54:45.000063
102,0.001204255034455,0.0152326956688519,0.1679687499999999,1,0.0051651488378415,0.1157957609774522,0.0,0.0,0.0,0.0,1.0,0.0,0.0,0.016129576,0.18773064,1.0,2020-04-17 14:57:36.000838
103,0.0006021275172275,0.0149209907230852,0.166015625,1,0.0015631371482941,0.0944557168831853,0.0,0.0,0.0,0.0,1.0,0.0,0.0,0.016147758999999998,0.1876569,1.0,2020-04-17 15:01:41.000791
104,0.0040141834481835,0.0177806253038082,0.166015625,1,0.0022427619953785,0.0951715899408856,0.0,0.0,0.0,0.0,1.0,0.0,0.0,0.015877247,0.18906763,1.0,2020-04-17 15:09:51.000768
105,0.0066234026895029,0.0160192298119587,0.189453125,1,0.0023786869647954,0.4918355336548175,0.0,0.0,0.0,0.0,1.0,0.0,0.0,0.016044518,0.18826172,1.0,2020-04-17 15:15:37.000432
106,0.0024085100689101,0.0165321510782389,0.1699218749999999,1,0.000475737392959,0.0952813864221279,0.0,0.0,0.0,0.0,1.0,0.0,0.0,0.016461883,0.18621361,1.0,2020-04-17 15:19:30.000371
107,0.0016725764367431,0.0334814526172296,0.14453125,1,0.0051651488378415,0.4918574929510659,0.0,0.0,0.0,0.0,1.0,0.0,0.0,0.016090592,0.18799326,1.0,2020-04-17 15:27:28.000607
108,0.0068910149193818,0.0162103326178338,0.17578125,1,0.0256898192197906,0.4918574929510659,0.0,0.0,0.0,0.0,1.0,0.0,0.0,0.015829165,0.18933186,1.0,2020-04-17 15:32:30.000950
109,0.0011373519769853,0.0151934383517026,0.19140625,1,0.0005436998776675,0.0949124702451536,0.0,0.0,0.0,0.0,1.0,0.0,0.0,0.015943712,0.18876168,1.0,2020-04-17 15:38:41.000053
110,0.0009366428045761,0.0152832779388681,0.1777343749999999,1,0.0051651488378415,0.492547014853268,0.0,0.0,0.0,0.0,1.0,0.0,0.0,0.01584304,0.18924594,1.0,2020-04-17 15:43:44.000965
111,0.0086973974710644,0.0150521472823431,0.189453125,1,0.0052331113225499,0.0946401749716725,0.0,0.0,0.0,0.0,1.0,0.0,0.0,0.016067455,0.18814248,1.0,2020-04-17 15:50:49.000621
112,0.0064226935170937,0.0166756592685155,0.1679687499999999,1,0.0046894114448824,0.094574297082927,0.0,0.0,0.0,0.0,1.0,0.0,0.0,0.015789982,0.18953370000000005,1.0,2020-04-17 15:59:17.000239
113,0.0044156017930019,0.0169211571205295,0.197265625,1,6.796248470844094e-05,0.0956766537546004,0.0,0.0,0.0,0.0,1.0,0.0,0.0,0.01595222,0.18874608,1.0,2020-04-17 16:03:22.000161
114,0.0022747039539706,0.0148959032440705,0.17578125,1,0.0048253364142993,0.0944776761794338,0.0,0.0,0.0,0.0,1.0,0.0,0.0,0.016116211000000002,0.18783188,1.0,2020-04-17 16:08:22.000274
115,0.0007359336321669,0.0159761723159646,0.166015625,1,0.0063884735625934,0.0946621342679209,0.0,0.0,0.0,0.0,1.0,0.0,0.0,0.01609115,0.18793036,1.0,2020-04-17 16:15:23.000369
116,0.0013380611493945,0.0151439520448671,0.1699218749999999,1,0.0019709120565447,0.4920463428988029,0.0,0.0,0.0,0.0,1.0,0.0,0.0,0.016018318,0.18832144,1.0,2020-04-17 16:19:17.000653
117,0.0003345152873486,0.0157598056691836,0.17578125,1,0.0061845861084681,0.4922527602835384,0.0,0.0,0.0,0.0,1.0,0.0,0.0,0.015847305,0.18921956,1.0,2020-04-17 16:24:55.000477
118,0.0009366428045761,0.0150039102055698,0.189453125,1,0.0072719858638031,0.4926787706307589,0.0,0.0,0.0,0.0,1.0,0.0,0.0,0.015996067,0.1884917,1.0,2020-04-17 16:28:17.000199
119,0.0006021275172275,0.0161452865731978,0.173828125,1,0.0065923610167187,0.4928324857044982,0.0,0.0,0.0,0.0,1.0,0.0,0.0,0.016033137,0.18826318,1.0,2020-04-17 16:35:04.000200
120,0.0074931424366093,0.0161115363660539,0.173828125,1,0.0044855239907571,0.4930301193707344,0.0,0.0,0.0,0.0,1.0,0.0,0.0,0.016118629,0.18782188,1.0,2020-04-17 16:39:45.000399
121,0.0084297852411855,0.0149815332408582,0.166015625,1,0.0006116623623759,0.492446002090525,0.0,0.0,0.0,0.0,1.0,0.0,0.0,0.016050605,0.18815348,1.0,2020-04-17 16:43:47.000489
122,0.0238843915166923,0.0154188981336089,0.173828125,1,0.0011553622400434,0.4922878951575361,0.0,0.0,0.0,0.0,1.0,0.0,0.0,0.01597009,0.18862222,1.0,2020-04-17 16:54:16.000278
123,0.0002676122298789,0.014986698124813,0.1796874999999999,1,0.0002038874541253,0.4921824905355433,0.0,0.0,0.0,0.0,1.0,0.0,0.0,0.016082866,0.18800934,1.0,2020-04-17 16:57:25.000733
124,0.005619856827457,0.015720741510296,0.1679687499999999,1,0.0016310996330025,0.4924899206830221,0.0,0.0,0.0,0.0,1.0,0.0,0.0,0.016117938000000002,0.18782106,1.0,2020-04-17 17:03:58.000217
125,0.0012711580919248,0.0167003919242017,0.1679687499999999,1,0.0087671605273888,0.4925865415865153,0.0,0.0,0.0,0.0,1.0,0.0,0.0,0.01615291,0.18761922,1.0,2020-04-17 17:12:34.000068
126,0.001940188666622,0.0149956925812612,0.1640625,1,0.0023786869647954,0.491971681291558,0.0,0.0,0.0,0.0,1.0,0.0,0.0,0.016124638,0.18776189,1.0,2020-04-17 17:16:48.000722
127,6.690305746972637e-05,0.0165215882606873,0.1679687499999999,1,0.0014951746635857,0.4925162718385202,0.0,0.0,0.0,0.0,1.0,0.0,0.0,0.016138066,0.18770921,1.0,2020-04-17 17:21:21.000140
128,0.016123636850203998,0.0166226415247646,0.166015625,1,0.0021068370259616,0.4917740476253217,0.0,0.0,0.0,0.0,1.0,0.0,0.0,0.016052851,0.18816423,1.0,2020-04-17 17:27:27.000153
129,0.0038134742757744,0.0150992128122681,0.173828125,1,0.003398124235422,0.0948905109489051,0.0,0.0,0.0,0.0,1.0,0.0,0.0,0.016051145,0.18816015,1.0,2020-04-17 17:38:24.000375
130,0.0003345152873486,0.0151373552703199,0.171875,1,0.0006116623623759,0.0972269800697427,0.0,0.0,0.0,0.0,1.0,0.0,0.0,0.016058788,0.1881173,1.0,2020-04-17 17:42:39.000787
131,0.0008697397471064,0.0160266433100256,0.171875,1,0.0019029495718363,0.0950574016003935,0.0,0.0,0.0,0.0,1.0,0.0,0.0,0.016104067,0.18788949,1.0,2020-04-17 17:44:35.000751
132,0.0123101625744296,0.0161051537452317,0.1679687499999999,1,0.004009786597798,0.0945699052236774,0.0,0.0,0.0,0.0,1.0,0.0,0.0,0.016186503999999997,0.18747985,1.0,2020-04-17 17:50:41.000904
133,0.0052853415401083,0.016543270275566003,0.162109375,1,0.0055049612613837,0.0947719307491633,0.0,0.0,0.0,0.0,1.0,0.0,0.0,0.016146982,0.18764314,1.0,2020-04-17 17:58:48.000839
134,0.005619856827457,0.0151514264297773,0.166015625,1,0.0067962484708440005,0.0949519969784008,0.0,0.0,0.0,0.0,1.0,0.0,0.0,0.016136888000000002,0.1876981,1.0,2020-04-17 18:03:46.000289
135,0.0034789589884257,0.0151306451202712,0.166015625,1,0.0019029495718363,0.4920595184765519,0.0,0.0,0.0,0.0,1.0,0.0,0.0,0.01606891,0.18804494,1.0,2020-04-17 18:08:46.000906
136,0.0031444437010771,0.0150030724865869,0.171875,1,0.0002038874541253,0.4923669486240305,0.0,0.0,0.0,0.0,1.0,0.0,0.0,0.015945364,0.18870226,1.0,2020-04-17 18:12:01.000400
137,0.0036796681608349,0.0151541306454415,0.181640625,1,0.0040777490825064,0.4918443173733168,0.0,0.0,0.0,0.0,1.0,0.0,0.0,0.016231906,0.18724361,1.0,2020-04-17 18:23:15.000865
138,0.0006021275172275,0.0151519681127287,0.154296875,1,0.0001359249694168,0.4924064753572778,0.0,0.0,0.0,0.0,1.0,0.0,0.0,0.016096746999999998,0.18786484,1.0,2020-04-17 18:30:25.000700
139,0.0010704489195156,0.0152117694906496,0.171875,1,0.0034660867201304,0.4927973508305006,0.0,0.0,0.0,0.0,1.0,0.0,0.0,0.016082086000000002,0.18800019,1.0,2020-04-17 18:36:50.000187
140,0.0042817956780624,0.0162037442414719,0.1699218749999999,1,0.0004077749082506,0.0942317320614509,0.0,0.0,0.0,0.0,1.0,0.0,0.0,0.016127981,0.18775934,1.0,2020-04-17 18:40:47.000237
141,0.0004014183448183,0.0152134701231713,0.166015625,1,0.0016310996330025,0.0950530097411438,0.0,0.0,0.0,0.0,1.0,0.0,0.0,0.015957782,0.18861684,1.0,2020-04-17 18:44:28.000002
142,0.0007359336321669,0.0150890867003518,0.181640625,1,0.0120973222781024,0.0948290249194093,0.0,0.0,0.0,0.0,1.0,0.0,0.0,0.015968008,0.18861154,1.0,2020-04-17 18:49:49.000752
143,0.0111728105974443,0.0156448912002813,0.1777343749999999,1,0.0038738616283811,0.0946884854234191,0.0,0.0,0.0,0.0,1.0,0.0,0.0,0.015936803,0.18878624,1.0,2020-04-17 18:54:00.000477
144,0.0,0.0155032935971586,0.181640625,1,0.0014272121788772,0.0950222667263959,0.0,0.0,0.0,0.0,1.0,0.0,0.0,0.015833726,0.18930396,1.0,2020-04-17 19:00:48.000839
145,0.0014718672643339,0.0150283594225024,0.189453125,1,0.0020388745412532,0.094416190149938,0.0,0.0,0.0,0.0,1.0,0.0,0.0,0.016069468,0.18812707,1.0,2020-04-17 19:04:08.000430
146,0.0011373519769853,0.0176523430234667,0.1679687499999999,1,0.0011553622400434,0.0946884854234191,0.0,0.0,0.0,0.0,1.0,0.0,0.0,0.016109206,0.18785189,1.0,2020-04-17 19:09:21.000011
147,0.0105706830802167,0.0150456134941856,0.1679687499999999,1,0.0025825744189207,0.0945962563791755,0.0,0.0,0.0,0.0,1.0,0.0,0.0,0.015848633,0.1892118,1.0,2020-04-17 19:17:15.000194
148,0.0056867598849267,0.0153518470222343,0.19140625,1,0.0076797607720538,0.0949256458229026,0.0,0.0,0.0,0.0,1.0,0.0,0.0,0.016260663,0.18714106,1.0,2020-04-17 19:22:07.000757
149,0.005619856827457,0.016637531507288,0.150390625,1,0.0031942367812967,0.4925733660087662,0.0,0.0,0.0,0.0,1.0,0.0,0.0,0.01602045,0.18827063,1.0,2020-04-17 19:29:20.000595
150,0.0042817956780624,0.0153075234998073,0.1796874999999999,1,0.0004077749082506,0.4923142463130342,0.0,0.0,0.0,0.0,1.0,0.0,0.0,0.016054913,0.18819475,1.0,2020-04-17 19:33:20.000069
151,0.0005352244597578,0.0187242873941897,0.171875,1,0.0004077749082506,0.4918662766695653,0.0,0.0,0.0,0.0,1.0,0.0,0.0,0.017042123,0.18379396,1.0,2020-04-17 19:38:33.000784
152,0.0034789589884257,0.0886409078801102,0.1171875,1,0.0057768112002174,0.4931838344444738,0.0,0.0,0.0,0.0,1.0,0.0,0.0,0.016179396000000002,0.18778,1.0,2020-04-17 19:45:23.000099
153,0.0008028366896367,0.0148782019690204,0.17578125,1,0.0127769471251868,0.4920463428988029,0.0,0.0,0.0,0.0,1.0,0.0,0.0,0.015914084,0.1888712,1.0,2020-04-17 19:53:08.000089
154,0.0022078008965009,0.0153020898739231,0.18359375,1,0.0001359249694168,0.4921122207875482,0.0,0.0,0.0,0.0,1.0,0.0,0.0,0.016071422,0.18807858,1.0,2020-04-17 19:56:52.000190
155,0.0076269485515488,0.0150939765437383,0.1679687499999999,1,0.0028544243577545,0.4926436357567613,0.0,0.0,0.0,0.0,1.0,0.0,0.0,0.016132372,0.18772939,1.0,2020-04-17 20:00:24.000806
156,0.0038134742757744,0.0150174438811685,0.166015625,1,0.0001359249694168,0.4919409382768101,0.0,0.0,0.0,0.0,1.0,0.0,0.0,0.016052451000000002,0.18814206,1.0,2020-04-17 20:07:16.000975
157,0.0046832140228808,0.0161583772445223,0.173828125,1,0.0109419600380589,0.4919058034028126,0.0,0.0,0.0,0.0,1.0,0.0,0.0,0.016124152,0.18780157,1.0,2020-04-17 20:14:07.000269
158,0.0022078008965009,0.016325622905528,0.166015625,1,0.0118254723392687,0.4927622159565031,0.0,0.0,0.0,0.0,1.0,0.0,0.0,0.016159808,0.18758217,1.0,2020-04-17 20:18:05.000191
159,0.0079614638388974,0.0154095488538321,0.1640625,1,0.0012912872094603,0.4934780890142033,0.0,0.0,0.0,0.0,1.0,0.0,0.0,0.016231133000000002,0.18720925,1.0,2020-04-17 20:24:17.000778
160,0.00488392319529,0.0150140489147641,0.1582031249999999,1,0.001699062117711,0.4920112080248053,0.0,0.0,0.0,0.0,1.0,0.0,0.0,0.016066693,0.18803927,1.0,2020-04-17 20:29:26.000225
161,0.0003345152873486,0.0151894681096056,0.173828125,1,0.0153595215441076,0.4920112080248053,0.0,0.0,0.0,0.0,1.0,0.0,0.0,0.015772428,0.18961728,1.0,2020-04-17 20:32:47.000350
162,0.0086304944135947,0.0167024788732468,0.197265625,1,0.0025825744189207,0.4922351928465397,0.0,0.0,0.0,0.0,1.0,0.0,0.0,0.015867243,0.1891963,1.0,2020-04-17 20:40:34.000307
163,0.009031912758413,0.0150507153917507,0.18359375,1,0.0113497349463096,0.4920507347580525,0.0,0.0,0.0,0.0,1.0,0.0,0.0,0.015618941,0.19044846,1.0,2020-04-17 20:44:48.000124
164,0.0021408978390312,0.0156638627008568,0.208984375,1,0.0085632730732635,0.4924679613867735,0.0,0.0,0.0,0.0,1.0,0.0,0.0,0.015753206000000002,0.18980557,1.0,2020-04-17 20:49:12.000800
165,0.0040810865056533,0.015525779738279,0.19140625,1,0.0028544243577545,0.4925206636977698,0.0,0.0,0.0,0.0,1.0,0.0,0.0,0.015812771,0.18944699,1.0,2020-04-17 20:55:13.000045
166,0.0023416070114404,0.0149862026318808,0.189453125,1,0.0124371347016446,0.4925206636977698,0.0,0.0,0.0,0.0,1.0,0.0,0.0,0.015932515,0.1888279,1.0,2020-04-17 20:57:34.000345
167,0.0045494079079413,0.0164865510316474,0.1796874999999999,1,0.0006116623623759,0.4920858696320501,0.0,0.0,0.0,0.0,1.0,0.0,0.0,0.016081337,0.18802685,1.0,2020-04-17 21:02:47.000212
168,0.0064226935170937,0.0149131447184758,0.1679687499999999,1,0.0012912872094603,0.4922439765650391,0.0,0.0,0.0,0.0,1.0,0.0,0.0,0.016086822,0.18796077,1.0,2020-04-17 21:10:10.000625
169,0.0032782498160165,0.0148825753240114,0.1699218749999999,1,0.003398124235422,0.4929510659042399,0.0,0.0,0.0,0.0,1.0,0.0,0.0,0.016058838,0.18810457,1.0,2020-04-17 21:11:57.000056
170,0.0129791931491269,0.0148847042639831,0.171875,1,0.0036020116895473,0.4927578240972533,0.0,0.0,0.0,0.0,1.0,0.0,0.0,0.015752539,0.1897242,1.0,2020-04-17 21:18:49.000129
171,0.0052184384826386,0.0151889810148586,0.19921875,1,0.0008155498165012,0.492344989327782,0.0,0.0,0.0,0.0,1.0,0.0,0.0,0.015731495,0.18989307,1.0,2020-04-17 21:26:39.000176
172,0.0002676122298789,0.0152224750773511,0.1953125,1,0.0084953105885551,0.492344989327782,0.0,0.0,0.0,0.0,1.0,0.0,0.0,0.015954858,0.18870983,1.0,2020-04-17 21:28:32.000066
173,0.0194018866662206,0.0150056738244812,0.17578125,1,0.0002718499388337,0.4927358648010049,0.0,0.0,0.0,0.0,1.0,0.0,0.0,0.015993426,0.18851113,1.0,2020-04-17 21:35:02.000658
174,0.0018732856091523,0.0166142790317596,0.1777343749999999,1,0.0067282859861356,0.4921034370690489,0.0,0.0,0.0,0.0,1.0,0.0,0.0,0.016005508999999998,0.18842855,1.0,2020-04-17 21:39:46.000243
175,0.0027430253562587,0.0167060166088013,0.17578125,1,0.0050292238684246,0.49180039878082,0.0,0.0,0.0,0.0,1.0,0.0,0.0,0.015544781,0.19080283,1.0,2020-04-17 21:43:29.000866
176,0.0068910149193818,0.0148706205072477,0.216796875,1,0.0012233247247519,0.4925777578680158,0.0,0.0,0.0,0.0,1.0,0.0,0.0,0.01584351,0.18935864,1.0,2020-04-17 21:47:34.000755
177,0.0022747039539706,0.0152550978281194,0.181640625,1,0.000475737392959,0.4920902614912998,0.0,0.0,0.0,0.0,1.0,0.0,0.0,0.016101062,0.18792552,1.0,2020-04-17 21:53:48.000806
178,0.0040141834481835,0.0156964854516252,0.166015625,1,0.0032621992660051,0.4916862104403278,0.0,0.0,0.0,0.0,1.0,0.0,0.0,0.016358497,0.18668719,1.0,2020-04-17 22:00:23.000937
179,0.0182645346892353,0.0286553892489283,0.15234375,1,0.0038058991436726,0.4929247147487418,0.0,0.0,0.0,0.0,1.0,0.0,0.0,0.016047787,0.18822962,1.0,2020-04-17 22:08:48.000475
180,0.0002676122298789,0.0149933578857499,0.1777343749999999,1,0.0020388745412532,0.4923142463130342,0.0,0.0,0.0,0.0,1.0,0.0,0.0,0.015738286,0.18979684,1.0,2020-04-17 22:12:47.000355
181,0.0002007091724091,0.0159942221157043,0.19921875,1,0.0008835123012097,0.4919453301360598,0.0,0.0,0.0,0.0,1.0,0.0,0.0,0.016012534,0.18842676,1.0,2020-04-17 22:16:47.000359
182,0.0028768314711982,0.0151650944763407,0.1699218749999999,1,0.0067962484708440005,0.4919014115435629,0.0,0.0,0.0,0.0,1.0,0.0,0.0,0.016107094,0.18786344,1.0,2020-04-17 22:20:34.000330
183,0.0001338061149394,0.0157021080366784,0.1679687499999999,1,0.0008155498165012,0.4917213453143254,0.0,0.0,0.0,0.0,1.0,0.0,0.0,0.016047528000000002,0.18817098,1.0,2020-04-17 22:28:19.000124
184,0.0002007091724091,0.0163104473847046,0.173828125,1,0.0010194372706266,0.4937064656951874,0.0,0.0,0.0,0.0,1.0,0.0,0.0,0.015895694,0.18896566,1.0,2020-04-17 22:32:06.000050
185,0.0016056733792734,0.0149789696947977,0.185546875,1,0.0041457115672148,0.492028775461804,0.0,0.0,0.0,0.0,1.0,0.0,0.0,0.01598069,0.18855643,1.0,2020-04-17 22:38:04.000181
186,0.0087643005285341,0.0155606112117793,0.17578125,1,0.0086991980426804,0.4925953253050146,0.0,0.0,0.0,0.0,1.0,0.0,0.0,0.016033828,0.18828332,1.0,2020-04-17 22:44:35.000808
187,0.0010704489195156,0.0166347853006974,0.173828125,1,0.0029903493271714,0.4922966788760354,0.0,0.0,0.0,0.0,1.0,0.0,0.0,0.016050195,0.18816718,1.0,2020-04-17 22:47:31.000626
188,0.0020070917240917,0.0149867254189152,0.171875,1,0.0006116623623759,0.4921824905355433,0.0,0.0,0.0,0.0,1.0,0.0,0.0,0.016105771,0.18788059,1.0,2020-04-17 22:51:26.000441
189,0.0008028366896367,0.0164761729741723,0.1679687499999999,1,0.0031942367812967,0.4919936405878065,0.0,0.0,0.0,0.0,1.0,0.0,0.0,0.016019534,0.18830863,1.0,2020-04-17 22:59:33.000577
190,0.0001338061149394,0.0149568635715618,0.17578125,1,0.0005436998776675,0.4925645822902668,0.0,0.0,0.0,0.0,1.0,0.0,0.0,0.015694499,0.19000903,1.0,2020-04-17 23:04:41.000395
191,0.0018063825516826,0.0150125099473093,0.203125,1,0.000475737392959,0.095079360896642,0.0,0.0,0.0,0.0,1.0,0.0,0.0,0.016089741,0.18803075,1.0,2020-04-17 23:09:29.000652
192,0.0012711580919248,0.0148660917858288,0.162109375,1,0.0010194372706266,0.0951496306446371,0.0,0.0,0.0,0.0,1.0,0.0,0.0,0.016098829,0.18787166,1.0,2020-04-17 23:13:04.000018
193,0.0106375861376864,0.0148874798642222,0.1699218749999999,1,0.0038058991436726,0.0949959155708978,0.0,0.0,0.0,0.0,1.0,0.0,0.0,0.016088378,0.18797615,1.0,2020-04-17 23:20:48.000275
194,0.0072255302067304,0.0158363782231334,0.1699218749999999,1,0.0013592496941688,0.0947411877344154,0.0,0.0,0.0,0.0,1.0,0.0,0.0,0.016194426,0.18741617,1.0,2020-04-17 23:25:55.000019
195,0.0,0.0149848316281318,0.1601562499999999,1,0.0002038874541253,0.0951671980816358,0.0,0.0,0.0,0.0,1.0,0.0,0.0,0.015972944,0.18852359,1.0,2020-04-17 23:27:46.000060
196,0.0119087442296112,0.0154450500826094,0.181640625,1,0.0055049612613837,0.0946313912531731,0.0,0.0,0.0,0.0,1.0,0.0,0.0,0.016080095,0.18804967,1.0,2020-04-17 23:33:52.000434
197,0.005619856827457,0.0151642357618945,0.1679687499999999,1,0.0057768112002174,0.0946665261271706,0.0,0.0,0.0,0.0,1.0,0.0,0.0,0.016153166,0.18761633,1.0,2020-04-17 23:40:41.000621
198,0.0074262393791396,0.0148738811026875,0.1640625,1,0.0038058991436726,0.094618215675424,0.0,0.0,0.0,0.0,1.0,0.0,0.0,0.016141474,0.18766966,1.0,2020-04-17 23:46:34.000351
199,0.0044156017930019,0.0150009540443469,0.166015625,1,0.0150876716052738,0.094776322608413,0.0,0.0,0.0,0.0,1.0,0.0,0.0,0.016046645,0.18816076,1.0,2020-04-17 23:52:24.000322
200,0.0014718672643339,0.014915426925328996,0.173828125,1,0.0032621992660051,0.0953692236071218,0.0,0.0,0.0,0.0,1.0,0.0,0.0,0.01598909,0.1884869,1.0,2020-04-17 23:55:00.000993
201,0.0039472803907138,0.0161868995813217,0.1777343749999999,1,0.0090390104662226,0.0949827399931487,0.0,0.0,0.0,0.0,1.0,0.0,0.0,0.016027344,0.1883153,1.0,2020-04-17 23:58:14.000779
202,0.001940188666622,0.0165541837173535,0.173828125,1,0.0029223868424629,0.0948641597934069,0.0,0.0,0.0,0.0,0.0,1.0,0.0,0.014148202,0.19366178,1.0,2020-04-18 00:01:49.000793
203,0.0135144176088847,0.0150193040792108,0.171875,1,0.0013592496941688,0.0954834119476139,0.0,0.0,0.0,0.0,0.0,1.0,0.0,0.014142666000000003,0.19372061,1.0,2020-04-18 00:08:22.000013
204,0.0082290760687763,0.0163567822725091,0.173828125,1,0.0058447736849259,0.0946313912531731,0.0,0.0,0.0,0.0,0.0,1.0,0.0,0.014116878,0.19386326,1.0,2020-04-18 00:15:17.000369
205,0.0149862848732187,0.016313036125321003,0.17578125,1,0.0095827103438901,0.09539557476262,0.0,0.0,0.0,0.0,0.0,1.0,0.0,0.014032802,0.19433923,1.0,2020-04-18 00:19:46.000983
206,0.0022747039539706,0.0159173346298059,0.18359375,1,0.0082234606497213,0.0948509842156578,0.0,0.0,0.0,0.0,0.0,1.0,0.0,0.0141952615,0.19344589,1.0,2020-04-18 00:23:30.000454
207,0.0031444437010771,0.0150009393475226,0.166015625,1,0.0003398124235422,0.0950090911486468,0.0,0.0,0.0,0.0,0.0,1.0,0.0,0.014224552,0.19321299,1.0,2020-04-18 00:27:40.000391
208,0.003412055930956,0.0154584682831604,0.166015625,1,0.0032621992660051,0.0943898389944399,0.0,0.0,0.0,0.0,0.0,1.0,0.0,0.014159732,0.19356102,1.0,2020-04-18 00:32:53.000050
209,0.001940188666622,0.0149728768113681,0.171875,1,0.0065243985320103,0.0943371366834435,0.0,0.0,0.0,0.0,0.0,1.0,0.0,0.014260113,0.19305125,1.0,2020-04-18 00:39:19.000785
210,0.0072255302067304,0.0161058528941573,0.162109375,1,0.0020388745412532,0.0944513250239356,0.0,0.0,0.0,0.0,0.0,1.0,0.0,0.014196468500000003,0.19337747,1.0,2020-04-18 00:44:38.000104
211,0.0030775406436074,0.0162824310385691,0.1699218749999999,1,0.0028544243577545,0.0947499714529148,0.0,0.0,0.0,0.0,0.0,1.0,0.0,0.014112195,0.19383895,1.0,2020-04-18 00:48:09.000999
212,0.0009366428045761,0.0148863922992268,0.17578125,1,0.0036699741742558,0.0945655133644277,0.0,0.0,0.0,0.0,0.0,1.0,0.0,0.014150228,0.19366154,1.0,2020-04-18 00:53:07.000722
213,0.0095671372181708,0.0163726401458875,0.171875,1,0.0084953105885551,0.0943107855279454,0.0,0.0,0.0,0.0,0.0,1.0,0.0,0.014205927,0.193382,1.0,2020-04-18 00:59:21.000430
214,0.0011373519769853,0.016667214893204,0.1679687499999999,1,0.0021747995106701,0.0949607806969002,0.0,0.0,0.0,0.0,0.0,1.0,0.0,0.014115745,0.19381201,1.0,2020-04-18 01:03:00.000851
215,0.0058874690573359,0.0151389866178129,0.17578125,1,0.0037379366589642,0.0966867813820302,0.0,0.0,0.0,0.0,0.0,1.0,0.0,0.013959236000000002,0.19469133,1.0,2020-04-18 01:09:43.000964
216,0.0016725764367431,0.0149227942333768,0.189453125,1,0.0023786869647954,0.0949476051191511,0.0,0.0,0.0,0.0,0.0,1.0,0.0,0.014101408,0.19396816,1.0,2020-04-18 01:13:32.000973
217,0.0022747039539706,0.0148996929251837,0.173828125,1,0.0052331113225499,0.0949519969784008,0.0,0.0,0.0,0.0,0.0,1.0,0.0,0.014001327,0.19444424,1.0,2020-04-18 01:18:20.000141
218,0.0024085100689101,0.0149778128447737,0.185546875,1,0.0018349870871279,0.492186882394793,0.0,0.0,0.0,0.0,0.0,1.0,0.0,0.014150331,0.19369185,1.0,2020-04-18 01:26:47.000001
219,0.0001338061149394,0.0150939450505434,0.1699218749999999,1,0.0103982601603914,0.0951101039113898,0.0,0.0,0.0,0.0,0.0,1.0,0.0,0.013929822,0.194825,1.0,2020-04-18 01:29:55.000673
220,0.0028768314711982,0.0161787743370512,0.193359375,1,0.0019709120565447,0.4924064753572778,0.0,0.0,0.0,0.0,0.0,1.0,0.0,0.014042057,0.19433397,1.0,2020-04-18 01:34:00.000492
221,0.0021408978390312,0.016144963243064,0.1796874999999999,1,0.0104662226450999,0.4975844774126679,0.0,0.0,0.0,0.0,0.0,1.0,0.0,0.014148623,0.19370553,1.0,2020-04-18 01:38:12.000755
222,0.0046163109654111,0.0168373789235988,0.171875,1,0.001087399755335,0.0976617741354625,0.0,0.0,0.0,0.0,0.0,1.0,0.0,0.013909153999999998,0.19496644,1.0,2020-04-18 01:45:59.000570
223,0.0026092192413193,0.0158780458194617,0.1953125,1,0.0036699741742558,0.4924635695275238,0.0,0.0,0.0,0.0,0.0,1.0,0.0,0.013995657,0.1945858,1.0,2020-04-18 01:49:38.000442
224,0.0138489328962333,0.0157738033445197,0.18359375,1,0.0079516107108875,0.0950837527558916,0.0,0.0,0.0,0.0,0.0,1.0,0.0,0.013976652,0.19466427,1.0,2020-04-18 01:54:13.000985
225,0.0015387703218037,0.0154980657268141,0.1875,1,0.0011553622400434,0.0944557168831853,0.0,0.0,0.0,0.0,0.0,1.0,0.0,0.013796998,0.19561109,1.0,2020-04-18 01:56:09.000557
226,0.0037465712183046,0.0149183872856446,0.203125,1,0.002786461873046,0.0945347703496798,0.0,0.0,0.0,0.0,0.0,1.0,0.0,0.013877684,0.19524372,1.0,2020-04-18 02:04:51.000825
227,0.0035458620458954,0.0149777057679112,0.193359375,1,0.0027184993883376,0.0950749690373922,0.0,0.0,0.0,0.0,0.0,1.0,0.0,0.013993887,0.1945726,1.0,2020-04-18 02:10:07.000038
228,0.0054191476550478,0.0149569055624882,0.18359375,1,0.0031262742965882,0.0947894981861621,0.0,0.0,0.0,0.0,0.0,1.0,0.0,0.014071964,0.19411486,1.0,2020-04-18 02:16:09.000303
229,0.0035458620458954,0.0150829623237273,0.1777343749999999,1,0.0012233247247519,0.0946489586901719,0.0,0.0,0.0,0.0,0.0,1.0,0.0,0.014128642,0.19379652,1.0,2020-04-18 02:18:58.000774
230,0.007560045494079,0.0164660447627097,0.173828125,1,0.0106021476145167,0.0945874726606761,0.0,0.0,0.0,0.0,0.0,1.0,0.0,0.0139090065,0.19498417,1.0,2020-04-18 02:26:17.000457
231,0.0006021275172275,0.0161256621137157,0.1953125,1,0.0012233247247519,0.0952286841111316,0.0,0.0,0.0,0.0,0.0,1.0,0.0,0.013891952,0.1951423,1.0,2020-04-18 02:29:33.000285
232,0.00976784639058,0.0156923010558032,0.193359375,1,0.0012233247247519,0.0946269993939234,0.0,0.0,0.0,0.0,0.0,1.0,0.0,0.013922721,0.19499528,1.0,2020-04-18 02:36:13.000661
233,0.0,0.0162030702871022,0.19140625,1,0.0006116623623759,0.0945259866311804,0.0,0.0,0.0,0.0,0.0,1.0,0.0,0.01371091,0.19609693,1.0,2020-04-18 02:39:42.000942
234,0.0086973974710644,0.015030150335516,0.2109375,1,0.0039418241130895,0.094574297082927,0.0,0.0,0.0,0.0,0.0,1.0,0.0,0.013809064,0.19566339,1.0,2020-04-18 02:43:42.000122
235,0.00488392319529,0.0150361634361853,0.19921875,1,0.0082234606497213,0.0947631470306639,0.0,0.0,0.0,0.0,0.0,1.0,0.0,0.01407429,0.19418114,1.0,2020-04-18 02:48:02.000326
236,0.0052184384826386,0.0160871186423162,0.17578125,1,0.0023107244800869,0.0951584143631365,0.0,0.0,0.0,0.0,0.0,1.0,0.0,0.014090417,0.19400278,1.0,2020-04-18 02:58:03.000120
237,0.0066234026895029,0.0161720683860953,0.1777343749999999,1,0.0048253364142993,0.0946928772826688,0.0,0.0,0.0,0.0,0.0,1.0,0.0,0.014166165,0.19359353,1.0,2020-04-18 03:02:59.000716
238,0.0018732856091523,0.0151610948405952,0.1699218749999999,1,0.0,0.0944513250239356,0.0,0.0,0.0,0.0,0.0,1.0,0.0,0.014215093,0.19327202,1.0,2020-04-18 03:08:47.000198
239,0.001940188666622,0.0149306969257369,0.166015625,1,0.0019709120565447,0.0947148365789173,0.0,0.0,0.0,0.0,0.0,1.0,0.0,0.014056969,0.19411525,1.0,2020-04-18 03:12:27.000644
240,0.009031912758413,0.0154978536726355,0.181640625,1,0.012029359793393998,0.09539557476262,0.0,0.0,0.0,0.0,0.0,1.0,0.0,0.014210967,0.19339004,1.0,2020-04-18 03:19:32.000414
241,0.0131129992640663,0.0167440162977031,0.166015625,1,0.0006796248470844,0.0948992946674045,0.0,0.0,0.0,0.0,0.0,1.0,0.0,0.013981892,0.19456396,1.0,2020-04-18 03:28:04.000191
242,0.0034789589884257,0.015404440657628,0.189453125,1,0.0093788228897648,0.0946445668309222,0.0,0.0,0.0,0.0,0.0,1.0,0.0,0.014206592,0.19340785,1.0,2020-04-18 03:33:24.000278
243,0.0069579179768515,0.0148720544973864,0.1640625,1,0.0037379366589642,0.0945391622089295,0.0,0.0,0.0,0.0,0.0,1.0,0.0,0.014190258,0.19340521,1.0,2020-04-18 03:37:47.000516
244,0.0012711580919248,0.0159335452269666,0.1699218749999999,1,0.0009514747859181,0.0951540225038868,0.0,0.0,0.0,0.0,0.0,1.0,0.0,0.014216367,0.19327128,1.0,2020-04-18 03:41:25.000550
245,0.0124439686893691,0.0150993408845938,0.166015625,1,0.0006796248470844,0.0950222667263959,0.0,0.0,0.0,0.0,0.0,1.0,0.0,0.014313346,0.19275804,1.0,2020-04-18 03:50:13.000280
246,0.0095671372181708,0.0153137192610068,0.1582031249999999,1,0.0010194372706266,0.094618215675424,0.0,0.0,0.0,0.0,0.0,1.0,0.0,0.014175113,0.19345957,1.0,2020-04-18 03:56:54.000749
247,0.0038134742757744,0.014956943354321997,0.171875,1,0.0055729237460921,0.0950090911486468,0.0,0.0,0.0,0.0,0.0,1.0,0.0,0.014242547,0.19315663,1.0,2020-04-18 04:03:21.000355
248,0.0016056733792734,0.0165549185585666,0.1640625,1,0.0085632730732635,0.0945874726606761,0.0,0.0,0.0,0.0,0.0,1.0,0.0,0.014213197,0.19328739,1.0,2020-04-18 04:06:16.000056
249,0.0092326219308222,0.0165846187408532,0.1679687499999999,1,0.0019029495718363,0.0951101039113898,0.0,0.0,0.0,0.0,0.0,1.0,0.0,0.014207957,0.1933451,1.0,2020-04-18 04:11:37.000812
250,0.0058874690573359,0.015906444283028,0.1679687499999999,1,0.0061166236237596,0.095351656170123,0.0,0.0,0.0,0.0,0.0,1.0,0.0,0.014221335,0.19324675,1.0,2020-04-18 04:26:15.000785
251,0.0052184384826386,0.014966735638373,0.166015625,1,0.0003398124235422,0.0949124702451536,0.0,0.0,0.0,0.0,0.0,1.0,0.0,0.014141265,0.1936666,1.0,2020-04-18 04:33:05.000568
252,0.0003345152873486,0.0153171730147083,0.173828125,1,0.0008155498165012,0.0949080783859038,0.0,0.0,0.0,0.0,0.0,1.0,0.0,0.014232228,0.19320056,1.0,2020-04-18 04:36:28.000645
253,0.0037465712183046,0.0154949164073294,0.1640625,1,0.0049612613837161,0.0951452387853874,0.0,0.0,0.0,0.0,0.0,1.0,0.0,0.014249841,0.19307417,1.0,2020-04-18 04:43:25.000493
254,0.0006021275172275,0.0155406949153583,0.1640625,1,0.0006116623623759,0.0945391622089295,0.0,0.0,0.0,0.0,0.0,1.0,0.0,0.014108198,0.193847,1.0,2020-04-18 04:49:59.000403
255,0.0029437345286679,0.0167890452676947,0.1777343749999999,1,0.0021068370259616,0.094877335371156,0.0,0.0,0.0,0.0,0.0,1.0,0.0,0.014230423,0.19324848,1.0,2020-04-18 04:55:43.000195
256,0.0007359336321669,0.0157555330924161,0.1640625,1,0.0067962484708440005,0.0943459204019429,0.0,0.0,0.0,0.0,0.0,1.0,0.0,0.014098816,0.19387648,1.0,2020-04-18 04:58:36.000646
257,0.0046832140228808,0.0149725954721608,0.1777343749999999,1,0.0004077749082506,0.0947104447196676,0.0,0.0,0.0,0.0,0.0,1.0,0.0,0.014142249,0.19370666,1.0,2020-04-18 05:07:24.000509
258,0.0038134742757744,0.0150055331548776,0.171875,1,0.0,0.0950969283336407,0.0,0.0,0.0,0.0,0.0,1.0,0.0,0.013963969,0.19464296,1.0,2020-04-18 05:13:15.000423
259,0.0032113467585468,0.0149909518056636,0.189453125,1,0.010330297675683,0.0947104447196676,0.0,0.0,0.0,0.0,0.0,1.0,0.0,0.014206676,0.19340515,1.0,2020-04-18 05:19:14.000960
260,0.0021408978390312,0.0149919049996943,0.1640625,1,0.0054369987766752,0.0955492898363593,0.0,0.0,0.0,0.0,0.0,1.0,0.0,0.014190108,0.19339976,1.0,2020-04-18 05:20:45.000280
261,0.0056867598849267,0.0164058318737094,0.1699218749999999,1,0.017738208508903,0.0942932180909466,0.0,0.0,0.0,0.0,0.0,1.0,0.0,0.014072325,0.19406274,1.0,2020-04-18 05:28:01.000265
262,0.0008697397471064,0.0149006188251122,0.1796874999999999,1,0.0060486611390512,0.0945128110534313,0.0,0.0,0.0,0.0,0.0,1.0,0.0,0.014054937,0.19417846,1.0,2020-04-18 05:31:51.000687
263,0.000468321402288,0.0151811539061661,0.1796874999999999,1,0.0029903493271714,0.0955185468216114,0.0,0.0,0.0,0.0,0.0,1.0,0.0,0.01412251,0.19382688,1.0,2020-04-18 05:41:43.000214
264,0.0024085100689101,0.0161818543715072,0.173828125,1,0.0100584477368492,0.0945655133644277,0.0,0.0,0.0,0.0,0.0,1.0,0.0,0.014230829,0.19321194,1.0,2020-04-18 05:46:32.000821
265,0.0031444437010771,0.0148548550139075,0.1640625,1,0.0128449096098953,0.0947455795936651,0.0,0.0,0.0,0.0,0.0,1.0,0.0,0.014245547,0.193083,1.0,2020-04-18 05:56:29.000962
266,0.0079614638388974,0.0149113349095453,0.1640625,1,0.0012912872094603,0.094934429541402,0.0,0.0,0.0,0.0,0.0,1.0,0.0,0.014066406000000002,0.19407926,1.0,2020-04-18 06:01:48.000594
267,0.0061550812872148,0.0160668832148542,0.181640625,1,0.0107380725839336,0.094934429541402,0.0,0.0,0.0,0.0,0.0,1.0,0.0,0.013912164,0.19498244,1.0,2020-04-18 06:04:07.000953
268,0.010503780022747,0.0151997936784226,0.193359375,1,0.0006116623623759,0.1022029565996469,0.0,0.0,0.0,0.0,0.0,1.0,0.0,0.014066858,0.19421512,1.0,2020-04-18 06:10:29.000691
269,0.0048170201378202,0.016291488481407,0.1777343749999999,1,0.0058447736849259,0.0944513250239356,0.0,0.0,0.0,0.0,0.0,1.0,0.0,0.014110921,0.19390735,1.0,2020-04-18 06:14:20.000072
270,0.006355790459624,0.0166877442571513,0.17578125,1,0.0117575098545602,0.1009073581209869,0.0,0.0,0.0,0.0,0.0,1.0,0.0,0.013515495,0.19711193,1.0,2020-04-18 06:20:09.000733
271,0.0022078008965009,0.0151833647284443,0.232421875,1,0.0012912872094603,0.0961114478203202,0.0,0.0,0.0,0.0,0.0,1.0,0.0,0.014023071000000002,0.1945911,1.0,2020-04-18 06:25:54.000275
272,0.001940188666622,0.015957402371836,0.17578125,1,0.0097865977980154,0.095193549237134,0.0,0.0,0.0,0.0,0.0,1.0,0.0,0.014186138,0.19346046,1.0,2020-04-18 06:34:36.000874
273,0.0002676122298789,0.0149727130467549,0.1679687499999999,1,0.0176022835394862,0.095193549237134,0.0,0.0,0.0,0.0,0.0,1.0,0.0,0.014248051,0.19310379,1.0,2020-04-18 06:36:31.000665
274,0.0068910149193818,0.0168218317830762,0.1640625,1,0.0065923610167187,0.0951540225038868,0.0,0.0,0.0,0.0,0.0,1.0,0.0,0.014031194,0.1942929,1.0,2020-04-18 06:42:33.000240
275,0.0015387703218037,0.0170265165541154,0.185546875,1,0.0006116623623759,0.0944776761794338,0.0,0.0,0.0,0.0,0.0,1.0,0.0,0.014008463999999998,0.19447505,1.0,2020-04-18 06:47:48.000910
276,0.0018063825516826,0.0153848350940629,0.18359375,1,0.0097865977980154,0.0950969283336407,0.0,0.0,0.0,0.0,0.0,1.0,0.0,0.014173197,0.19355881,1.0,2020-04-18 06:53:23.000134
277,0.008295979126245998,0.0149155319026452,0.1679687499999999,1,0.0017670246024194,0.0945347703496798,0.0,0.0,0.0,0.0,0.0,1.0,0.0,0.0140374955,0.19424757,1.0,2020-04-18 06:57:37.000307
278,0.0066903057469726,0.015592060316153,0.18359375,1,0.0063884735625934,0.098057041467935,0.0,0.0,0.0,0.0,0.0,1.0,0.0,0.014093069,0.19400653,1.0,2020-04-18 07:03:06.000634
279,0.0125777748043085,0.0149076103143681,0.17578125,1,0.0064564360473018,0.1232750972796824,0.0,0.0,0.0,0.0,0.0,1.0,0.0,0.014177024,0.19354686,1.0,2020-04-18 07:11:29.000017
280,0.0024085100689101,0.0162275719926928,0.1699218749999999,1,0.0053010738072583,0.0950398341633947,0.0,0.0,0.0,0.0,0.0,1.0,0.0,0.0142246615,0.1932494,1.0,2020-04-18 07:14:05.000459
281,0.0054191476550478,0.0164840546710692,0.166015625,1,0.0063205110778850005,0.0947938900454118,0.0,0.0,0.0,0.0,0.0,1.0,0.0,0.014204821,0.19333315,1.0,2020-04-18 07:18:13.000075
282,0.0022747039539706,0.0151772508495515,0.1679687499999999,1,0.0070001359249694,0.0945391622089295,0.0,0.0,0.0,0.0,0.0,1.0,0.0,0.014078477,0.19401789,1.0,2020-04-18 07:27:35.000085
283,0.0106375861376864,0.0161065877353704,0.1796874999999999,1,0.0108739975533505,0.0948422004971584,0.0,0.0,0.0,0.0,0.0,1.0,0.0,0.014144117,0.19373032,1.0,2020-04-18 07:32:16.000798
284,0.0036127651033652,0.0150710620951679,0.171875,1,6.796248470844094e-05,0.0951452387853874,0.0,0.0,0.0,0.0,0.0,1.0,0.0,0.014200836,0.19338265,1.0,2020-04-18 07:37:44.000300
285,0.0044825048504716,0.0165862248937904,0.1679687499999999,1,0.0016310996330025,0.094833416778659,0.0,0.0,0.0,0.0,0.0,1.0,0.0,0.014369277,0.1924511,1.0,2020-04-18 07:42:00.000556
286,0.0006690305746972,0.0151096895484204,0.15234375,1,0.0023107244800869,0.0944688924609344,0.0,0.0,0.0,0.0,0.0,1.0,0.0,0.013978213,0.19449191,1.0,2020-04-18 07:46:15.000735
287,0.0018732856091523,0.0164987640926089,0.19140625,1,0.0055729237460921,0.0969810359517598,0.0,0.0,0.0,0.0,0.0,1.0,0.0,0.0140056275,0.19452727,1.0,2020-04-18 07:50:31.000919
288,0.0016056733792734,0.0165497116836853,0.18359375,1,0.0056408862308005,0.0949476051191511,0.0,0.0,0.0,0.0,0.0,1.0,0.0,0.013844211,0.19534609,1.0,2020-04-18 07:55:34.000604
289,0.0050846323676992,0.0148953825565824,0.19921875,1,0.0042816365366317,0.0947675388899136,0.0,0.0,0.0,0.0,0.0,1.0,0.0,0.013701562,0.1961845,1.0,2020-04-18 08:02:19.000732
290,0.0120425503445507,0.0149661099735687,0.2109375,1,0.0048253364142993,0.0944908517571828,0.0,0.0,0.0,0.0,0.0,1.0,0.0,0.0141991675,0.19356062,1.0,2020-04-18 08:07:10.000953
291,0.0036127651033652,0.0149674956741419,0.162109375,1,0.0112138099768927,0.0959840839020791,0.0,0.0,0.0,0.0,0.0,1.0,0.0,0.014150031,0.19360667,1.0,2020-04-18 08:16:38.000278
292,0.0020070917240917,0.0160191752237543,0.173828125,1,0.0048253364142993,0.4932584960517186,0.0,0.0,0.0,0.0,0.0,1.0,0.0,0.01421031,0.19332242,1.0,2020-04-18 08:20:43.000243
293,0.0042148926205927,0.0150029402151686,0.166015625,1,0.0012912872094603,0.4923405974685323,0.0,0.0,0.0,0.0,0.0,1.0,0.0,0.014145216,0.19365351,1.0,2020-04-18 08:25:58.000438
294,0.0054191476550478,0.0161653393401297,0.173828125,1,0.0016310996330025,0.4919980324470562,0.0,0.0,0.0,0.0,0.0,1.0,0.0,0.013866451,0.1952065,1.0,2020-04-18 08:29:29.000681
295,0.0108382953100956,0.0161289940937305,0.19921875,1,0.0030583118118798,0.4916730348625787,0.0,0.0,0.0,0.0,0.0,1.0,0.0,0.014123121,0.19394866,1.0,2020-04-18 08:35:28.000770
296,0.0008697397471064,0.0166865517148398,0.171875,1,0.0033301617507136,0.4919628975730586,0.0,0.0,0.0,0.0,0.0,1.0,0.0,0.0141377,0.19372696,1.0,2020-04-18 08:38:37.000313
297,0.0006690305746972,0.0164963055238645,0.173828125,1,0.0009514747859181,0.4951865222623346,0.0,0.0,0.0,0.0,0.0,1.0,0.0,0.014109815,0.1938751,1.0,2020-04-18 08:47:03.000009
298,0.0040141834481835,0.0157759868726957,0.17578125,1,0.0121652847628109,0.4921561393800452,0.0,0.0,0.0,0.0,0.0,1.0,0.0,0.014145745,0.19368374,1.0,2020-04-18 08:53:27.000837
299,0.0064895965745634,0.0150277295586054,0.171875,1,0.0014951746635857,0.4925689741495165,0.0,0.0,0.0,0.0,0.0,1.0,0.0,0.014077771,0.19405597,1.0,2020-04-18 08:56:39.000805
300,0.0022747039539706,0.0166457932220694,0.1796874999999999,1,0.0028544243577545,0.4929774170597381,0.0,0.0,0.0,0.0,0.0,1.0,0.0,0.014208043,0.19337988,1.0,2020-04-18 09:06:47.000764
301,0.0028768314711982,0.016145164799511003,0.166015625,1,0.0054369987766752,0.4921078289282985,0.0,0.0,0.0,0.0,0.0,1.0,0.0,0.014285577,0.19288409,1.0,2020-04-18 09:12:36.000190
302,0.0030775406436074,0.0149036421718174,0.1601562499999999,1,0.0182139459018621,0.4921078289282985,0.0,0.0,0.0,0.0,0.0,1.0,0.0,0.014168957,0.19348288,1.0,2020-04-18 09:15:43.000976
303,0.0052184384826386,0.0151499063582394,0.171875,1,0.0020388745412532,0.095237467829631,0.0,0.0,0.0,0.0,0.0,1.0,0.0,0.014194487,0.19340438,1.0,2020-04-18 09:20:53.000034
304,0.0014049642068642,0.0151974064942532,0.1679687499999999,1,0.0015631371482941,0.094833416778659,0.0,0.0,0.0,0.0,0.0,1.0,0.0,0.014224468,0.19322765,1.0,2020-04-18 09:24:20.000793
305,0.0059543721148056,0.0161668972035015,0.166015625,1,0.0048932988990077,0.1024489007176298,0.0,0.0,0.0,0.0,0.0,1.0,0.0,0.014267523,0.19299302,1.0,2020-04-18 09:30:15.000296
306,0.0023416070114404,0.0151275398912594,0.162109375,1,0.0003398124235422,0.0946094319569246,0.0,0.0,0.0,0.0,0.0,1.0,0.0,0.0142356865,0.19314748,1.0,2020-04-18 09:36:17.000657
307,0.0117080350572021,0.0164693578468075,0.166015625,1,0.0088351230120973,0.09467530984567,0.0,0.0,0.0,0.0,0.0,1.0,0.0,0.014020454,0.19434541,1.0,2020-04-18 09:44:51.000960
308,0.0098347494480497,0.0150782047517591,0.185546875,1,0.0049612613837161,0.0959182060133336,0.0,0.0,0.0,0.0,0.0,1.0,0.0,0.0141542815,0.19369042,1.0,2020-04-18 09:50:37.000837
309,0.0002007091724091,0.0150225688737432,0.1699218749999999,1,0.0012912872094603,0.09467530984567,0.0,0.0,0.0,0.0,0.0,1.0,0.0,0.0140676,0.19406268,1.0,2020-04-18 09:51:21.000642
310,0.0018063825516826,0.0148590289119979,0.1796874999999999,1,0.0004077749082506,0.0946797017049197,0.0,0.0,0.0,0.0,0.0,1.0,0.0,0.014199393,0.19339615,1.0,2020-04-18 09:55:50.000306
311,0.0035458620458954,0.0148823044825358,0.166015625,1,0.0040777490825064,0.094776322608413,0.0,0.0,0.0,0.0,0.0,1.0,0.0,0.014138499,0.19367218,1.0,2020-04-18 10:00:23.000766
312,0.0012711580919248,0.0149963014496949,0.173828125,1,0.0024466494495038,0.0953560480293727,0.0,0.0,0.0,0.0,0.0,1.0,0.0,0.014250401,0.19309539,1.0,2020-04-18 10:06:48.000095
313,0.0005352244597578,0.0149245683500198,0.162109375,1,0.0013592496941688,0.0951847655186346,0.0,0.0,0.0,0.0,0.0,1.0,0.0,0.014045698999999998,0.19416597,1.0,2020-04-18 10:13:27.000290
314,0.0089650097009433,0.0163437881803154,0.18359375,1,0.0012233247247519,0.0997610828568166,0.0,0.0,0.0,0.0,0.0,1.0,0.0,0.013953967,0.1947783,1.0,2020-04-18 10:18:57.000396
315,0.0078276577239579,0.0155228844638995,0.189453125,1,0.0023107244800869,0.0950003074301474,0.0,0.0,0.0,0.0,0.0,1.0,0.0,0.014230581,0.19329223,1.0,2020-04-18 10:23:47.000962
316,0.0029437345286679,0.0149829651314506,0.162109375,1,0.000475737392959,0.095610775865855,0.0,0.0,0.0,0.0,0.0,1.0,0.0,0.014104411,0.19384316,1.0,2020-04-18 10:30:10.000851
317,0.0014049642068642,0.0153644296033486,0.1777343749999999,1,0.0142041593040641,0.49223080098729,0.0,0.0,0.0,0.0,0.0,1.0,0.0,0.014497641499999997,0.1918827,1.0,2020-04-18 10:38:14.000659
318,0.0003345152873486,0.0228398348931048,0.142578125,1,0.0002718499388337,0.4921605312392949,0.0,0.0,0.0,0.0,0.0,1.0,0.0,0.014230808,0.19314077,1.0,2020-04-18 10:43:23.000146
319,0.0038803773332441,0.0165786077397301,0.1699218749999999,1,0.0009514747859181,0.4926041090235141,0.0,0.0,0.0,0.0,0.0,1.0,0.0,0.014154701,0.19361377,1.0,2020-04-18 10:51:58.000523
320,0.0028768314711982,0.0149006209246585,0.171875,1,0.0163109963300258,0.4926041090235141,0.0,0.0,0.0,0.0,0.0,1.0,0.0,0.014035013999999998,0.19427854,1.0,2020-04-18 10:55:44.000392
321,0.0053522445975781,0.0168226716016055,0.18359375,1,0.0034660867201304,0.4921297882245471,0.0,0.0,0.0,0.0,0.0,1.0,0.0,0.01414131,0.19376639,1.0,2020-04-18 11:05:04.000311
322,0.0067572088044423,0.0161085550102751,0.171875,1,6.796248470844094e-05,0.4926787706307589,0.0,0.0,0.0,0.0,0.0,1.0,0.0,0.01413331,0.19374523,1.0,2020-04-18 11:10:13.000070
323,0.0009366428045761,0.0151291040532701,0.173828125,1,0.0058447736849259,0.4923318137500329,0.0,0.0,0.0,0.0,0.0,1.0,0.0,0.014188187,0.19343303,1.0,2020-04-18 11:17:05.000900
324,0.0018732856091523,0.0150507825772331,0.1679687499999999,1,0.0117575098545602,0.4922527602835384,0.0,0.0,0.0,0.0,0.0,1.0,0.0,0.0142816305,0.1929048,1.0,2020-04-18 11:20:28.000797
325,0.0066234026895029,0.0150471482625478,0.1601562499999999,1,0.0012233247247519,0.4924284346535263,0.0,0.0,0.0,0.0,0.0,1.0,0.0,0.014254291,0.19303077,1.0,2020-04-18 11:26:44.000390
326,0.005619856827457,0.0149932823020823,0.1640625,1,0.0047573739295908,0.0952901701406273,0.0,0.0,0.0,0.0,0.0,1.0,0.0,0.014102509,0.19386815,1.0,2020-04-18 11:33:24.000064
327,0.0020739947815615,0.0152688120647019,0.1777343749999999,1,0.0025146119342123,0.0952638189851291,0.0,0.0,0.0,0.0,0.0,1.0,0.0,0.01404072,0.19425887,1.0,2020-04-18 11:38:16.000076
328,0.000468321402288,0.0156544714301536,0.181640625,1,0.0062525485931765,0.0944776761794338,0.0,0.0,0.0,0.0,0.0,1.0,0.0,0.014259625,0.19308281,1.0,2020-04-18 11:41:50.000679
329,0.0107044891951562,0.0149861228491205,0.1601562499999999,1,0.0044175615060486,0.4922747195797869,0.0,0.0,0.0,0.0,0.0,1.0,0.0,0.014194401,0.19336699,1.0,2020-04-18 11:52:19.000760
330,0.0016056733792734,0.0151449430307316,0.1699218749999999,1,0.0067962484708440005,0.0948026737639112,0.0,0.0,0.0,0.0,0.0,1.0,0.0,0.014215276,0.193271,1.0,2020-04-18 11:56:10.000461
331,0.0037465712183046,0.0149994465700869,0.166015625,1,6.796248470844094e-05,0.0950178748671462,0.0,0.0,0.0,0.0,0.0,1.0,0.0,0.0139721725,0.19457209,1.0,2020-04-18 12:01:54.000370
332,0.0129122900916571,0.0149256769104784,0.189453125,1,6.796248470844094e-05,0.492344989327782,0.0,0.0,0.0,0.0,0.0,1.0,0.0,0.013946122,0.19484568,1.0,2020-04-18 12:09:13.000858
333,0.004147989563122999,0.0154816871659476,0.189453125,1,0.0083593856191382,0.4920463428988029,0.0,0.0,0.0,0.0,0.0,1.0,0.0,0.01416783,0.19362538,1.0,2020-04-18 12:15:14.000589
334,0.0008697397471064,0.0153263690276034,0.1679687499999999,1,0.0029223868424629,0.5116340351524414,0.0,0.0,0.0,0.0,0.0,1.0,0.0,0.013790615,0.19557607,1.0,2020-04-18 12:17:30.000516
335,0.0080283668963671,0.0163588860179249,0.20703125,1,0.0038058991436726,0.0950222667263959,0.0,0.0,0.0,0.0,0.0,1.0,0.0,0.014100546,0.1940755,1.0,2020-04-18 12:30:19.000590
336,0.0003345152873486,0.0148920421783823,0.171875,1,0.0027184993883376,0.0952857782813776,0.0,0.0,0.0,0.0,0.0,1.0,0.0,0.014085431,0.1939742,1.0,2020-04-18 12:33:42.000533
337,0.0184652438616444,0.0148715002171571,0.1777343749999999,1,0.000475737392959,0.0949212539636529,0.0,0.0,0.0,0.0,0.0,1.0,0.0,0.014192263,0.19347437,1.0,2020-04-18 12:42:39.000630
338,0.0017394794942128,0.0151065129348335,0.1679687499999999,1,0.0019029495718363,0.0957952339543422,0.0,0.0,0.0,0.0,0.0,1.0,0.0,0.014177078,0.19347039,1.0,2020-04-18 12:45:06.000941
339,0.0040141834481835,0.015111948660263996,0.1699218749999999,1,0.0005436998776675,0.0946269993939234,0.0,0.0,0.0,0.0,0.0,1.0,0.0,0.014259113,0.19304192,1.0,2020-04-18 12:51:03.000825
340,0.0260252893557235,0.0150964750038627,0.162109375,1,0.0019709120565447,0.1020053229334106,0.0,0.0,0.0,0.0,0.0,1.0,0.0,0.0138922315,0.1950593,1.0,2020-04-18 13:01:12.000906
341,0.0030775406436074,0.0157331519286118,0.19921875,1,0.0005436998776675,0.095193549237134,0.0,0.0,0.0,0.0,0.0,1.0,0.0,0.014049068,0.19430754,1.0,2020-04-18 13:03:09.000180
342,0.0018732856091523,0.0152753332555815,0.1777343749999999,1,0.0002718499388337,0.0948422004971584,0.0,0.0,0.0,0.0,0.0,1.0,0.0,0.014107101,0.19390976,1.0,2020-04-18 13:09:07.000622
343,0.0037465712183046,0.0164724987681069,0.17578125,1,0.0002038874541253,0.0946972691419185,0.0,0.0,0.0,0.0,0.0,1.0,0.0,0.014147662,0.19368106,1.0,2020-04-18 13:12:20.000491
344,0.0008028366896367,0.0152974099851689,0.171875,1,0.0035340492048389,0.0946313912531731,0.0,0.0,0.0,0.0,0.0,1.0,0.0,0.014175974,0.19350481,1.0,2020-04-18 13:19:05.000130
345,0.0076269485515488,0.0161018322629485,0.1699218749999999,1,0.0024466494495038,0.4928280938452485,0.0,0.0,0.0,0.0,0.0,1.0,0.0,0.014059445,0.19415227,1.0,2020-04-18 13:24:41.000863
346,0.0015387703218037,0.0162309564613656,0.181640625,1,0.0012233247247519,0.4919672894323083,0.0,0.0,0.0,0.0,0.0,1.0,0.0,0.013949683,0.19476557,1.0,2020-04-18 13:30:43.000457
347,0.0018732856091523,0.0150103075232163,0.189453125,1,0.0090390104662226,0.4920858696320501,0.0,0.0,0.0,0.0,0.0,1.0,0.0,0.0141311735,0.19382966,1.0,2020-04-18 13:34:02.000312
348,0.0064895965745634,0.0165771821477768,0.171875,1,0.0083593856191382,0.4921605312392949,0.0,0.0,0.0,0.0,0.0,1.0,0.0,0.014058301,0.194172,1.0,2020-04-18 13:42:14.000723
349,0.0117080350572021,0.0166085472702976,0.181640625,1,0.0105341851298083,0.0948817272304057,0.0,0.0,0.0,0.0,0.0,1.0,0.0,0.014042081,0.19430503,1.0,2020-04-18 13:49:19.000549
350,0.0050846323676992,0.0157183879188678,0.181640625,1,0.0048253364142993,0.0946489586901719,0.0,0.0,0.0,0.0,0.0,1.0,0.0,0.014054377,0.1942053,1.0,2020-04-18 13:53:36.000979
351,0.0028768314711982,0.0150165221803327,0.1796874999999999,1,0.0024466494495038,0.0949036865266542,0.0,0.0,0.0,0.0,0.0,1.0,0.0,0.013972638,0.19462754,1.0,2020-04-18 13:56:48.000905
352,0.0036127651033652,0.0149966289789213,0.1875,1,0.0014272121788772,0.0955053712438623,0.0,0.0,0.0,0.0,0.0,1.0,0.0,0.014197361,0.19346799,1.0,2020-04-18 14:01:35.000331
353,0.0196025958386298,0.0165558024675686,0.166015625,1,0.0003398124235422,0.0947060528604179,0.0,0.0,0.0,0.0,0.0,1.0,0.0,0.01410936,0.19388977,1.0,2020-04-18 14:10:52.000366
354,0.0017394794942128,0.0153021612584981,0.1777343749999999,1,0.0029903493271714,0.0947851063269124,0.0,0.0,0.0,0.0,0.0,1.0,0.0,0.0140436515,0.19424972,1.0,2020-04-18 14:12:54.000577
355,0.0020739947815615,0.0162423276042515,0.181640625,1,0.0102623351909745,0.0946226075346737,0.0,0.0,0.0,0.0,0.0,1.0,0.0,0.014032191,0.19432026,1.0,2020-04-18 14:20:08.000084
356,0.0036796681608349,0.0149619591704879,0.181640625,1,0.0104662226450999,0.0948729435119063,0.0,0.0,0.0,0.0,0.0,1.0,0.0,0.014156612,0.19364339,1.0,2020-04-18 14:24:41.000770
357,0.0081621730113066,0.0150235640587004,0.1699218749999999,1,0.0002038874541253,0.1023610635326359,0.0,0.0,0.0,0.0,0.0,1.0,0.0,0.014136123,0.19371757,1.0,2020-04-18 14:35:14.000411
358,0.0012711580919248,0.0151432360995709,0.173828125,1,0.0025146119342123,0.0943371366834435,0.0,0.0,0.0,0.0,0.0,1.0,0.0,0.014194423,0.19341487,1.0,2020-04-18 14:38:54.000298
359,0.0018732856091523,0.0161839497187377,0.1679687499999999,1,0.0137963843958135,0.0943371366834435,0.0,0.0,0.0,0.0,0.0,1.0,0.0,0.014103363999999997,0.1938976,1.0,2020-04-18 14:41:40.000202
360,0.0056867598849267,0.0167413351770485,0.1777343749999999,1,0.0014951746635857,0.0951320632076383,0.0,0.0,0.0,0.0,0.0,1.0,0.0,0.014123943,0.19382182,1.0,2020-04-18 14:51:09.000426
361,0.0095002341607011,0.015047578669544,0.173828125,1,0.0007475873317928,0.0944513250239356,0.0,0.0,0.0,0.0,0.0,1.0,0.0,0.014157444,0.19363666,1.0,2020-04-18 14:55:58.000623
362,0.0045494079079413,0.0162065219412574,0.171875,1,0.0046894114448824,0.0948509842156578,0.0,0.0,0.0,0.0,0.0,1.0,0.0,0.014215305,0.19329607,1.0,2020-04-18 15:02:25.000494
363,0.0092326219308222,0.0150667139347328,0.166015625,1,0.00740791083322,0.0946840935641694,0.0,0.0,0.0,0.0,0.0,1.0,0.0,0.0140620135,0.19411051,1.0,2020-04-18 15:10:28.000393
364,0.0032782498160165,0.0156229005520931,0.181640625,1,0.001087399755335,0.0964627965602958,0.0,0.0,0.0,0.0,0.0,1.0,0.0,0.014180241,0.19352524,1.0,2020-04-18 15:20:44.000625
365,0.0066234026895029,0.0154757013593804,0.1679687499999999,1,0.0070680984096778,0.094561121505178,0.0,0.0,0.0,0.0,0.0,1.0,0.0,0.014161052,0.1935772,1.0,2020-04-18 15:26:02.000641
366,0.0002676122298789,0.0154296268153199,0.171875,1,0.0186217208101128,0.094561121505178,0.0,0.0,0.0,0.0,0.0,1.0,0.0,0.014316581,0.19273052,1.0,2020-04-18 15:28:53.000348
367,0.0186659530340536,0.0149651084899726,0.15625,1,0.0045534864754655,0.0948290249194093,0.0,0.0,0.0,0.0,0.0,1.0,0.0,0.014267214,0.1929762,1.0,2020-04-18 15:36:12.000965
368,0.0029437345286679,0.0149725681780586,0.1640625,1,0.0125050971863531,0.103480987641308,0.0,0.0,0.0,0.0,0.0,1.0,0.0,0.014188644,0.19340521,1.0,2020-04-18 15:41:01.000083
369,0.0046163109654111,0.0160439687662838,0.1699218749999999,1,0.0124371347016446,0.0953296968738746,0.0,0.0,0.0,0.0,0.0,1.0,0.0,0.014203025,0.19336665,1.0,2020-04-18 15:47:25.000277
370,0.0030106375861376,0.0161456120028779,0.1679687499999999,1,0.0016310996330025,0.0944469331646859,0.0,0.0,0.0,0.0,0.0,1.0,0.0,0.014136916,0.19369823,1.0,2020-04-18 15:54:13.000419
371,0.0066903057469726,0.0150923200016893,0.173828125,1,0.0023107244800869,0.5174795998137852,0.0,0.0,0.0,0.0,0.0,1.0,0.0,0.013990864,0.1945321,1.0,2020-04-18 16:06:17.000529
372,0.0046832140228808,0.0163837236509272,0.1875,1,0.001087399755335,0.5176860171985208,0.0,0.0,0.0,0.0,0.0,1.0,0.0,0.014169453,0.19361016,1.0,2020-04-18 16:09:05.000256
373,0.0014049642068642,0.0148506916135488,0.1679687499999999,1,0.0019029495718363,0.0949432132599014,0.0,0.0,0.0,0.0,0.0,1.0,0.0,0.014136476,0.19369084,1.0,2020-04-18 16:12:50.000176
374,0.002676122298789,0.0154160700447117,0.173828125,1,0.0049612613837161,0.516921833689074,0.0,0.0,0.0,0.0,0.0,1.0,0.0,0.0143366605,0.1926389,1.0,2020-04-18 16:18:32.000974
375,0.0072924332642001,0.0151080309068251,0.154296875,1,0.0078156857414707,0.5169262255483236,0.0,0.0,0.0,0.0,0.0,1.0,0.0,0.014076931,0.19396986,1.0,2020-04-18 16:25:31.000249
376,0.0014718672643339,0.0153189009413322,0.181640625,1,0.005708848715508999,0.5183799309599726,0.0,0.0,0.0,0.0,0.0,1.0,0.0,0.014259411,0.19308317,1.0,2020-04-18 16:32:19.000610
377,0.0024085100689101,0.0148950613259949,0.1601562499999999,1,0.0021747995106701,0.4932014018814726,0.0,0.0,0.0,0.0,0.0,1.0,0.0,0.014231892,0.193142,1.0,2020-04-18 16:40:07.000218
378,0.0013380611493945,0.0152160420674171,0.166015625,1,0.0022427619953785,0.4917520883290733,0.0,0.0,0.0,0.0,0.0,1.0,0.0,0.013992477,0.19445917,1.0,2020-04-18 16:43:03.000697
379,0.0078276577239579,0.015081375066707,0.1875,1,0.0084273481038466,0.4952611838695794,0.0,0.0,0.0,0.0,0.0,1.0,0.0,0.013945349,0.19482696,1.0,2020-04-18 16:51:47.000719
380,0.0010704489195156,0.0153238810652106,0.189453125,1,0.016039146391192,0.4952611838695794,0.0,0.0,0.0,0.0,0.0,1.0,0.0,0.014171965,0.193608,1.0,2020-04-18 16:53:39.000806
381,0.0024754131263798,0.0164689988243863,0.1679687499999999,1,0.000475737392959,0.4930345112299841,0.0,0.0,0.0,0.0,0.0,1.0,0.0,0.01448605,0.19194567,1.0,2020-04-18 17:01:21.000558
382,0.0068910149193818,0.0253157332928081,0.146484375,1,0.0056408862308005,0.0946621342679209,0.0,0.0,0.0,0.0,0.0,1.0,0.0,0.014348443999999997,0.19253755,1.0,2020-04-18 17:08:00.000322
383,0.0058874690573359,0.0148568516824608,0.1582031249999999,1,0.0007475873317928,0.0950442260226444,0.0,0.0,0.0,0.0,0.0,1.0,0.0,0.014193635,0.19334629,1.0,2020-04-18 17:12:35.000082
384,0.0034789589884257,0.0149835383075968,0.1699218749999999,1,0.0026505369036291,0.0949871318523984,0.0,0.0,0.0,0.0,0.0,1.0,0.0,0.014203867,0.19335721,1.0,2020-04-18 17:20:44.000765
385,0.0014718672643339,0.0166161875193673,0.1679687499999999,1,0.0,0.0958655037023373,0.0,0.0,0.0,0.0,0.0,1.0,0.0,0.014011182,0.19437581,1.0,2020-04-18 17:27:26.000612
386,0.0096340402756405,0.0149768302570945,0.185546875,1,0.0048253364142993,0.0967702267077744,0.0,0.0,0.0,0.0,0.0,1.0,0.0,0.014078051,0.19411765,1.0,2020-04-18 17:32:25.000963
387,0.0008028366896367,0.0163283124243679,0.1777343749999999,1,0.0009514747859181,0.4919101952620623,0.0,0.0,0.0,0.0,0.0,1.0,0.0,0.014064567,0.19414103,1.0,2020-04-18 17:37:40.000204
388,0.0010035458620458,0.0161981489505208,0.1796874999999999,1,0.0055729237460921,0.4924372183720256,0.0,0.0,0.0,0.0,0.0,1.0,0.0,0.014021367,0.19438529,1.0,2020-04-18 17:46:33.000522
389,0.0011373519769853,0.016401261161364,0.18359375,1,0.0019029495718363,0.4920112080248053,0.0,0.0,0.0,0.0,0.0,1.0,0.0,0.014113026,0.19389343,1.0,2020-04-18 17:51:28.000809
390,0.0092995249882919,0.0152182633874269,0.173828125,1,0.0054369987766752,0.4922176254095409,0.0,0.0,0.0,0.0,0.0,1.0,0.0,0.01396808,0.19465429,1.0,2020-04-18 17:56:42.000819
391,0.0003345152873486,0.0156628990090945,0.189453125,1,0.0012233247247519,0.0950046992893971,0.0,0.0,0.0,0.0,0.0,1.0,0.0,0.013999494,0.1945243,1.0,2020-04-18 17:59:29.000872
392,0.0035458620458954,0.0151567319833358,0.18359375,1,0.0067282859861356,0.0947411877344154,0.0,0.0,0.0,0.0,0.0,1.0,0.0,0.014280185,0.19298829,1.0,2020-04-18 18:11:47.000698
393,0.0014718672643339,0.0152485010535722,0.1582031249999999,1,0.0043495990213402,0.0955273305401108,0.0,0.0,0.0,0.0,0.0,1.0,0.0,0.014011012,0.19434188,1.0,2020-04-18 18:14:02.000676
394,0.0088312035860038,0.0163746851040062,0.1875,1,0.0019029495718363,0.0951540225038868,0.0,0.0,0.0,0.0,0.0,1.0,0.0,0.014171954,0.19360818,1.0,2020-04-18 18:21:34.000227
395,0.0006690305746972,0.0148768435625494,0.1679687499999999,1,0.0059806986543428,0.0946401749716725,0.0,0.0,0.0,0.0,0.0,1.0,0.0,0.014133217,0.19369987,1.0,2020-04-18 18:25:39.000728
396,0.0006021275172275,0.0148737194376206,0.173828125,1,0.0060486611390512,0.0943371366834435,0.0,0.0,0.0,0.0,0.0,1.0,0.0,0.0141943265,0.19341284,1.0,2020-04-18 18:33:01.000990
397,0.0051515354251689,0.0162880473249834,0.1679687499999999,1,0.0135924969416881,0.0950837527558916,0.0,0.0,0.0,0.0,0.0,1.0,0.0,0.014013177,0.19437304,1.0,2020-04-18 18:39:36.000069
398,0.0001338061149394,0.0150112145272279,0.185546875,1,0.0023786869647954,0.0948861190896554,0.0,0.0,0.0,0.0,0.0,1.0,0.0,0.014050653,0.19423711,1.0,2020-04-18 18:50:52.000665
399,0.0001338061149394,0.0160862578283238,0.1796874999999999,1,0.0018349870871279,0.4918882359658138,0.0,0.0,0.0,0.0,0.0,1.0,0.0,0.01409615,0.19396004,1.0,2020-04-18 18:52:41.000748
400,0.0037465712183046,0.0149978656117056,0.17578125,1,6.796248470844094e-05,0.0945918645199258,0.0,0.0,0.0,0.0,0.0,1.0,0.0,0.014378954,0.1924262,1.0,2020-04-18 18:57:04.000185
401,0.0068910149193818,0.0156754668933846,0.150390625,1,0.0054369987766752,0.4955730058763077,0.0,0.0,0.0,0.0,0.0,1.0,0.0,0.014088709,0.19390546,1.0,2020-04-18 19:05:39.000930
402,0.0011373519769853,0.016363026323274,0.181640625,1,0.0029903493271714,0.4916818185810782,0.0,0.0,0.0,0.0,0.0,1.0,0.0,0.014117848,0.19386321,1.0,2020-04-18 19:07:02.000447
403,0.0001338061149394,0.0155788226765859,0.173828125,1,0.002786461873046,0.4930476868077332,0.0,0.0,0.0,0.0,0.0,1.0,0.0,0.014191888,0.19342309,1.0,2020-04-18 19:13:29.000391
404,0.0008028366896367,0.0157537316816709,0.1679687499999999,1,0.001087399755335,0.4923054625945348,0.0,0.0,0.0,0.0,0.0,1.0,0.0,0.014200134,0.19335301,1.0,2020-04-18 19:21:04.000947
405,0.0083628821837157,0.0154959094927403,0.1679687499999999,1,0.0005436998776675,0.0947236202974167,0.0,0.0,0.0,0.0,0.0,1.0,0.0,0.014181538,0.19346796,1.0,2020-04-18 19:30:15.000830
406,0.0062219843446845,0.0151602529225196,0.1699218749999999,1,0.0048253364142993,0.0953560480293727,0.0,0.0,0.0,0.0,0.0,1.0,0.0,0.014135754,0.19371673,1.0,2020-04-18 19:33:53.000231
407,0.0045494079079413,0.0152593032194046,0.173828125,1,0.0016310996330025,0.0946357831124228,0.0,0.0,0.0,0.0,0.0,1.0,0.0,0.014154667,0.1936394,1.0,2020-04-18 19:37:07.000136
408,0.0008028366896367,0.0161843465329928,0.171875,1,0.0033301617507136,0.0956590863176017,0.0,0.0,0.0,0.0,0.0,1.0,0.0,0.014275709,0.19295865,1.0,2020-04-18 19:43:50.000084
409,0.0016056733792734,0.0150027554550921,0.1601562499999999,1,0.002786461873046,0.09482024120091,0.0,0.0,0.0,0.0,0.0,1.0,0.0,0.014113428,0.19379863,1.0,2020-04-18 19:50:15.000323
410,0.0102361677928681,0.016648207700341002,0.1777343749999999,1,0.0,0.0945303784904301,0.0,0.0,0.0,0.0,0.0,1.0,0.0,0.014258822,0.19312218,1.0,2020-04-18 19:57:06.000017
411,0.0032782498160165,0.016405575729058,0.162109375,1,0.0030583118118798,0.0949432132599014,0.0,0.0,0.0,0.0,0.0,1.0,0.0,0.014126468,0.19373438,1.0,2020-04-18 20:03:25.000283
412,0.0079614638388974,0.0152975128629387,0.17578125,1,0.0013592496941688,0.095079360896642,0.0,0.0,0.0,0.0,0.0,1.0,0.0,0.014168613,0.19356792,1.0,2020-04-18 20:11:59.000157
413,0.0,0.0150694790372403,0.1699218749999999,1,0.0096506728285986,0.095079360896642,0.0,0.0,0.0,0.0,0.0,1.0,0.0,0.014220646000000003,0.19325233,1.0,2020-04-18 20:14:01.000766
414,0.0021408978390312,0.0161945209344745,0.166015625,1,0.0100584477368492,0.1088785826591829,0.0,0.0,0.0,0.0,0.0,1.0,0.0,0.014306892,0.19276881,1.0,2020-04-18 20:24:54.000391
415,0.0042148926205927,0.0150239419770385,0.1582031249999999,1,0.0008835123012097,0.0961070559610705,0.0,0.0,0.0,0.0,0.0,1.0,0.0,0.013992213,0.1944507,1.0,2020-04-18 20:30:39.000922
416,0.0067572088044423,0.0164815793059543,0.189453125,1,0.0021068370259616,0.1219575395047739,0.0,0.0,0.0,0.0,0.0,1.0,0.0,0.014149275,0.19373944,1.0,2020-04-18 20:36:46.000757
417,0.0016725764367431,0.0152852263178559,0.1699218749999999,1,0.0004077749082506,0.0962212443015626,0.0,0.0,0.0,0.0,0.0,1.0,0.0,0.013975531,0.19459133,1.0,2020-04-18 20:38:03.000248
418,0.0024085100689101,0.0168197931235965,0.189453125,1,0.0019029495718363,0.0949036865266542,0.0,0.0,0.0,0.0,0.0,1.0,0.0,0.014198323999999997,0.19348827,1.0,2020-04-18 20:44:23.000242
419,0.0040141834481835,0.0171118967048907,0.166015625,1,0.0049612613837161,0.0946445668309222,0.0,0.0,0.0,0.0,0.0,1.0,0.0,0.014669869,0.19102766,1.0,2020-04-18 20:49:45.000997
420,0.0140496420686425,0.0308760143089372,0.1328125,1,0.0068642109555525,0.0951803736593849,0.0,0.0,0.0,0.0,0.0,1.0,0.0,0.014064772,0.19407302,1.0,2020-04-18 20:57:47.000170
421,0.0107044891951562,0.0150892420667797,0.1875,1,0.0039418241130895,0.0943942308536896,0.0,0.0,0.0,0.0,0.0,1.0,0.0,0.014159465,0.19369157,1.0,2020-04-18 21:04:37.000190
422,0.0030775406436074,0.0164714699904086,0.1699218749999999,1,0.0029903493271714,0.0944864598979332,0.0,0.0,0.0,0.0,0.0,1.0,0.0,0.014133664,0.19372538,1.0,2020-04-18 21:07:38.000383
423,0.0001338061149394,0.0149720285946535,0.173828125,1,0.0052331113225499,0.0959884757613288,0.0,0.0,0.0,0.0,0.0,1.0,0.0,0.014187351,0.19343364,1.0,2020-04-18 21:16:10.000029
424,0.0052184384826386,0.0150092241573136,0.1679687499999999,1,0.0031262742965882,0.0952330759703813,0.0,0.0,0.0,0.0,0.0,1.0,0.0,0.014206928999999997,0.19333479,1.0,2020-04-18 21:20:01.000623
425,0.0010704489195156,0.0164306884026286,0.1679687499999999,1,0.009718635313307,0.0952330759703813,0.0,0.0,0.0,0.0,0.0,1.0,0.0,0.014077209,0.19402638,1.0,2020-04-18 21:21:38.000785
426,0.0104368769652773,0.0157716849022797,0.1796874999999999,1,0.0042816365366317,0.0947543633121645,0.0,0.0,0.0,0.0,0.0,1.0,0.0,0.014127312,0.19382867,1.0,2020-04-18 21:26:08.000909
427,0.0059543721148056,0.0159063162107023,0.173828125,1,0.0048253364142993,0.0949959155708978,0.0,0.0,0.0,0.0,0.0,1.0,0.0,0.013963472,0.19466716,1.0,2020-04-18 21:33:25.000794
428,0.000468321402288,0.0150342234553828,0.189453125,1,0.002786461873046,0.0947060528604179,0.0,0.0,0.0,0.0,0.0,1.0,0.0,0.01422601,0.19329357,1.0,2020-04-18 21:37:05.000616
429,0.0050177293102294,0.0149930429538015,0.162109375,1,0.0026505369036291,0.0946840935641694,0.0,0.0,0.0,0.0,0.0,1.0,0.0,0.014278261,0.19292176,1.0,2020-04-18 21:40:41.000159
430,0.0034789589884257,0.0163000525308589,0.162109375,1,0.0,0.0948465923564081,0.0,0.0,0.0,0.0,0.0,1.0,0.0,0.014009139,0.19438633,1.0,2020-04-18 21:43:50.000524
431,0.0018063825516826,0.0167008580234854,0.1875,1,0.0,0.0948553760749075,0.0,0.0,0.0,0.0,0.0,1.0,0.0,0.014193881,0.19348463,1.0,2020-04-18 21:48:32.000544
432,0.0008028366896367,0.0157862914460495,0.166015625,1,0.003398124235422,0.1085667606524546,0.0,0.0,0.0,0.0,0.0,1.0,0.0,0.014166756,0.19353798,1.0,2020-04-18 21:55:00.000897
433,0.001940188666622,0.0165186761899372,0.171875,1,0.0025825744189207,0.0950003074301474,0.0,0.0,0.0,0.0,0.0,1.0,0.0,0.014026018,0.19431251,1.0,2020-04-18 21:59:41.000230
434,0.0039472803907138,0.0149290256868637,0.18359375,1,0.0063205110778850005,0.0948465923564081,0.0,0.0,0.0,0.0,0.0,1.0,0.0,0.013926515,0.19489664,1.0,2020-04-18 22:06:40.000926
435,0.0057536629423964,0.0150212125668185,0.19140625,1,0.0048932988990077,0.0952023329556334,0.0,0.0,0.0,0.0,0.0,1.0,0.0,0.01422596,0.19331649,1.0,2020-04-18 22:11:11.000876
436,0.0003345152873486,0.0149915123845319,0.162109375,1,0.0035340492048389,0.09482024120091,0.0,0.0,0.0,0.0,0.0,1.0,0.0,0.014168898,0.19349553,1.0,2020-04-18 22:15:27.000983
437,0.0090988158158827,0.0159847426640555,0.171875,1,0.0031942367812967,0.0946665261271706,0.0,0.0,0.0,0.0,0.0,1.0,0.0,0.014156397,0.19362837,1.0,2020-04-18 22:24:31.000825
438,0.0086304944135947,0.0153222413195322,0.171875,1,0.0042816365366317,0.0944645006016847,0.0,0.0,0.0,0.0,0.0,1.0,0.0,0.014070932,0.1940809,1.0,2020-04-18 22:28:22.000900
439,0.0030106375861376,0.0150657838357116,0.1796874999999999,1,0.0098545602827239,0.0949168621044032,0.0,0.0,0.0,0.0,0.0,1.0,0.0,0.014222704,0.19327873,1.0,2020-04-18 22:34:51.000422
440,0.0037465712183046,0.0151726549426502,0.1640625,1,0.0023107244800869,0.0947587551714142,0.0,0.0,0.0,0.0,0.0,1.0,0.0,0.014247568,0.19307938,1.0,2020-04-18 22:37:17.000189
441,0.0071586271492607,0.0151680674339342,0.1640625,1,0.0014272121788772,0.0947104447196676,0.0,0.0,0.0,0.0,0.0,1.0,0.0,0.014214652,0.19328353,1.0,2020-04-18 22:42:51.000484
442,0.0046832140228808,0.0165030870584882,0.1679687499999999,1,0.0006116623623759,0.095092536474391,0.0,0.0,0.0,0.0,0.0,1.0,0.0,0.014178844,0.19347617,1.0,2020-04-18 22:51:07.000837
443,0.0023416070114404,0.0148730937728163,0.1699218749999999,1,0.0020388745412532,0.0944645006016847,0.0,0.0,0.0,0.0,0.0,1.0,0.0,0.014096554,0.19392775,1.0,2020-04-18 22:55:08.000553
444,0.0035458620458954,0.0161978487153966,0.1777343749999999,1,0.0019029495718363,0.0948290249194093,0.0,0.0,0.0,0.0,0.0,1.0,0.0,0.01410809,0.19391367,1.0,2020-04-18 22:59:45.000269
445,0.0044825048504716,0.0163099350954018,0.17578125,1,0.0014272121788772,0.0943854471351902,0.0,0.0,0.0,0.0,0.0,1.0,0.0,0.0140445195,0.19424042,1.0,2020-04-18 23:03:44.000214
446,6.690305746972637e-05,0.0153713098166494,0.181640625,1,0.0015631371482941,0.0952726027036285,0.0,0.0,0.0,0.0,0.0,1.0,0.0,0.0141332615,0.19376066,1.0,2020-04-18 23:08:26.000115
447,0.0100354586204589,0.0148583423603502,0.171875,1,0.0027184993883376,0.0945874726606761,0.0,0.0,0.0,0.0,0.0,1.0,0.0,0.014070353999999998,0.19408223,1.0,2020-04-18 23:19:14.000471
448,0.0016725764367431,0.0148870011676605,0.1796874999999999,1,0.0036699741742558,0.0948992946674045,0.0,0.0,0.0,0.0,0.0,1.0,0.0,0.014178986,0.19350746,1.0,2020-04-18 23:23:25.000866
449,0.0025423161838496,0.0149799102915504,0.1679687499999999,1,0.0019709120565447,0.0948509842156578,0.0,0.0,0.0,0.0,0.0,1.0,0.0,0.014283394,0.19290009,1.0,2020-04-18 23:26:35.000178
450,0.0018063825516826,0.0153155353685762,0.1601562499999999,1,0.0061845861084681,0.0949871318523984,0.0,0.0,0.0,0.0,0.0,1.0,0.0,0.0139815435,0.19449656,1.0,2020-04-18 23:32:23.000634
451,0.0005352244597578,0.0152271108756325,0.189453125,1,0.0185537583254043,0.0946577424086713,0.0,0.0,0.0,0.0,0.0,1.0,0.0,0.013875365,0.19519152,1.0,2020-04-18 23:39:25.000732
452,0.0006021275172275,0.0150029696088171,0.1953125,1,0.0105341851298083,0.0943371366834435,0.0,0.0,0.0,0.0,0.0,1.0,0.0,0.014143754,0.19378692,1.0,2020-04-18 23:43:42.000393
453,0.0008697397471064,0.0168541500996277,0.1699218749999999,1,0.0053690362919668,0.0951408469261377,0.0,0.0,0.0,0.0,0.0,1.0,0.0,0.014100278,0.19392455,1.0,2020-04-18 23:48:42.000103
454,0.0014718672643339,0.0167002050645789,0.1777343749999999,1,0.0006796248470844,0.0942712587946981,0.0,0.0,0.0,0.0,0.0,1.0,0.0,0.014143473,0.1937074,1.0,2020-04-18 23:53:22.000663
455,0.0062888874021542,0.0152714931853565,0.171875,1,0.0148837841511485,0.0958303688283398,0.0,0.0,0.0,0.0,0.0,0.0,1.0,0.013149055,0.20174018,1.0,2020-04-19 00:01:33.000540
456,0.0003345152873486,0.0150006811033249,0.173828125,1,0.0048932988990077,0.0946313912531731,0.0,0.0,0.0,0.0,0.0,0.0,1.0,0.013185011000000002,0.20153746,1.0,2020-04-19 00:04:46.000686
457,0.0008697397471064,0.0148871124436157,0.1699218749999999,1,0.0031262742965882,0.0950222667263959,0.0,0.0,0.0,0.0,0.0,0.0,1.0,0.013276806,0.20104203,1.0,2020-04-19 00:07:19.000185
458,0.006088178229745,0.0149711236901883,0.162109375,1,0.0096506728285986,0.0946489586901719,0.0,0.0,0.0,0.0,0.0,0.0,1.0,0.0131426025,0.20174755,1.0,2020-04-19 00:17:22.000363
459,0.011239713654914,0.0154780402539843,0.17578125,1,0.0125730596710615,0.0946797017049197,0.0,0.0,0.0,0.0,0.0,0.0,1.0,0.013146458,0.20177901,1.0,2020-04-19 00:23:14.000106
460,0.0,0.0149019310415641,0.173828125,1,0.0241946445562049,0.0946797017049197,0.0,0.0,0.0,0.0,0.0,0.0,1.0,0.013239535,0.20127499,1.0,2020-04-19 00:26:06.000083
461,0.0028768314711982,0.0169305714862423,0.166015625,1,0.0014272121788772,0.095035442304145,0.0,0.0,0.0,0.0,0.0,0.0,1.0,0.013198705,0.20145893,1.0,2020-04-19 00:29:54.000854
462,0.0110390044825048,0.0149033566335175,0.1699218749999999,1,0.0060486611390512,0.0950617934596432,0.0,0.0,0.0,0.0,0.0,0.0,1.0,0.013226766,0.20135322,1.0,2020-04-19 00:36:52.000706
463,0.013447514551415,0.0164699667152412,0.1679687499999999,1,0.0116895473698518,0.0950486178818941,0.0,0.0,0.0,0.0,0.0,0.0,1.0,0.013095295,0.20203802,1.0,2020-04-19 00:45:47.000220
464,0.001204255034455,0.014996074698691996,0.1796874999999999,1,0.0063884735625934,0.4935615343399475,0.0,0.0,0.0,0.0,0.0,0.0,1.0,0.013371983999999998,0.2005718,1.0,2020-04-19 00:52:03.000763
465,0.0001338061149394,0.0149889824312126,0.15234375,1,0.0004077749082506,0.0949519969784008,0.0,0.0,0.0,0.0,0.0,0.0,1.0,0.013277829,0.2009784,1.0,2020-04-19 00:57:43.000351
466,0.0127784839767177,0.0148732134469567,0.1640625,1,0.0021068370259616,0.492547014853268,0.0,0.0,0.0,0.0,0.0,0.0,1.0,0.013149807,0.20174634,1.0,2020-04-19 01:02:13.000090
467,0.0014049642068642,0.0165068179523043,0.17578125,1,0.0006116623623759,0.4921824905355433,0.0,0.0,0.0,0.0,0.0,0.0,1.0,0.0131716095,0.20164534,1.0,2020-04-19 01:07:23.000260
468,0.0071586271492607,0.0163285727681119,0.171875,1,0.0053010738072583,0.4919101952620623,0.0,0.0,0.0,0.0,0.0,0.0,1.0,0.013193652,0.20151353,1.0,2020-04-19 01:13:38.000738
469,0.0036796681608349,0.0150393421493185,0.1699218749999999,1,0.0032621992660051,0.4931662670074749,0.0,0.0,0.0,0.0,0.0,0.0,1.0,0.013200583,0.2014714,1.0,2020-04-19 01:16:33.000634
470,0.001204255034455,0.0163539499845193,0.1699218749999999,1,0.0015631371482941,0.4930608623854823,0.0,0.0,0.0,0.0,0.0,0.0,1.0,0.013150256,0.20172176,1.0,2020-04-19 01:19:58.000792
471,0.0067572088044423,0.0150828468486795,0.173828125,1,0.0014951746635857,0.4920331673210537,0.0,0.0,0.0,0.0,0.0,0.0,1.0,0.013845878,0.19862834,1.0,2020-04-19 01:28:43.000931
472,0.0022078008965009,0.0568022641793086,0.1328125,1,0.0078836482261791,0.4917828313438211,0.0,0.0,0.0,0.0,0.0,0.0,1.0,0.013359148,0.20076889,1.0,2020-04-19 01:34:57.000868
473,0.0020739947815615,0.016825846115646,0.1640625,1,0.0007475873317928,0.4915588465220866,0.0,0.0,0.0,0.0,0.0,0.0,1.0,0.013093898,0.2020047,1.0,2020-04-19 01:40:26.000143
474,0.0003345152873486,0.0149591415793223,0.1796874999999999,1,0.0038738616283811,0.4940226795611655,0.0,0.0,0.0,0.0,0.0,0.0,1.0,0.013285225,0.20102748,1.0,2020-04-19 01:43:46.000586
475,0.0032113467585468,0.0149989615748863,0.1601562499999999,1,0.0019029495718363,0.0952813864221279,0.0,0.0,0.0,0.0,0.0,0.0,1.0,0.013149764,0.20171034,1.0,2020-04-19 01:47:56.000488
476,0.0022078008965009,0.0165481685171378,0.17578125,1,0.0106021476145167,0.0948905109489051,0.0,0.0,0.0,0.0,0.0,0.0,1.0,0.0128463395,0.20335007,1.0,2020-04-19 01:56:02.000835
477,0.0010704489195156,0.0149145388172343,0.201171875,1,0.0041457115672148,0.0951013201928904,0.0,0.0,0.0,0.0,0.0,0.0,1.0,0.013729233,0.19909304,1.0,2020-04-19 02:02:20.000574
478,0.0006021275172275,0.0405872831659154,0.130859375,1,0.0006116623623759,0.0945567296459283,0.0,0.0,0.0,0.0,0.0,0.0,1.0,0.013038561,0.20234552,1.0,2020-04-19 02:04:29.000226
479,0.0017394794942128,0.0161724924944525,0.19140625,1,0.0017670246024194,0.0947719307491633,0.0,0.0,0.0,0.0,0.0,0.0,1.0,0.013129465,0.20191434,1.0,2020-04-19 02:13:27.000345
480,0.0042817956780624,0.0162264046449371,0.173828125,1,0.0006116623623759,0.0951320632076383,0.0,0.0,0.0,0.0,0.0,0.0,1.0,0.01324095,0.20128135,1.0,2020-04-19 02:18:43.000252
481,0.0,0.0165305365271164,0.166015625,1,0.0007475873317928,0.0945874726606761,0.0,0.0,0.0,0.0,0.0,0.0,1.0,0.013132755,0.20179841,1.0,2020-04-19 02:26:23.000063
482,0.0002007091724091,0.0149744493715641,0.17578125,1,0.0060486611390512,0.0948378086379087,0.0,0.0,0.0,0.0,0.0,0.0,1.0,0.013160804,0.20167065,1.0,2020-04-19 02:31:27.000395
483,0.0036796681608349,0.0148588441519214,0.171875,1,0.0015631371482941,0.0946357831124228,0.0,0.0,0.0,0.0,0.0,0.0,1.0,0.0126008,0.20463514,1.0,2020-04-19 02:34:54.000150
484,0.0006021275172275,0.0150506041157956,0.224609375,1,0.0014951746635857,0.095035442304145,0.0,0.0,0.0,0.0,0.0,0.0,1.0,0.012980754,0.2027927,1.0,2020-04-19 02:38:44.000385
485,0.0042148926205927,0.0161519652300516,0.18359375,1,0.0,0.0947851063269124,0.0,0.0,0.0,0.0,0.0,0.0,1.0,0.013221249,0.20139991,1.0,2020-04-19 02:44:55.000971
486,0.0010704489195156,0.0153753493437751,0.166015625,1,0.0021068370259616,0.0949871318523984,0.0,0.0,0.0,0.0,0.0,0.0,1.0,0.013139365,0.20177576,1.0,2020-04-19 02:52:00.000539
487,0.0008697397471064,0.0162087432612672,0.17578125,1,0.0095827103438901,0.0943854471351902,0.0,0.0,0.0,0.0,0.0,0.0,1.0,0.013213072,0.20142132,1.0,2020-04-19 02:56:18.000899
488,0.0026092192413193,0.0162018294552252,0.1679687499999999,1,0.0004077749082506,0.0958084095320913,0.0,0.0,0.0,0.0,0.0,0.0,1.0,0.013153991,0.2017,1.0,2020-04-19 03:03:28.000061
489,0.0011373519769853,0.0151784244959461,0.173828125,1,0.0013592496941688,0.5023540365578364,0.0,0.0,0.0,0.0,0.0,0.0,1.0,0.013193337,0.20151412,1.0,2020-04-19 03:06:58.000948
490,0.0011373519769853,0.0162089910077333,0.1699218749999999,1,0.0084953105885551,0.5021124842991033,0.0,0.0,0.0,0.0,0.0,0.0,1.0,0.013238928999999998,0.20125917,1.0,2020-04-19 03:14:51.000224
491,0.0007359336321669,0.0156043573589674,0.166015625,1,0.0044175615060486,0.5019455936476148,0.0,0.0,0.0,0.0,0.0,0.0,1.0,0.013326593,0.20077229,1.0,2020-04-19 03:21:37.000570
492,0.0060212751722753,0.0150861557336847,0.1582031249999999,1,0.0008835123012097,0.4988844677505776,0.0,0.0,0.0,0.0,0.0,0.0,1.0,0.013174806,0.20157829,1.0,2020-04-19 03:25:59.000303
493,0.0031444437010771,0.0164362710963018,0.173828125,1,0.0063884735625934,0.501137491545671,0.0,0.0,0.0,0.0,0.0,0.0,1.0,0.012954127,0.20277455,1.0,2020-04-19 03:30:04.000308
494,0.0068910149193818,0.0148859870867865,0.19140625,1,0.0109419600380589,0.5015020158633956,0.0,0.0,0.0,0.0,0.0,0.0,1.0,0.01293394,0.20293835,1.0,2020-04-19 03:33:26.000876
495,0.0021408978390312,0.0149918693074068,0.19140625,1,0.0008835123012097,0.5020817412843553,0.0,0.0,0.0,0.0,0.0,0.0,1.0,0.012979854,0.20269836,1.0,2020-04-19 03:40:31.000277
496,0.0034789589884257,0.0161121704290435,0.1875,1,0.0016310996330025,0.5023847795725843,0.0,0.0,0.0,0.0,0.0,0.0,1.0,0.013048457,0.20233008,1.0,2020-04-19 03:47:26.000440
497,0.0058874690573359,0.0158625385703193,0.181640625,1,0.0029903493271714,0.5027405201718096,0.0,0.0,0.0,0.0,0.0,0.0,1.0,0.013052745,0.20228443,1.0,2020-04-19 03:54:21.000359
498,0.0049508262527597,0.0151518358413103,0.181640625,1,0.0030583118118798,0.5024462656020799,0.0,0.0,0.0,0.0,0.0,0.0,1.0,0.013135485,0.2018379,1.0,2020-04-19 03:59:53.000391
499,0.0005352244597578,0.0149818838650942,0.173828125,1,0.0013592496941688,0.5035003118220068,0.0,0.0,0.0,0.0,0.0,0.0,1.0,0.013214627,0.20139977,1.0,2020-04-19 04:02:21.000593
500,0.0009366428045761,0.0162749482554736,0.1679687499999999,1,6.796248470844094e-05,0.5033685560445159,0.0,0.0,0.0,0.0,0.0,0.0,1.0,0.0131949615,0.20147716,1.0,2020-04-19 04:09:56.000744
501,0.0056867598849267,0.0150035007940368,0.1699218749999999,1,0.0004077749082506,0.5026395074090666,0.0,0.0,0.0,0.0,0.0,0.0,1.0,0.012981521,0.20261881,1.0,2020-04-19 04:13:55.000781
502,0.0010704489195156,0.0151467465410231,0.189453125,1,0.0080875356803044,0.501339517071157,0.0,0.0,0.0,0.0,0.0,0.0,1.0,0.01314714,0.20179635,1.0,2020-04-19 04:21:25.000295
503,0.0028768314711982,0.0154232441944977,0.171875,1,0.0087671605273888,0.5015020158633956,0.0,0.0,0.0,0.0,0.0,0.0,1.0,0.013220217,0.20137581,1.0,2020-04-19 04:28:19.000431
504,0.0078276577239579,0.0164891250754395,0.1679687499999999,1,0.0031942367812967,0.5029249782602968,0.0,0.0,0.0,0.0,0.0,0.0,1.0,0.013337309,0.20076525,1.0,2020-04-19 04:33:22.000139
505,0.0078945607814277,0.0165353108954551,0.1582031249999999,1,0.0084953105885551,0.0941702460319551,0.0,0.0,0.0,0.0,0.0,0.0,1.0,0.012839256,0.20337167,1.0,2020-04-19 04:38:03.000302
506,0.0099016525055195,0.0167967611004321,0.205078125,1,0.0056408862308005,0.0945479459274289,0.0,0.0,0.0,0.0,0.0,0.0,1.0,0.012775155,0.20383969,1.0,2020-04-19 04:41:52.000859
507,0.0018063825516826,0.0148840764996325,0.205078125,1,0.0005436998776675,0.0946709179864203,0.0,0.0,0.0,0.0,0.0,0.0,1.0,0.013104312,0.20206726,1.0,2020-04-19 04:48:55.000811
508,0.001940188666622,0.0150983163059881,0.173828125,1,0.0035340492048389,0.0955976002881059,0.0,0.0,0.0,0.0,0.0,0.0,1.0,0.013037693,0.2023234,1.0,2020-04-19 04:52:41.000728
509,0.0088312035860038,0.0150517777621902,0.18359375,1,0.0026505369036291,0.0950969283336407,0.0,0.0,0.0,0.0,0.0,0.0,1.0,0.013199156,0.20151728,1.0,2020-04-19 04:57:42.000584
510,0.000468321402288,0.0149945546271541,0.1679687499999999,1,0.0097865977980154,0.0950486178818941,0.0,0.0,0.0,0.0,0.0,0.0,1.0,0.013157273,0.20168287,1.0,2020-04-19 05:02:45.000251
511,0.0098347494480497,0.0161638318658697,0.173828125,1,0.0014951746635857,0.0947060528604179,0.0,0.0,0.0,0.0,0.0,0.0,1.0,0.013131823,0.20186043,1.0,2020-04-19 05:10:38.000865
512,0.0030106375861376,0.0156394554748507,0.17578125,1,0.0024466494495038,0.1032262598048258,0.0,0.0,0.0,0.0,0.0,0.0,1.0,0.013259914,0.20118356,1.0,2020-04-19 05:14:46.000926
513,0.0072255302067304,0.0167663071810155,0.1640625,1,0.005708848715508999,0.0948817272304057,0.0,0.0,0.0,0.0,0.0,0.0,1.0,0.013161244,0.2016626,1.0,2020-04-19 05:21:09.000188
514,0.0183983408041747,0.0150063519779436,0.173828125,1,0.0084273481038466,0.4932101855999719,0.0,0.0,0.0,0.0,0.0,0.0,1.0,0.01317529,0.20163953,1.0,2020-04-19 05:30:13.000583
515,0.0,0.0151390852964901,0.171875,1,0.0163109963300258,0.4932189693184713,0.0,0.0,0.0,0.0,0.0,0.0,1.0,0.013024041,0.2023988,1.0,2020-04-19 05:36:27.000500
516,0.0016056733792734,0.01611781400956,0.185546875,1,6.796248470844094e-05,0.4922571521427882,0.0,0.0,0.0,0.0,0.0,0.0,1.0,0.01308874,0.20209801,1.0,2020-04-19 05:38:23.000987
517,0.003412055930956,0.015265660645671003,0.1777343749999999,1,0.0053690362919668,0.4938118703171801,0.0,0.0,0.0,0.0,0.0,0.0,1.0,0.013213325,0.20143247,1.0,2020-04-19 05:42:55.000761
518,0.0076938516090185,0.0166040458429808,0.1679687499999999,1,0.003398124235422,0.4926128927420135,0.0,0.0,0.0,0.0,0.0,0.0,1.0,0.013181614,0.20157647,1.0,2020-04-19 05:49:25.000103
